gender,SeniorCitizen,Partner,Dependents,tenure,PhoneService,MultipleLines,InternetService,OnlineSecurity,OnlineBackup,DeviceProtection,StreamingTV,StreamingMovies,Contract,PaperlessBilling,PaymentMethod,MonthlyCharges,TotalCharges,Churn,Support_Tickets,App_Logins,Data_Usage_GB,Gouvernorat
Female,0,Yes,No,1,No,No phone service,DSL,No,Yes,No,No,No,Month-to-month,Yes,Electronic check,29.85,29.85,No,3,19,69.85,Nabeul
Male,0,No,No,34,Yes,No,DSL,Yes,No,Yes,No,No,One year,No,Mailed check,56.95,1889.5,No,3,28,76.36,Sfax
Male,0,No,No,2,Yes,No,DSL,Yes,Yes,No,No,No,Month-to-month,Yes,Mailed check,53.85,108.15,Yes,4,1,30.05,Tunis
Male,0,No,No,45,No,No phone service,DSL,Yes,No,Yes,No,No,One year,No,Bank transfer (automatic),42.3,1840.75,No,4,22,16.49,Gabès
Female,0,No,No,2,Yes,No,Fiber optic,No,No,No,No,No,Month-to-month,Yes,Electronic check,70.7,151.65,Yes,7,3,32.17,Sfax
Female,0,No,No,8,Yes,Yes,Fiber optic,No,No,Yes,Yes,Yes,Month-to-month,Yes,Electronic check,99.65,820.5,Yes,4,3,33.25,Monastir
Male,0,No,Yes,22,Yes,Yes,Fiber optic,No,Yes,No,Yes,No,Month-to-month,Yes,Credit card (automatic),89.1,1949.4,No,2,7,102.97,Nabeul
Female,0,No,No,10,No,No phone service,DSL,Yes,No,No,No,No,Month-to-month,No,Mailed check,29.75,301.9,No,2,28,80.95,Médiénine
Female,0,Yes,No,28,Yes,Yes,Fiber optic,No,No,Yes,Yes,Yes,Month-to-month,Yes,Electronic check,104.8,3046.05,Yes,5,1,2.86,Ben Arous
Male,0,No,Yes,62,Yes,No,DSL,Yes,Yes,No,No,No,One year,No,Bank transfer (automatic),56.15,3487.95,No,1,16,40.93,Sfax
Male,0,Yes,Yes,13,Yes,No,DSL,Yes,No,No,No,No,Month-to-month,Yes,Mailed check,49.95,587.45,No,1,24,31.75,Tunis
Male,0,No,No,16,Yes,No,No,No internet service,No internet service,No internet service,No internet service,No internet service,Two year,No,Credit card (automatic),18.95,326.8,No,0,24,64.1,Gabès
Male,0,Yes,No,58,Yes,Yes,Fiber optic,No,No,Yes,Yes,Yes,One year,No,Credit card (automatic),100.35,5681.1,No,2,18,76.96,Kef
Male,0,No,No,49,Yes,Yes,Fiber optic,No,Yes,Yes,Yes,Yes,Month-to-month,Yes,Bank transfer (automatic),103.7,5036.3,Yes,9,2,6.19,Tunis
Male,0,No,No,25,Yes,No,Fiber optic,Yes,No,Yes,Yes,Yes,Month-to-month,Yes,Electronic check,105.5,2686.05,No,3,11,80.04,Sousse
Female,0,Yes,Yes,69,Yes,Yes,Fiber optic,Yes,Yes,Yes,Yes,Yes,Two year,No,Credit card (automatic),113.25,7895.15,No,1,13,109.11,Tunis
Female,0,No,No,52,Yes,No,No,No internet service,No internet service,No internet service,No internet service,No internet service,One year,No,Mailed check,20.65,1022.95,No,3,5,16.76,Bizerte
Male,0,No,Yes,71,Yes,Yes,Fiber optic,Yes,No,Yes,Yes,Yes,Two year,No,Bank transfer (automatic),106.7,7382.25,No,1,25,99.42,Sousse
Female,0,Yes,Yes,10,Yes,No,DSL,No,No,Yes,No,No,Month-to-month,No,Credit card (automatic),55.2,528.35,Yes,7,0,18.55,Bizerte
Female,0,No,No,21,Yes,No,Fiber optic,No,Yes,Yes,No,Yes,Month-to-month,Yes,Electronic check,90.05,1862.9,No,2,27,16.71,Nabeul
Male,1,No,No,1,No,No phone service,DSL,No,No,Yes,No,Yes,Month-to-month,Yes,Electronic check,39.65,39.65,Yes,9,1,39.89,Sfax
Male,0,Yes,No,12,Yes,No,No,No internet service,No internet service,No internet service,No internet service,No internet service,One year,No,Bank transfer (automatic),19.8,202.25,No,2,24,145.87,Sfax
Male,0,No,No,1,Yes,No,No,No internet service,No internet service,No internet service,No internet service,No internet service,Month-to-month,No,Mailed check,20.15,20.15,Yes,8,2,26.08,Médiénine
Female,0,Yes,No,58,Yes,Yes,DSL,No,Yes,No,No,No,Two year,Yes,Credit card (automatic),59.9,3505.1,No,4,30,52.64,Kef
Male,0,Yes,Yes,49,Yes,No,DSL,Yes,Yes,No,No,No,Month-to-month,No,Credit card (automatic),59.6,2970.3,No,0,14,129.79,Jendouba
Female,0,No,No,30,Yes,No,DSL,Yes,Yes,No,No,No,Month-to-month,Yes,Bank transfer (automatic),55.3,1530.6,No,0,27,82.26,Nabeul
Male,0,Yes,Yes,47,Yes,Yes,Fiber optic,No,Yes,No,Yes,Yes,Month-to-month,Yes,Electronic check,99.35,4749.15,Yes,9,2,8.41,Sousse
Male,0,Yes,Yes,1,No,No phone service,DSL,No,Yes,No,No,No,Month-to-month,No,Electronic check,30.2,30.2,Yes,5,3,9.06,Kairouan
Male,0,Yes,No,72,Yes,Yes,DSL,Yes,Yes,Yes,Yes,Yes,Two year,Yes,Credit card (automatic),90.25,6369.45,No,4,15,26.11,Sousse
Female,0,No,Yes,17,Yes,No,DSL,No,No,No,Yes,Yes,Month-to-month,Yes,Mailed check,64.7,1093.1,Yes,5,1,16.44,Tunis
Female,1,Yes,No,71,Yes,Yes,Fiber optic,Yes,Yes,Yes,No,No,Two year,Yes,Credit card (automatic),96.35,6766.95,No,1,17,59.65,Sousse
Male,1,Yes,No,2,Yes,No,Fiber optic,No,No,Yes,Yes,Yes,Month-to-month,Yes,Credit card (automatic),95.5,181.65,No,2,11,27.64,Tunis
Female,0,Yes,Yes,27,Yes,No,DSL,Yes,Yes,Yes,No,No,One year,No,Mailed check,66.15,1874.45,No,2,20,122.15,Monastir
Male,0,No,No,1,Yes,No,No,No internet service,No internet service,No internet service,No internet service,No internet service,Month-to-month,No,Bank transfer (automatic),20.2,20.2,No,1,26,108.9,Siliana
Male,1,No,No,1,Yes,No,DSL,No,No,No,No,No,Month-to-month,No,Bank transfer (automatic),45.25,45.25,No,3,23,105.87,Médiénine
Female,0,Yes,Yes,72,Yes,Yes,Fiber optic,Yes,Yes,No,Yes,No,Two year,No,Bank transfer (automatic),99.9,7251.7,No,3,16,57.54,Manouba
Male,0,No,No,5,Yes,No,Fiber optic,No,No,No,No,No,Month-to-month,Yes,Electronic check,69.7,316.9,Yes,8,0,7.82,Tunis
Female,0,No,No,46,Yes,No,Fiber optic,No,No,Yes,No,No,Month-to-month,Yes,Credit card (automatic),74.8,3548.3,No,1,20,12.49,Ben Arous
Male,0,No,No,34,Yes,Yes,Fiber optic,No,Yes,Yes,Yes,Yes,Month-to-month,Yes,Electronic check,106.35,3549.25,Yes,8,0,33.0,Tunis
Female,0,No,No,11,Yes,Yes,Fiber optic,No,No,Yes,Yes,Yes,Month-to-month,Yes,Bank transfer (automatic),97.85,1105.4,Yes,5,4,43.84,Sousse
Male,0,Yes,Yes,10,Yes,No,DSL,No,Yes,No,No,No,One year,No,Mailed check,49.55,475.7,No,4,11,148.82,Sfax
Female,0,Yes,Yes,70,Yes,Yes,DSL,Yes,Yes,No,Yes,No,Two year,Yes,Credit card (automatic),69.2,4872.35,No,4,27,70.81,Monastir
Female,0,Yes,Yes,17,Yes,No,No,No internet service,No internet service,No internet service,No internet service,No internet service,One year,No,Mailed check,20.75,418.25,No,0,8,60.34,Sousse
Female,0,No,No,63,Yes,Yes,DSL,Yes,Yes,Yes,Yes,No,Two year,Yes,Credit card (automatic),79.85,4861.45,No,3,11,22.56,Monastir
Female,0,Yes,No,13,Yes,Yes,DSL,Yes,Yes,No,Yes,No,Month-to-month,Yes,Electronic check,76.2,981.45,No,0,23,20.43,Kasserine
Female,0,No,No,49,Yes,Yes,Fiber optic,No,No,No,No,Yes,Month-to-month,Yes,Electronic check,84.5,3906.7,No,1,7,81.75,Tataouine
Male,0,No,No,2,Yes,No,DSL,No,Yes,No,No,No,Month-to-month,No,Mailed check,49.25,97.0,No,4,25,68.37,Gafsa
Female,0,No,No,2,Yes,No,Fiber optic,No,No,No,Yes,No,Month-to-month,Yes,Electronic check,80.65,144.15,Yes,5,2,11.51,Kairouan
Male,0,No,No,52,Yes,Yes,DSL,Yes,No,No,Yes,Yes,Two year,Yes,Credit card (automatic),79.75,4217.8,No,2,13,132.83,Sousse
Female,0,Yes,Yes,69,Yes,Yes,DSL,Yes,No,Yes,No,No,Two year,Yes,Credit card (automatic),64.15,4254.1,No,4,19,72.31,Sfax
Female,1,No,No,43,Yes,Yes,Fiber optic,No,Yes,No,Yes,No,Month-to-month,Yes,Electronic check,90.25,3838.75,No,1,14,98.34,Kasserine
Female,0,No,No,15,Yes,No,Fiber optic,Yes,Yes,No,Yes,Yes,Month-to-month,Yes,Credit card (automatic),99.1,1426.4,Yes,10,1,41.37,Mahdia
Female,1,Yes,No,25,Yes,Yes,DSL,Yes,No,No,Yes,No,Month-to-month,Yes,Credit card (automatic),69.5,1752.65,No,2,18,130.48,Nabeul
Female,1,Yes,No,8,Yes,Yes,Fiber optic,No,Yes,No,No,No,Month-to-month,Yes,Credit card (automatic),80.65,633.3,Yes,10,2,16.41,Tunis
Female,1,Yes,Yes,60,Yes,No,DSL,Yes,Yes,Yes,No,Yes,One year,Yes,Credit card (automatic),74.85,4456.35,No,2,8,50.14,Tozeur
Male,1,No,No,18,Yes,Yes,Fiber optic,No,No,No,Yes,Yes,Month-to-month,Yes,Electronic check,95.45,1752.55,Yes,5,5,29.5,Kasserine
Female,0,Yes,Yes,63,Yes,Yes,Fiber optic,Yes,No,No,Yes,Yes,One year,Yes,Credit card (automatic),99.65,6311.2,No,1,18,114.14,Sfax
Male,1,Yes,Yes,66,Yes,Yes,Fiber optic,No,Yes,Yes,Yes,Yes,One year,Yes,Electronic check,108.45,7076.35,No,2,19,124.25,Bizerte
Female,0,Yes,Yes,34,Yes,Yes,No,No internet service,No internet service,No internet service,No internet service,No internet service,Two year,No,Credit card (automatic),24.95,894.3,No,4,19,147.46,Tunis
Female,0,No,No,72,Yes,Yes,Fiber optic,No,No,Yes,Yes,Yes,Two year,Yes,Credit card (automatic),107.5,7853.7,No,2,29,50.02,Sfax
Female,0,Yes,No,47,Yes,Yes,Fiber optic,No,No,Yes,Yes,Yes,Month-to-month,Yes,Electronic check,100.5,4707.1,No,3,27,79.03,Sfax
Male,0,No,No,60,Yes,Yes,Fiber optic,No,Yes,No,Yes,No,Month-to-month,Yes,Bank transfer (automatic),89.9,5450.7,No,4,14,118.22,Bizerte
Male,0,Yes,No,72,No,No phone service,DSL,Yes,Yes,Yes,No,No,Two year,No,Bank transfer (automatic),42.1,2962.0,No,4,12,130.35,Manouba
Female,0,Yes,Yes,18,Yes,No,DSL,No,No,Yes,No,No,One year,Yes,Credit card (automatic),54.4,957.1,No,3,14,20.19,Sousse
Female,0,No,No,9,Yes,Yes,Fiber optic,No,No,No,Yes,Yes,Month-to-month,No,Electronic check,94.4,857.25,Yes,6,0,15.85,Sousse
Female,0,No,No,3,Yes,No,DSL,No,Yes,No,Yes,Yes,Month-to-month,Yes,Electronic check,75.3,244.1,No,3,20,121.52,Bizerte
Male,0,Yes,No,47,Yes,Yes,Fiber optic,No,Yes,No,No,No,One year,Yes,Electronic check,78.9,3650.35,No,4,28,88.26,Kasserine
Female,0,No,No,31,Yes,No,DSL,No,Yes,Yes,Yes,Yes,Two year,No,Mailed check,79.2,2497.2,No,2,20,69.65,Monastir
Female,0,Yes,Yes,50,Yes,No,No,No internet service,No internet service,No internet service,No internet service,No internet service,Two year,No,Bank transfer (automatic),20.15,930.9,No,1,17,55.3,Sfax
Male,0,No,No,10,Yes,No,Fiber optic,Yes,No,Yes,No,No,Month-to-month,Yes,Mailed check,79.85,887.35,No,1,16,52.2,Mahdia
Male,0,No,No,1,Yes,No,DSL,No,No,No,No,No,Month-to-month,No,Mailed check,49.05,49.05,No,1,5,111.83,Sfax
Female,0,Yes,Yes,52,Yes,No,No,No internet service,No internet service,No internet service,No internet service,No internet service,One year,Yes,Electronic check,20.4,1090.65,No,1,29,58.56,Kairouan
Male,1,Yes,Yes,64,Yes,Yes,Fiber optic,Yes,No,Yes,Yes,Yes,Two year,Yes,Bank transfer (automatic),111.6,7099.0,No,3,25,82.16,Ben Arous
Male,0,Yes,Yes,62,Yes,Yes,No,No internet service,No internet service,No internet service,No internet service,No internet service,Two year,Yes,Bank transfer (automatic),24.25,1424.6,No,0,6,16.61,Manouba
Female,0,No,Yes,3,Yes,No,DSL,Yes,No,No,No,Yes,Month-to-month,Yes,Bank transfer (automatic),64.5,177.4,No,3,27,118.97,Bizerte
Female,1,No,No,56,Yes,Yes,Fiber optic,Yes,Yes,Yes,Yes,Yes,One year,No,Electronic check,110.5,6139.5,No,3,6,17.99,Sousse
Female,0,No,No,46,Yes,No,DSL,No,No,No,No,Yes,One year,No,Credit card (automatic),55.65,2688.85,No,3,28,60.64,Kairouan
Female,0,Yes,Yes,8,Yes,No,DSL,Yes,Yes,No,No,No,Month-to-month,No,Mailed check,54.65,482.25,No,4,23,106.7,Nabeul
Male,1,No,No,30,Yes,No,DSL,Yes,Yes,No,Yes,Yes,Month-to-month,Yes,Electronic check,74.75,2111.3,No,0,21,46.57,Médiénine
Female,0,Yes,Yes,45,Yes,Yes,No,No internet service,No internet service,No internet service,No internet service,No internet service,One year,Yes,Credit card (automatic),25.9,1216.6,No,3,27,118.04,Ariana
Female,0,No,Yes,1,Yes,No,Fiber optic,No,No,No,Yes,No,Month-to-month,Yes,Electronic check,79.35,79.35,Yes,4,0,35.67,Tunis
Female,0,Yes,Yes,11,No,No phone service,DSL,Yes,No,No,Yes,Yes,Month-to-month,No,Electronic check,50.55,565.35,No,0,15,122.69,Kairouan
Female,0,Yes,No,7,Yes,No,Fiber optic,No,No,Yes,No,No,Month-to-month,Yes,Bank transfer (automatic),75.15,496.9,Yes,9,3,38.22,Sousse
Female,0,No,No,42,Yes,No,Fiber optic,No,Yes,Yes,Yes,Yes,Month-to-month,Yes,Bank transfer (automatic),103.8,4327.5,No,2,18,20.88,Bizerte
Female,0,Yes,No,49,Yes,No,No,No internet service,No internet service,No internet service,No internet service,No internet service,Two year,Yes,Bank transfer (automatic),20.15,973.35,No,4,6,83.5,Kef
Male,0,No,No,9,Yes,Yes,Fiber optic,No,Yes,No,Yes,Yes,Month-to-month,Yes,Credit card (automatic),99.3,918.75,No,2,30,36.55,Médiénine
Female,0,Yes,No,35,Yes,No,DSL,Yes,No,No,Yes,No,One year,Yes,Bank transfer (automatic),62.15,2215.45,No,4,19,39.13,Tunis
Female,0,Yes,Yes,48,Yes,No,No,No internet service,No internet service,No internet service,No internet service,No internet service,Two year,No,Bank transfer (automatic),20.65,1057.0,No,4,29,38.95,Manouba
Female,0,Yes,Yes,46,Yes,No,No,No internet service,No internet service,No internet service,No internet service,No internet service,Two year,Yes,Mailed check,19.95,927.1,No,2,24,143.99,Kebili
Male,0,Yes,No,29,No,No phone service,DSL,No,No,No,Yes,No,Month-to-month,No,Mailed check,33.75,1009.25,No,1,23,51.03,Kairouan
Male,0,Yes,Yes,30,Yes,No,Fiber optic,No,Yes,Yes,No,No,Month-to-month,No,Bank transfer (automatic),82.05,2570.2,No,2,12,47.91,Kasserine
Male,1,No,No,1,Yes,No,Fiber optic,No,No,No,No,No,Month-to-month,No,Electronic check,74.7,74.7,No,4,24,27.27,Ben Arous
Male,0,Yes,Yes,66,Yes,Yes,DSL,Yes,No,Yes,Yes,Yes,Two year,Yes,Mailed check,84.0,5714.25,No,4,12,135.51,Béja
Female,0,No,No,65,Yes,Yes,Fiber optic,Yes,Yes,Yes,Yes,Yes,Month-to-month,Yes,Credit card (automatic),111.05,7107.0,No,0,5,40.86,Sousse
Male,0,No,No,72,Yes,Yes,Fiber optic,No,Yes,Yes,Yes,Yes,Two year,Yes,Bank transfer (automatic),100.9,7459.05,No,2,23,60.95,Sousse
Female,0,No,No,12,Yes,Yes,Fiber optic,Yes,No,No,No,No,Month-to-month,Yes,Electronic check,78.95,927.35,Yes,7,3,35.68,Sfax
Male,0,Yes,Yes,71,Yes,Yes,DSL,Yes,Yes,No,No,No,One year,Yes,Credit card (automatic),66.85,4748.7,No,4,15,131.56,Sousse
Male,0,No,No,5,Yes,No,No,No internet service,No internet service,No internet service,No internet service,No internet service,Month-to-month,No,Mailed check,21.05,113.85,Yes,10,1,31.15,Sfax
Male,0,No,No,52,Yes,No,No,No internet service,No internet service,No internet service,No internet service,No internet service,Two year,No,Bank transfer (automatic),21.0,1107.2,No,0,11,67.74,Sousse
Female,1,Yes,No,25,Yes,No,Fiber optic,No,Yes,Yes,Yes,Yes,Month-to-month,Yes,Electronic check,98.5,2514.5,Yes,7,2,11.11,Tataouine
Male,0,No,No,1,Yes,No,No,No internet service,No internet service,No internet service,No internet service,No internet service,Month-to-month,No,Mailed check,20.2,20.2,No,3,13,87.55,Bizerte
Female,0,Yes,Yes,1,Yes,No,No,No internet service,No internet service,No internet service,No internet service,No internet service,Month-to-month,No,Electronic check,19.45,19.45,No,0,20,37.75,Kasserine
Male,0,No,No,38,Yes,Yes,Fiber optic,No,No,Yes,Yes,No,One year,No,Bank transfer (automatic),95.0,3605.6,No,2,25,82.26,Béja
Female,1,Yes,No,66,No,No phone service,DSL,No,Yes,Yes,Yes,No,One year,No,Bank transfer (automatic),45.55,3027.25,No,3,16,16.49,Bizerte
Male,0,Yes,No,68,Yes,Yes,Fiber optic,No,Yes,Yes,Yes,Yes,Two year,Yes,Bank transfer (automatic),110.0,7611.85,Yes,10,2,10.24,Ariana
Male,0,No,No,5,No,No phone service,DSL,No,No,No,No,No,Month-to-month,No,Mailed check,24.3,100.2,No,3,16,17.41,Ben Arous
Female,0,Yes,Yes,72,Yes,Yes,Fiber optic,Yes,Yes,No,Yes,Yes,One year,Yes,Electronic check,104.15,7303.05,No,0,24,97.43,Jendouba
Female,0,No,No,32,No,No phone service,DSL,Yes,No,No,No,No,One year,No,Mailed check,30.15,927.65,No,2,9,18.0,Jendouba
Male,0,No,No,43,Yes,Yes,Fiber optic,No,No,No,Yes,Yes,One year,No,Mailed check,94.35,3921.3,No,3,8,70.51,Médiénine
Male,0,Yes,Yes,72,Yes,No,No,No internet service,No internet service,No internet service,No internet service,No internet service,Two year,No,Credit card (automatic),19.4,1363.25,No,3,11,89.15,Ben Arous
Male,0,Yes,No,55,Yes,Yes,Fiber optic,Yes,Yes,No,Yes,No,Month-to-month,Yes,Electronic check,96.75,5238.9,Yes,5,3,18.49,Ariana
Female,0,No,No,52,Yes,No,DSL,Yes,No,Yes,No,No,One year,No,Credit card (automatic),57.95,3042.25,No,2,24,103.63,Nabeul
Female,0,No,No,43,Yes,No,Fiber optic,No,Yes,Yes,Yes,No,Month-to-month,Yes,Electronic check,91.65,3954.1,No,2,23,41.69,Gabès
Female,1,Yes,No,37,Yes,Yes,Fiber optic,No,No,No,No,No,Month-to-month,Yes,Electronic check,76.5,2868.15,Yes,4,4,34.53,Béja
Female,0,Yes,Yes,64,No,No phone service,DSL,No,Yes,No,Yes,Yes,Two year,Yes,Electronic check,54.6,3423.5,No,0,23,54.67,Sousse
Male,0,Yes,Yes,3,Yes,No,Fiber optic,Yes,Yes,No,Yes,No,Month-to-month,No,Electronic check,89.85,248.4,No,3,7,100.68,Tunis
Female,0,No,No,36,No,No phone service,DSL,Yes,No,No,No,No,Two year,No,Bank transfer (automatic),31.05,1126.35,No,2,17,147.05,Gabès
Female,0,Yes,Yes,10,Yes,Yes,Fiber optic,Yes,No,No,Yes,Yes,Month-to-month,Yes,Electronic check,100.25,1064.65,Yes,6,2,37.33,Kairouan
Female,0,No,No,41,Yes,No,No,No internet service,No internet service,No internet service,No internet service,No internet service,Two year,No,Mailed check,20.65,835.15,No,3,12,85.91,Tunis
Male,0,Yes,Yes,27,Yes,Yes,Fiber optic,No,Yes,No,No,No,Month-to-month,Yes,Credit card (automatic),85.2,2151.6,No,1,29,125.34,Sfax
Female,0,Yes,Yes,56,Yes,Yes,Fiber optic,No,No,Yes,Yes,Yes,One year,Yes,Credit card (automatic),99.8,5515.45,No,3,19,101.75,Kasserine
Female,0,No,No,6,Yes,No,No,No internet service,No internet service,No internet service,No internet service,No internet service,Month-to-month,No,Mailed check,20.7,112.75,No,0,24,73.56,Manouba
Male,0,No,No,3,Yes,Yes,Fiber optic,No,No,No,No,No,Month-to-month,Yes,Electronic check,74.4,229.55,Yes,9,3,43.32,Ariana
Female,0,Yes,Yes,7,Yes,No,DSL,Yes,No,No,No,No,Month-to-month,No,Mailed check,50.7,350.35,No,3,22,52.81,Tunis
Female,0,Yes,Yes,4,Yes,No,No,No internet service,No internet service,No internet service,No internet service,No internet service,Month-to-month,No,Mailed check,20.85,62.9,No,3,24,36.24,Tunis
Male,0,No,No,33,Yes,No,Fiber optic,Yes,No,No,Yes,No,Two year,Yes,Electronic check,88.95,3027.65,No,0,28,138.9,Tunis
Female,1,No,No,27,Yes,Yes,Fiber optic,No,No,Yes,No,No,Month-to-month,Yes,Electronic check,78.05,2135.5,Yes,7,3,6.18,Sfax
Male,0,Yes,No,72,Yes,Yes,No,No internet service,No internet service,No internet service,No internet service,No internet service,Two year,Yes,Bank transfer (automatic),23.55,1723.95,No,2,10,29.81,Tunis
Male,0,No,No,1,Yes,No,No,No internet service,No internet service,No internet service,No internet service,No internet service,Month-to-month,No,Mailed check,19.75,19.75,No,4,22,117.76,Sfax
Male,1,No,No,71,No,No phone service,DSL,Yes,Yes,No,Yes,Yes,One year,Yes,Electronic check,56.45,3985.35,No,1,8,111.32,Kasserine
Female,0,No,No,13,Yes,Yes,Fiber optic,No,No,No,No,Yes,Month-to-month,Yes,Electronic check,85.95,1215.65,No,1,16,43.19,Ben Arous
Female,0,Yes,Yes,25,No,No phone service,DSL,Yes,Yes,Yes,Yes,Yes,Month-to-month,Yes,Credit card (automatic),58.6,1502.65,Yes,8,4,30.35,Tunis
Male,0,No,No,67,Yes,No,DSL,No,No,No,No,No,Two year,No,Bank transfer (automatic),50.55,3260.1,No,2,11,132.45,Sfax
Male,0,No,No,1,No,No phone service,DSL,No,No,No,No,Yes,Month-to-month,Yes,Electronic check,35.45,35.45,Yes,4,2,47.82,Tunis
Male,0,No,No,2,Yes,No,DSL,No,No,No,No,No,Month-to-month,No,Electronic check,44.35,81.25,Yes,6,4,30.55,Sousse
Female,0,No,No,43,Yes,Yes,No,No internet service,No internet service,No internet service,No internet service,No internet service,Two year,Yes,Credit card (automatic),25.7,1188.2,No,3,14,23.17,Ariana
Female,0,No,No,23,Yes,No,Fiber optic,Yes,No,No,No,No,Month-to-month,Yes,Bank transfer (automatic),75.0,1778.5,No,1,25,128.38,Kef
Female,0,Yes,Yes,64,Yes,No,No,No internet service,No internet service,No internet service,No internet service,No internet service,Two year,No,Mailed check,20.2,1277.75,No,3,20,81.07,Béja
Male,0,No,Yes,57,Yes,No,No,No internet service,No internet service,No internet service,No internet service,No internet service,Two year,Yes,Mailed check,19.6,1170.55,No,1,24,49.95,Monastir
Female,1,Yes,No,1,Yes,No,Fiber optic,No,No,No,No,No,Month-to-month,Yes,Mailed check,70.45,70.45,Yes,8,4,30.26,Bizerte
Female,1,Yes,Yes,72,Yes,Yes,DSL,Yes,Yes,Yes,Yes,Yes,Two year,Yes,Credit card (automatic),88.05,6425.65,No,1,16,28.3,Tunis
Female,0,No,No,8,Yes,Yes,DSL,Yes,No,No,No,Yes,Month-to-month,No,Electronic check,71.15,563.65,Yes,10,5,0.81,Sfax
Female,0,Yes,No,61,Yes,Yes,Fiber optic,No,Yes,No,Yes,Yes,Two year,Yes,Bank transfer (automatic),101.05,5971.25,No,4,15,29.21,Tunis
Male,0,No,No,64,Yes,Yes,Fiber optic,Yes,Yes,No,No,No,One year,Yes,Credit card (automatic),84.3,5289.05,No,4,9,69.95,Monastir
Male,1,Yes,No,71,Yes,Yes,No,No internet service,No internet service,No internet service,No internet service,No internet service,Two year,No,Bank transfer (automatic),23.95,1756.2,No,3,9,120.44,Jendouba
Female,0,Yes,Yes,65,Yes,Yes,Fiber optic,Yes,Yes,No,Yes,No,Two year,Yes,Credit card (automatic),99.05,6416.7,No,4,6,130.24,Tunis
Male,0,No,No,3,Yes,No,No,No internet service,No internet service,No internet service,No internet service,No internet service,One year,No,Mailed check,19.6,61.35,No,2,23,110.93,Zaghouan
Male,0,No,No,1,Yes,No,DSL,No,No,No,No,No,Month-to-month,Yes,Electronic check,45.65,45.65,Yes,8,1,37.09,Ariana
Male,0,No,Yes,30,Yes,No,DSL,No,Yes,Yes,Yes,No,One year,No,Credit card (automatic),64.5,1929.95,No,2,8,35.14,Sousse
Male,0,Yes,Yes,15,Yes,No,DSL,No,Yes,Yes,No,Yes,Month-to-month,Yes,Mailed check,69.5,1071.4,No,4,28,107.28,Tunis
Female,0,Yes,Yes,8,Yes,No,DSL,No,No,No,Yes,Yes,Month-to-month,Yes,Electronic check,68.55,564.35,No,3,30,77.87,Sfax
Male,0,No,No,7,Yes,Yes,Fiber optic,No,No,No,Yes,Yes,Month-to-month,No,Mailed check,95.0,655.5,Yes,5,0,27.2,Jendouba
Female,0,Yes,Yes,70,Yes,Yes,Fiber optic,Yes,Yes,Yes,Yes,Yes,One year,Yes,Credit card (automatic),108.15,7930.55,No,3,13,95.66,Monastir
Male,0,Yes,Yes,62,Yes,No,DSL,Yes,Yes,Yes,Yes,Yes,Two year,No,Electronic check,86.1,5215.25,No,4,12,97.36,Kef
Female,0,Yes,Yes,6,Yes,No,No,No internet service,No internet service,No internet service,No internet service,No internet service,Month-to-month,No,Mailed check,19.7,113.5,No,1,13,16.48,Sousse
Female,0,Yes,Yes,14,Yes,No,Fiber optic,No,No,No,No,Yes,Month-to-month,Yes,Bank transfer (automatic),80.9,1152.8,No,0,17,133.48,Tunis
Female,0,No,No,22,Yes,Yes,Fiber optic,No,No,No,Yes,No,Month-to-month,Yes,Bank transfer (automatic),84.15,1821.95,No,3,26,23.2,Nabeul
Male,0,Yes,Yes,22,Yes,No,No,No internet service,No internet service,No internet service,No internet service,No internet service,One year,No,Mailed check,20.15,419.9,No,2,16,33.61,Sidi Bouzid
Male,0,Yes,Yes,16,Yes,No,DSL,Yes,No,Yes,Yes,No,Two year,No,Mailed check,64.25,1024.0,No,2,26,42.08,Monastir
Male,0,No,No,10,Yes,Yes,No,No internet service,No internet service,No internet service,No internet service,No internet service,Two year,No,Bank transfer (automatic),25.7,251.6,No,2,17,109.72,Siliana
Female,0,No,Yes,13,Yes,No,DSL,Yes,Yes,No,No,No,Month-to-month,Yes,Electronic check,56.0,764.55,No,4,6,38.23,Ben Arous
Female,0,Yes,No,20,Yes,Yes,Fiber optic,Yes,No,No,No,No,Month-to-month,No,Electronic check,82.4,1592.35,Yes,8,1,21.22,Sousse
Female,0,No,No,2,Yes,No,Fiber optic,No,No,No,No,No,Month-to-month,Yes,Electronic check,69.7,135.2,No,0,24,102.68,Kasserine
Male,0,No,No,53,Yes,Yes,DSL,No,Yes,Yes,No,Yes,Two year,Yes,Bank transfer (automatic),73.9,3958.25,No,0,24,86.89,Kef
Female,0,Yes,Yes,11,Yes,No,No,No internet service,No internet service,No internet service,No internet service,No internet service,One year,No,Mailed check,20.6,233.9,No,2,25,11.16,Tozeur
Male,0,Yes,No,69,Yes,No,No,No internet service,No internet service,No internet service,No internet service,No internet service,Two year,No,Mailed check,19.9,1363.45,No,1,11,124.49,Sfax
Female,0,No,No,4,Yes,No,Fiber optic,No,No,No,No,No,Month-to-month,Yes,Bank transfer (automatic),70.9,273.0,Yes,10,4,20.97,Manouba
Male,0,Yes,No,72,Yes,Yes,DSL,Yes,Yes,Yes,Yes,Yes,Two year,Yes,Bank transfer (automatic),89.05,6254.45,No,0,19,73.02,Zaghouan
Male,1,Yes,No,58,No,No phone service,DSL,No,Yes,Yes,No,Yes,Month-to-month,Yes,Electronic check,45.3,2651.2,Yes,7,3,13.64,Zaghouan
Female,0,Yes,Yes,16,Yes,No,No,No internet service,No internet service,No internet service,No internet service,No internet service,Month-to-month,No,Electronic check,20.4,321.4,No,2,12,90.64,Mahdia
Male,0,Yes,No,43,Yes,No,Fiber optic,Yes,No,Yes,No,No,One year,Yes,Bank transfer (automatic),84.25,3539.25,No,4,14,11.63,Béja
Female,0,Yes,No,2,Yes,Yes,Fiber optic,No,No,Yes,Yes,Yes,Month-to-month,Yes,Electronic check,104.4,242.8,Yes,5,5,35.63,Tunis
Male,0,Yes,No,14,Yes,No,DSL,No,Yes,Yes,Yes,Yes,Two year,No,Mailed check,81.95,1181.75,No,2,27,126.89,Gabès
Female,0,Yes,No,53,Yes,No,Fiber optic,No,No,Yes,Yes,Yes,One year,Yes,Bank transfer (automatic),94.85,5000.2,Yes,9,4,10.37,Sousse
Female,0,No,No,32,Yes,No,No,No internet service,No internet service,No internet service,No internet service,No internet service,One year,No,Bank transfer (automatic),20.55,654.55,No,3,5,76.76,Monastir
Female,0,Yes,No,34,Yes,Yes,No,No internet service,No internet service,No internet service,No internet service,No internet service,Month-to-month,No,Electronic check,24.7,780.2,No,4,21,27.28,Ariana
Female,1,No,No,15,Yes,Yes,Fiber optic,No,No,No,No,No,Month-to-month,Yes,Mailed check,74.45,1145.7,Yes,6,3,28.04,Kasserine
Female,1,No,No,7,Yes,No,Fiber optic,Yes,No,No,No,No,Month-to-month,No,Bank transfer (automatic),76.45,503.6,Yes,5,3,40.06,Gabès
Female,0,Yes,Yes,15,Yes,Yes,Fiber optic,No,Yes,Yes,Yes,Yes,Month-to-month,Yes,Bank transfer (automatic),105.35,1559.25,No,0,7,20.75,Jendouba
Male,0,Yes,No,61,Yes,No,No,No internet service,No internet service,No internet service,No internet service,No internet service,One year,Yes,Credit card (automatic),20.55,1252.0,No,4,10,19.48,Mahdia
Female,0,No,No,1,No,No phone service,DSL,No,Yes,No,No,No,Month-to-month,No,Bank transfer (automatic),29.95,29.95,Yes,6,4,34.29,Sfax
Female,0,No,No,1,Yes,No,DSL,No,No,No,No,No,Month-to-month,No,Mailed check,45.3,45.3,No,0,17,122.87,Jendouba
Male,0,No,No,8,Yes,Yes,Fiber optic,No,No,No,No,Yes,Month-to-month,No,Bank transfer (automatic),84.5,662.65,Yes,7,5,22.44,Kasserine
Male,0,Yes,Yes,33,Yes,No,DSL,Yes,No,Yes,Yes,Yes,One year,No,Credit card (automatic),74.75,2453.3,No,0,8,23.93,Sfax
Female,0,No,No,13,Yes,No,Fiber optic,No,Yes,Yes,No,No,Month-to-month,Yes,Electronic check,79.25,1111.65,Yes,5,3,45.76,Sfax
Female,0,Yes,No,1,No,No phone service,DSL,No,No,No,No,No,Month-to-month,Yes,Electronic check,24.8,24.8,Yes,6,3,31.96,Sfax
Male,0,No,No,20,Yes,No,DSL,No,Yes,No,No,No,Month-to-month,Yes,Mailed check,51.8,1023.85,No,1,21,50.9,Tunis
Male,0,No,No,3,No,No phone service,DSL,No,No,No,No,No,Month-to-month,No,Electronic check,30.4,82.15,No,1,20,74.32,Ariana
Female,0,No,No,13,Yes,No,No,No internet service,No internet service,No internet service,No internet service,No internet service,One year,No,Electronic check,19.65,244.8,No,4,24,83.3,Tunis
Female,0,Yes,No,40,Yes,Yes,DSL,No,Yes,No,No,No,Month-to-month,No,Credit card (automatic),56.6,2379.1,No,4,25,126.07,Ariana
Male,0,Yes,Yes,43,Yes,Yes,DSL,Yes,No,No,No,Yes,One year,Yes,Credit card (automatic),71.9,3173.35,No,3,22,51.84,Siliana
Male,0,Yes,No,6,Yes,No,Fiber optic,No,Yes,Yes,No,Yes,Month-to-month,Yes,Electronic check,91.0,531.0,Yes,6,5,9.08,Sfax
Female,0,Yes,Yes,69,Yes,No,No,No internet service,No internet service,No internet service,No internet service,No internet service,Two year,No,Bank transfer (automatic),19.75,1375.4,No,3,28,100.11,Siliana
Female,0,Yes,Yes,72,Yes,Yes,Fiber optic,Yes,Yes,Yes,Yes,Yes,Two year,No,Credit card (automatic),109.7,8129.3,No,3,30,101.95,Zaghouan
Male,0,Yes,Yes,59,Yes,No,No,No internet service,No internet service,No internet service,No internet service,No internet service,Two year,No,Credit card (automatic),19.3,1192.7,No,3,27,38.86,Sousse
Female,0,Yes,No,20,Yes,No,Fiber optic,Yes,Yes,No,Yes,No,Month-to-month,Yes,Electronic check,96.55,1901.65,No,4,16,135.17,Tataouine
Male,0,Yes,Yes,24,Yes,Yes,No,No internet service,No internet service,No internet service,No internet service,No internet service,Two year,Yes,Bank transfer (automatic),24.1,587.4,No,2,9,81.63,Sousse
Male,0,No,No,59,Yes,Yes,Fiber optic,No,Yes,Yes,Yes,Yes,Month-to-month,Yes,Electronic check,111.35,6519.75,No,2,14,61.66,Nabeul
Male,0,Yes,Yes,72,Yes,Yes,Fiber optic,No,Yes,Yes,Yes,Yes,Two year,Yes,Bank transfer (automatic),112.25,8041.65,No,0,14,118.83,Kef
Male,0,No,Yes,1,Yes,No,No,No internet service,No internet service,No internet service,No internet service,No internet service,Month-to-month,No,Mailed check,20.75,20.75,No,0,8,74.29,Sousse
Female,0,Yes,No,27,Yes,No,Fiber optic,Yes,No,No,Yes,Yes,One year,Yes,Credit card (automatic),101.9,2681.15,No,4,8,142.86,Kairouan
Female,0,No,No,14,Yes,No,Fiber optic,No,Yes,No,No,No,Month-to-month,Yes,Credit card (automatic),80.05,1112.3,No,0,8,34.19,Sousse
Male,0,Yes,Yes,71,Yes,Yes,Fiber optic,Yes,No,Yes,Yes,Yes,Two year,No,Electronic check,105.55,7405.5,No,3,16,40.0,Gabès
Male,0,No,Yes,13,Yes,No,Fiber optic,No,No,No,Yes,No,Month-to-month,Yes,Credit card (automatic),78.3,1033.95,No,1,10,90.37,Sidi Bouzid
Male,0,No,No,44,Yes,No,Fiber optic,No,No,No,No,No,Month-to-month,No,Credit card (automatic),68.85,2958.95,No,2,28,88.43,Tunis
Female,0,No,No,33,Yes,No,Fiber optic,No,Yes,No,No,No,One year,Yes,Bank transfer (automatic),79.95,2684.85,No,3,7,17.46,Nabeul
Male,0,Yes,Yes,72,No,No phone service,DSL,Yes,Yes,Yes,No,Yes,Two year,Yes,Credit card (automatic),55.45,4179.2,No,3,30,58.54,Nabeul
Male,0,No,No,1,Yes,No,Fiber optic,No,No,No,No,Yes,Month-to-month,No,Electronic check,79.9,79.9,Yes,9,5,46.01,Ariana
Female,0,No,No,19,Yes,No,Fiber optic,Yes,No,Yes,Yes,Yes,Month-to-month,Yes,Electronic check,106.6,1934.45,Yes,6,4,12.17,Sfax
Male,0,Yes,No,64,Yes,No,Fiber optic,No,Yes,Yes,Yes,Yes,One year,Yes,Credit card (automatic),102.45,6654.1,No,1,5,58.46,Sidi Bouzid
Male,0,No,No,2,Yes,No,DSL,No,No,No,No,No,Month-to-month,Yes,Credit card (automatic),46.0,84.5,Yes,7,0,10.9,Kasserine
Female,0,No,No,1,No,No phone service,DSL,No,No,No,No,No,Month-to-month,No,Electronic check,25.25,25.25,No,3,22,82.93,Tunis
Male,0,No,Yes,61,Yes,No,No,No internet service,No internet service,No internet service,No internet service,No internet service,Two year,No,Mailed check,19.75,1124.2,No,3,20,66.6,Bizerte
Female,0,Yes,Yes,29,Yes,No,No,No internet service,No internet service,No internet service,No internet service,No internet service,One year,No,Electronic check,20.0,540.05,No,0,6,65.51,Zaghouan
Male,1,Yes,No,23,Yes,Yes,Fiber optic,No,No,No,No,Yes,Month-to-month,No,Electronic check,86.8,1975.85,No,2,26,50.59,Kef
Female,0,Yes,No,57,No,No phone service,DSL,Yes,Yes,Yes,Yes,Yes,Month-to-month,Yes,Bank transfer (automatic),58.75,3437.45,No,0,10,108.94,Sousse
Male,0,Yes,Yes,72,No,No phone service,DSL,Yes,Yes,Yes,No,No,Two year,No,Credit card (automatic),45.25,3139.8,No,2,10,68.94,Kairouan
Male,0,Yes,No,66,No,No phone service,DSL,Yes,Yes,Yes,Yes,No,Two year,Yes,Bank transfer (automatic),56.6,3789.2,No,2,7,97.23,Manouba
Male,0,Yes,Yes,65,Yes,Yes,DSL,No,Yes,Yes,Yes,Yes,Two year,Yes,Bank transfer (automatic),84.2,5324.5,No,4,14,143.34,Béja
Female,0,No,No,8,Yes,No,Fiber optic,No,No,No,Yes,No,Month-to-month,Yes,Bank transfer (automatic),80.0,624.6,No,1,10,36.61,Sfax
Female,0,No,No,4,Yes,No,Fiber optic,No,No,No,No,No,Month-to-month,Yes,Electronic check,70.15,268.35,Yes,7,1,35.26,Kebili
Female,0,Yes,No,71,Yes,Yes,No,No internet service,No internet service,No internet service,No internet service,No internet service,Two year,No,Bank transfer (automatic),24.75,1836.9,No,1,16,95.84,Sfax
Male,0,Yes,Yes,1,Yes,No,No,No internet service,No internet service,No internet service,No internet service,No internet service,One year,Yes,Electronic check,20.2,20.2,No,3,22,138.09,Kasserine
Male,0,Yes,No,4,Yes,No,DSL,No,No,No,No,No,Month-to-month,No,Mailed check,50.05,179.35,Yes,8,2,1.56,Gabès
Female,0,No,No,12,Yes,No,No,No internet service,No internet service,No internet service,No internet service,No internet service,One year,Yes,Bank transfer (automatic),19.35,219.35,No,4,16,111.94,Tunis
Male,0,No,No,24,No,No phone service,DSL,Yes,No,No,Yes,Yes,One year,Yes,Mailed check,50.6,1288.75,No,0,23,86.02,Kasserine
Female,0,Yes,Yes,31,Yes,No,DSL,Yes,No,Yes,Yes,Yes,One year,Yes,Mailed check,81.15,2545.75,No,1,15,31.94,Tunis
Female,0,Yes,No,1,Yes,No,DSL,No,No,No,Yes,No,Month-to-month,No,Mailed check,55.2,55.2,Yes,6,1,32.03,Zaghouan
Male,0,No,No,30,Yes,Yes,Fiber optic,No,No,No,No,Yes,Month-to-month,Yes,Credit card (automatic),89.9,2723.15,No,1,11,89.22,Sousse
Female,0,Yes,Yes,47,Yes,Yes,DSL,Yes,Yes,No,Yes,Yes,Two year,Yes,Credit card (automatic),85.3,4107.25,No,0,26,52.9,Sfax
Male,0,No,No,54,Yes,Yes,Fiber optic,Yes,Yes,No,Yes,Yes,Two year,Yes,Credit card (automatic),108.0,5760.65,No,4,22,96.12,Sfax
Male,0,No,No,50,Yes,No,Fiber optic,Yes,Yes,No,No,Yes,Month-to-month,Yes,Credit card (automatic),93.5,4747.5,No,4,29,139.79,Tunis
Male,0,No,No,1,Yes,No,Fiber optic,Yes,No,No,No,Yes,Month-to-month,Yes,Mailed check,84.6,84.6,Yes,10,4,18.94,Ben Arous
Female,0,No,No,72,Yes,No,No,No internet service,No internet service,No internet service,No internet service,No internet service,Two year,No,Credit card (automatic),20.25,1566.9,No,2,11,39.25,Tunis
Female,0,No,No,29,Yes,Yes,No,No internet service,No internet service,No internet service,No internet service,No internet service,Month-to-month,No,Electronic check,25.15,702.0,No,1,5,28.32,Sousse
Male,0,No,No,2,Yes,Yes,DSL,No,Yes,No,No,No,Month-to-month,Yes,Mailed check,54.4,114.1,Yes,7,5,20.92,Jendouba
Female,0,No,No,10,No,No phone service,DSL,No,No,No,No,No,Two year,Yes,Mailed check,29.6,299.05,No,3,13,31.61,Ben Arous
Male,0,Yes,No,18,Yes,Yes,Fiber optic,No,No,No,No,No,Month-to-month,Yes,Electronic check,73.15,1305.95,No,0,28,34.3,Sfax
Female,1,No,No,11,Yes,No,Fiber optic,No,Yes,No,Yes,Yes,Month-to-month,Yes,Electronic check,95.0,1120.3,Yes,8,3,48.1,Gafsa
Male,0,No,No,16,Yes,No,No,No internet service,No internet service,No internet service,No internet service,No internet service,Two year,No,Mailed check,19.75,284.35,No,3,6,103.75,Monastir
Female,0,No,No,72,Yes,Yes,DSL,No,Yes,Yes,Yes,Yes,Two year,No,Bank transfer (automatic),86.6,6350.5,No,4,17,148.86,Kebili
Male,0,No,No,72,Yes,Yes,Fiber optic,No,Yes,Yes,Yes,Yes,Two year,No,Bank transfer (automatic),109.2,7878.3,No,2,13,115.28,Kairouan
Female,0,Yes,Yes,41,Yes,No,DSL,Yes,No,No,Yes,Yes,One year,Yes,Credit card (automatic),74.7,3187.65,No,4,25,108.79,Mahdia
Female,1,Yes,No,65,Yes,No,Fiber optic,Yes,Yes,Yes,No,Yes,Month-to-month,No,Electronic check,94.4,6126.15,No,2,26,149.53,Bizerte
Female,1,No,No,13,Yes,No,DSL,No,Yes,Yes,No,No,Month-to-month,Yes,Electronic check,54.8,731.3,No,1,29,87.67,Monastir
Male,1,No,No,4,Yes,No,Fiber optic,Yes,No,No,No,No,Month-to-month,No,Electronic check,75.35,273.4,No,3,14,46.79,Sfax
Male,0,No,No,41,Yes,Yes,DSL,No,No,Yes,No,Yes,One year,No,Mailed check,65.0,2531.8,No,4,20,36.94,Kebili
Male,1,No,No,15,Yes,No,Fiber optic,No,Yes,No,No,No,Month-to-month,Yes,Electronic check,74.4,1074.3,Yes,10,1,19.77,Kasserine
Male,0,No,No,1,Yes,No,DSL,Yes,No,No,No,No,Month-to-month,Yes,Mailed check,48.55,48.55,Yes,6,4,40.61,Sidi Bouzid
Male,0,No,No,42,Yes,Yes,Fiber optic,Yes,Yes,Yes,No,Yes,One year,Yes,Electronic check,99.0,4298.45,No,2,24,92.61,Sousse
Female,0,Yes,No,51,Yes,No,Fiber optic,Yes,Yes,Yes,Yes,No,One year,Yes,Electronic check,93.5,4619.55,No,1,29,29.87,Gafsa
Female,0,Yes,Yes,2,Yes,No,Fiber optic,No,No,No,No,No,Month-to-month,No,Electronic check,70.4,147.15,Yes,8,5,42.97,Ben Arous
Male,1,Yes,No,1,No,No phone service,DSL,No,Yes,No,Yes,No,Month-to-month,No,Electronic check,40.2,40.2,Yes,4,5,28.44,Sousse
Male,0,No,Yes,32,Yes,Yes,DSL,No,Yes,Yes,Yes,Yes,One year,No,Credit card (automatic),83.7,2633.3,No,0,18,91.96,Tozeur
Male,0,No,No,10,Yes,No,No,No internet service,No internet service,No internet service,No internet service,No internet service,Month-to-month,Yes,Mailed check,19.85,193.05,No,1,22,63.53,Sfax
Female,0,Yes,Yes,67,No,No phone service,DSL,No,Yes,Yes,Yes,Yes,Two year,Yes,Electronic check,59.55,4103.9,No,2,19,94.0,Nabeul
Female,0,Yes,Yes,61,Yes,Yes,Fiber optic,Yes,Yes,Yes,Yes,Yes,Two year,No,Credit card (automatic),115.1,7008.15,No,4,5,71.18,Siliana
Male,0,No,No,50,Yes,Yes,Fiber optic,Yes,Yes,Yes,Yes,Yes,One year,No,Credit card (automatic),114.35,5791.1,No,2,28,14.1,Ben Arous
Female,0,Yes,No,2,Yes,No,DSL,No,No,No,No,No,Month-to-month,Yes,Credit card (automatic),44.6,80.55,Yes,8,5,11.24,Sidi Bouzid
Female,1,Yes,No,29,No,No phone service,DSL,Yes,No,Yes,No,Yes,Month-to-month,Yes,Electronic check,45.0,1228.65,No,3,24,124.85,Béja
Male,1,No,No,3,No,No phone service,DSL,No,No,Yes,No,Yes,Month-to-month,Yes,Electronic check,41.15,132.2,Yes,7,2,44.98,Ben Arous
Male,1,No,No,13,Yes,Yes,Fiber optic,No,Yes,Yes,Yes,Yes,Month-to-month,Yes,Electronic check,106.9,1364.3,Yes,4,5,37.98,Sfax
Male,1,Yes,No,57,Yes,Yes,Fiber optic,No,Yes,No,No,Yes,Month-to-month,Yes,Electronic check,89.85,4925.35,No,4,13,32.23,Bizerte
Female,0,No,No,31,No,No phone service,DSL,Yes,Yes,No,No,Yes,Two year,Yes,Bank transfer (automatic),49.85,1520.1,No,0,17,56.08,Sfax
Female,0,Yes,No,45,Yes,Yes,Fiber optic,Yes,Yes,Yes,Yes,Yes,One year,No,Mailed check,113.3,5032.25,No,1,18,133.29,Tunis
Female,0,Yes,Yes,61,Yes,Yes,DSL,Yes,Yes,Yes,Yes,Yes,Two year,No,Mailed check,88.1,5526.75,No,4,23,37.12,Sfax
Male,0,No,No,50,Yes,Yes,No,No internet service,No internet service,No internet service,No internet service,No internet service,Two year,No,Bank transfer (automatic),24.9,1195.25,No,4,23,103.57,Ariana
Female,1,No,No,19,Yes,No,Fiber optic,Yes,Yes,No,Yes,Yes,Month-to-month,Yes,Mailed check,105.0,2007.25,No,3,29,129.5,Manouba
Male,0,No,No,59,Yes,No,No,No internet service,No internet service,No internet service,No internet service,No internet service,Two year,No,Mailed check,19.35,1099.6,Yes,5,5,40.85,Ariana
Female,0,Yes,No,71,Yes,Yes,No,No internet service,No internet service,No internet service,No internet service,No internet service,Two year,Yes,Credit card (automatic),24.25,1732.95,No,2,13,92.52,Monastir
Female,1,No,No,16,Yes,No,Fiber optic,No,No,No,Yes,Yes,Month-to-month,Yes,Electronic check,94.45,1511.2,Yes,8,5,5.44,Ariana
Male,0,Yes,No,57,Yes,No,DSL,Yes,Yes,No,No,No,Two year,Yes,Electronic check,59.75,3450.15,No,2,22,122.36,Médiénine
Male,0,No,No,1,No,No phone service,DSL,No,No,No,No,No,Month-to-month,No,Bank transfer (automatic),24.8,24.8,Yes,7,0,12.0,Ben Arous
Male,1,Yes,No,20,Yes,Yes,Fiber optic,No,Yes,No,Yes,Yes,Month-to-month,No,Electronic check,107.05,2172.05,No,2,17,148.76,Kairouan
Male,0,No,No,1,Yes,No,Fiber optic,No,No,No,No,No,Month-to-month,No,Mailed check,70.6,70.6,Yes,5,2,23.66,Tunis
Male,0,Yes,No,5,Yes,Yes,Fiber optic,No,Yes,No,No,No,Month-to-month,Yes,Electronic check,85.4,401.1,Yes,4,0,3.49,Tunis
Female,0,Yes,No,52,Yes,Yes,Fiber optic,No,Yes,Yes,Yes,Yes,Month-to-month,Yes,Electronic check,105.05,5624.85,Yes,8,5,45.71,Sousse
Male,1,Yes,No,21,Yes,No,DSL,Yes,Yes,No,No,Yes,Month-to-month,Yes,Bank transfer (automatic),64.95,1339.8,No,2,12,72.76,Sidi Bouzid
Male,0,No,No,14,No,No phone service,DSL,No,No,Yes,Yes,Yes,Month-to-month,Yes,Electronic check,55.0,771.95,No,4,23,60.17,Manouba
Female,0,No,No,5,Yes,No,DSL,No,Yes,No,No,No,Month-to-month,No,Bank transfer (automatic),50.55,244.75,No,2,30,144.97,Sfax
Female,0,No,No,6,Yes,No,DSL,Yes,Yes,No,No,No,Month-to-month,No,Mailed check,55.15,322.9,No,1,7,144.55,Ariana
Female,0,No,No,10,Yes,No,DSL,No,Yes,No,No,No,Month-to-month,No,Electronic check,51.2,498.25,No,3,13,72.99,Siliana
Female,0,No,Yes,1,Yes,Yes,No,No internet service,No internet service,No internet service,No internet service,No internet service,Month-to-month,No,Mailed check,25.4,25.4,No,2,16,107.33,Bizerte
Female,0,No,No,68,Yes,Yes,DSL,Yes,No,No,No,No,Month-to-month,No,Mailed check,54.45,3687.75,No,0,14,87.85,Kef
Male,0,Yes,Yes,18,Yes,No,Fiber optic,No,No,Yes,Yes,Yes,Month-to-month,No,Mailed check,95.15,1779.95,Yes,9,1,10.73,Bizerte
Female,0,No,No,22,Yes,Yes,Fiber optic,No,No,No,No,No,One year,Yes,Credit card (automatic),76.0,1783.6,No,2,11,121.78,Kasserine
Female,0,No,No,20,Yes,No,DSL,No,No,No,No,No,Month-to-month,Yes,Electronic check,44.35,927.15,No,0,9,23.27,Kasserine
Male,0,Yes,No,1,Yes,No,Fiber optic,No,No,No,No,No,Month-to-month,No,Electronic check,70.0,70.0,Yes,10,3,48.93,Ariana
Male,1,No,No,8,Yes,No,Fiber optic,No,Yes,No,No,No,Month-to-month,Yes,Electronic check,74.5,606.55,Yes,4,5,37.86,Sfax
Male,0,No,No,10,Yes,No,DSL,No,No,No,No,No,Month-to-month,Yes,Credit card (automatic),44.85,435.4,Yes,6,1,36.17,Nabeul
Male,1,No,No,24,Yes,Yes,Fiber optic,No,No,No,No,No,Month-to-month,Yes,Electronic check,76.1,1712.7,Yes,5,1,37.13,Tunis
Male,0,No,No,35,Yes,No,DSL,Yes,Yes,Yes,No,No,One year,No,Mailed check,61.2,2021.2,No,1,8,36.85,Nabeul
Male,0,Yes,Yes,23,Yes,No,Fiber optic,No,Yes,Yes,No,No,One year,No,Mailed check,86.8,1940.8,No,1,17,31.75,Ben Arous
Female,1,No,No,6,Yes,No,Fiber optic,No,No,No,Yes,Yes,Month-to-month,Yes,Electronic check,89.35,567.8,No,1,30,59.42,Béja
Female,0,No,No,12,Yes,No,No,No internet service,No internet service,No internet service,No internet service,No internet service,Month-to-month,No,Mailed check,19.7,220.35,No,1,12,92.46,Monastir
Male,0,No,No,1,Yes,No,No,No internet service,No internet service,No internet service,No internet service,No internet service,Month-to-month,No,Mailed check,20.25,20.25,No,2,14,23.28,Tunis
Female,0,Yes,Yes,71,Yes,No,Fiber optic,No,No,Yes,No,No,Two year,No,Electronic check,76.05,5436.45,No,3,25,15.38,Sousse
Male,1,Yes,No,35,Yes,Yes,Fiber optic,No,No,Yes,Yes,Yes,Month-to-month,Yes,Electronic check,100.8,3437.5,No,4,27,108.41,Jendouba
Male,0,Yes,Yes,40,Yes,Yes,DSL,No,No,Yes,Yes,Yes,Month-to-month,Yes,Electronic check,74.55,3015.75,No,0,27,87.62,Tunis
Female,0,No,Yes,1,Yes,No,Fiber optic,Yes,No,No,No,No,Month-to-month,Yes,Mailed check,73.6,73.6,Yes,6,5,10.89,Sfax
Male,0,No,No,23,Yes,No,DSL,No,No,No,Yes,Yes,One year,Yes,Bank transfer (automatic),64.9,1509.8,No,0,10,106.74,Ben Arous
Female,1,No,No,4,Yes,Yes,Fiber optic,No,No,No,Yes,Yes,Month-to-month,Yes,Electronic check,95.45,396.1,Yes,9,4,31.76,Gabès
Male,0,No,No,4,Yes,No,Fiber optic,No,No,Yes,No,Yes,Month-to-month,Yes,Electronic check,90.4,356.65,No,1,21,73.05,Sfax
Female,0,Yes,Yes,68,No,No phone service,DSL,No,Yes,Yes,Yes,Yes,Two year,No,Credit card (automatic),60.3,4109.0,No,1,9,147.62,Nabeul
Male,0,No,Yes,38,Yes,Yes,Fiber optic,No,Yes,No,No,No,Month-to-month,Yes,Mailed check,81.85,3141.7,No,1,24,61.42,Kasserine
Male,0,Yes,Yes,52,Yes,Yes,No,No internet service,No internet service,No internet service,No internet service,No internet service,Two year,No,Mailed check,24.8,1229.1,No,0,24,18.42,Sfax
Male,1,Yes,No,32,Yes,Yes,Fiber optic,No,No,No,No,No,Month-to-month,Yes,Electronic check,74.9,2303.35,Yes,9,3,19.39,Sfax
Male,0,Yes,Yes,29,Yes,No,DSL,No,No,Yes,Yes,Yes,Two year,No,Mailed check,75.55,2054.4,No,3,29,145.17,Tataouine
Male,1,Yes,Yes,38,Yes,Yes,Fiber optic,No,Yes,No,Yes,Yes,Month-to-month,No,Electronic check,101.15,3741.85,No,4,11,53.23,Sidi Bouzid
Male,0,No,Yes,48,Yes,Yes,DSL,Yes,No,Yes,Yes,Yes,One year,Yes,Credit card (automatic),78.75,3682.45,No,1,14,23.84,Ariana
Female,0,No,No,1,Yes,No,No,No internet service,No internet service,No internet service,No internet service,No internet service,Month-to-month,Yes,Bank transfer (automatic),19.25,19.25,No,0,30,138.99,Kairouan
Female,0,No,No,22,Yes,No,Fiber optic,Yes,No,No,No,Yes,Month-to-month,Yes,Electronic check,89.05,1886.25,No,2,22,128.47,Ben Arous
Female,0,No,No,43,Yes,Yes,Fiber optic,Yes,Yes,Yes,Yes,Yes,Two year,No,Credit card (automatic),115.05,4895.1,No,4,29,20.04,Tunis
Female,1,Yes,No,5,Yes,No,Fiber optic,No,No,No,No,No,Month-to-month,Yes,Electronic check,69.35,341.6,No,2,30,141.94,Kasserine
Male,0,No,No,5,Yes,No,Fiber optic,No,No,No,Yes,No,Month-to-month,Yes,Electronic check,80.6,415.55,Yes,5,3,24.93,Jendouba
Male,0,Yes,Yes,51,Yes,Yes,Fiber optic,Yes,Yes,No,Yes,Yes,One year,No,Credit card (automatic),110.05,5686.4,No,4,30,125.17,Bizerte
Male,0,No,No,71,Yes,No,No,No internet service,No internet service,No internet service,No internet service,No internet service,Two year,Yes,Credit card (automatic),19.9,1355.1,No,2,18,121.22,Sfax
Female,0,Yes,Yes,38,Yes,No,DSL,Yes,Yes,No,Yes,Yes,One year,No,Credit card (automatic),80.3,3058.65,Yes,9,5,18.02,Nabeul
Male,1,Yes,No,24,Yes,No,Fiber optic,No,No,Yes,Yes,Yes,Month-to-month,Yes,Electronic check,93.15,2231.05,Yes,8,1,3.28,Sfax
Male,0,Yes,No,35,Yes,Yes,Fiber optic,No,No,No,Yes,No,Month-to-month,Yes,Credit card (automatic),91.5,3236.35,No,2,12,65.63,Médiénine
Female,1,No,No,54,Yes,Yes,DSL,Yes,Yes,No,Yes,Yes,One year,No,Bank transfer (automatic),82.45,4350.1,Yes,5,4,8.3,Siliana
Female,0,Yes,Yes,72,No,No phone service,DSL,No,Yes,Yes,Yes,Yes,Two year,Yes,Electronic check,60.0,4264.0,No,4,16,119.72,Tunis
Male,0,No,No,1,Yes,No,DSL,No,No,No,No,No,Month-to-month,Yes,Electronic check,44.8,44.8,No,0,5,29.82,Monastir
Female,0,Yes,Yes,9,Yes,No,DSL,Yes,No,No,No,No,One year,No,Mailed check,48.6,422.3,No,0,7,65.65,Kairouan
Male,0,No,No,69,No,No phone service,DSL,Yes,Yes,No,Yes,Yes,Two year,Yes,Bank transfer (automatic),60.05,4176.7,No,4,15,48.03,Médiénine
Female,0,Yes,No,52,Yes,Yes,Fiber optic,No,Yes,No,Yes,Yes,Month-to-month,Yes,Credit card (automatic),102.7,5138.1,No,3,20,126.56,Tunis
Female,1,Yes,No,11,Yes,No,Fiber optic,No,No,No,Yes,No,Month-to-month,Yes,Electronic check,82.9,880.05,No,3,8,131.73,Ben Arous
Female,1,No,No,2,Yes,No,Fiber optic,No,No,No,No,No,Month-to-month,Yes,Electronic check,70.35,139.05,Yes,6,3,23.42,Ariana
Female,1,Yes,Yes,28,No,No phone service,DSL,No,No,No,Yes,No,Month-to-month,Yes,Electronic check,35.9,973.65,No,2,7,130.64,Tunis
Female,1,No,No,17,Yes,Yes,Fiber optic,No,No,Yes,No,No,Month-to-month,Yes,Credit card (automatic),82.65,1470.05,No,1,17,13.14,Sfax
Female,0,Yes,Yes,35,Yes,No,No,No internet service,No internet service,No internet service,No internet service,No internet service,Two year,Yes,Mailed check,19.85,739.35,No,3,22,35.91,Ben Arous
Female,0,No,No,8,Yes,No,No,No internet service,No internet service,No internet service,No internet service,No internet service,One year,Yes,Mailed check,19.2,161.95,No,4,29,22.5,Manouba
Male,0,No,No,46,Yes,Yes,Fiber optic,No,Yes,Yes,Yes,No,One year,Yes,Credit card (automatic),94.9,4422.95,No,1,22,11.74,Kef
Female,0,No,No,7,Yes,Yes,Fiber optic,No,No,No,No,No,Month-to-month,Yes,Electronic check,73.85,511.25,Yes,6,0,2.95,Kasserine
Female,0,No,No,2,Yes,Yes,Fiber optic,No,No,Yes,No,No,Month-to-month,No,Mailed check,80.6,155.8,Yes,8,0,8.7,Kef
Male,0,Yes,Yes,68,Yes,Yes,DSL,No,Yes,Yes,No,Yes,One year,Yes,Bank transfer (automatic),75.8,5293.95,Yes,7,1,44.27,Kairouan
Female,0,No,No,43,Yes,Yes,Fiber optic,No,Yes,Yes,Yes,Yes,Two year,Yes,Electronic check,104.6,4759.85,Yes,5,0,48.07,Kasserine
Female,0,No,No,68,Yes,Yes,DSL,Yes,Yes,Yes,Yes,Yes,Two year,Yes,Electronic check,88.15,6148.45,No,0,7,99.92,Kairouan
Female,0,No,No,36,Yes,No,Fiber optic,No,Yes,No,Yes,Yes,Month-to-month,Yes,Credit card (automatic),94.8,3565.65,No,2,17,28.45,Kairouan
Male,0,Yes,No,63,Yes,Yes,Fiber optic,No,Yes,Yes,Yes,Yes,Month-to-month,Yes,Electronic check,103.4,6603.0,Yes,10,1,16.78,Kasserine
Female,1,No,No,32,Yes,No,DSL,No,Yes,No,No,No,Month-to-month,No,Bank transfer (automatic),54.65,1830.1,No,0,8,68.21,Bizerte
Female,0,Yes,No,71,Yes,Yes,DSL,Yes,Yes,Yes,Yes,Yes,Two year,No,Credit card (automatic),85.75,6223.8,No,1,27,142.13,Bizerte
Female,0,Yes,Yes,66,Yes,Yes,DSL,Yes,Yes,Yes,No,No,Month-to-month,Yes,Bank transfer (automatic),67.45,4508.65,No,3,25,85.19,Sousse
Male,0,No,No,63,Yes,No,No,No internet service,No internet service,No internet service,No internet service,No internet service,One year,No,Mailed check,20.5,1328.15,No,2,7,80.18,Kairouan
Female,0,No,Yes,41,Yes,No,No,No internet service,No internet service,No internet service,No internet service,No internet service,One year,Yes,Credit card (automatic),20.25,865.0,No,2,19,85.98,Ben Arous
Female,1,No,No,1,Yes,Yes,Fiber optic,No,No,No,No,No,Month-to-month,Yes,Electronic check,72.1,72.1,No,4,27,81.75,Tunis
Female,0,No,No,2,Yes,No,Fiber optic,No,No,No,Yes,Yes,Month-to-month,Yes,Electronic check,90.4,168.2,Yes,8,1,47.89,Bizerte
Female,0,Yes,No,70,Yes,No,No,No internet service,No internet service,No internet service,No internet service,No internet service,Two year,No,Bank transfer (automatic),19.45,1303.5,No,3,9,108.4,Ariana
Female,0,No,No,23,No,No phone service,DSL,No,No,No,Yes,Yes,Month-to-month,Yes,Electronic check,44.95,996.85,No,4,21,113.36,Sousse
Female,1,Yes,No,64,Yes,No,Fiber optic,Yes,Yes,Yes,No,Yes,One year,No,Bank transfer (automatic),97.0,6430.9,No,1,20,77.52,Kairouan
Male,0,Yes,Yes,37,Yes,Yes,DSL,Yes,No,Yes,No,No,Two year,Yes,Credit card (automatic),62.8,2278.75,No,3,21,73.87,Nabeul
Male,0,No,Yes,17,Yes,No,DSL,No,No,No,No,No,One year,No,Mailed check,44.6,681.4,No,4,9,61.5,Kasserine
Female,1,No,No,7,Yes,No,Fiber optic,No,No,No,Yes,Yes,Month-to-month,Yes,Electronic check,89.15,574.35,No,2,27,86.42,Tunis
Male,0,Yes,Yes,4,Yes,Yes,Fiber optic,No,Yes,Yes,No,No,Month-to-month,Yes,Bank transfer (automatic),84.8,371.9,Yes,5,5,48.26,Tunis
Female,1,No,No,21,No,No phone service,DSL,Yes,No,No,Yes,No,Month-to-month,Yes,Electronic check,41.9,840.1,Yes,7,1,42.0,Tunis
Female,0,No,No,10,Yes,No,Fiber optic,No,No,No,No,Yes,Month-to-month,Yes,Bank transfer (automatic),80.25,846.0,Yes,7,5,5.95,Ben Arous
Female,1,No,No,16,Yes,Yes,DSL,Yes,No,No,No,No,Month-to-month,Yes,Electronic check,54.1,889.0,No,1,29,146.49,Ariana
Male,0,Yes,No,64,Yes,Yes,Fiber optic,No,Yes,No,Yes,Yes,Two year,Yes,Electronic check,105.25,6823.4,No,2,28,43.42,Kasserine
Male,1,Yes,No,27,No,No phone service,DSL,Yes,No,No,No,No,Month-to-month,No,Credit card (automatic),30.75,805.1,Yes,10,3,36.49,Tunis
Male,0,Yes,Yes,42,Yes,Yes,Fiber optic,Yes,No,No,Yes,Yes,One year,No,Electronic check,97.1,4016.75,No,4,14,126.01,Médiénine
Male,0,No,Yes,5,Yes,No,No,No internet service,No internet service,No internet service,No internet service,No internet service,Month-to-month,No,Mailed check,20.2,83.75,No,4,28,68.28,Tunis
Female,0,No,No,41,Yes,No,Fiber optic,No,Yes,No,Yes,Yes,Two year,Yes,Bank transfer (automatic),98.8,3959.15,No,4,26,70.23,Kairouan
Male,0,Yes,No,58,Yes,No,DSL,No,No,Yes,No,No,One year,No,Credit card (automatic),50.3,2878.55,No,3,15,44.24,Kairouan
Female,0,No,No,47,Yes,No,No,No internet service,No internet service,No internet service,No internet service,No internet service,Two year,Yes,Mailed check,20.55,945.7,No,2,30,17.06,Kebili
Male,0,No,No,18,Yes,No,Fiber optic,No,No,No,No,No,Month-to-month,Yes,Bank transfer (automatic),75.9,1373.05,No,3,18,115.61,Zaghouan
Male,0,No,No,5,Yes,No,Fiber optic,No,No,Yes,Yes,Yes,Month-to-month,No,Bank transfer (automatic),96.5,492.55,Yes,9,0,10.78,Tozeur
Male,0,Yes,No,23,Yes,No,DSL,Yes,No,No,No,Yes,Month-to-month,Yes,Bank transfer (automatic),59.95,1406.0,No,0,6,58.74,Kef
Female,0,No,No,1,Yes,No,No,No internet service,No internet service,No internet service,No internet service,No internet service,Month-to-month,No,Mailed check,19.15,19.15,No,1,16,16.4,Tunis
Male,0,Yes,No,71,Yes,Yes,Fiber optic,No,No,Yes,Yes,Yes,One year,Yes,Credit card (automatic),98.65,6962.85,No,3,30,113.44,Tunis
Male,0,Yes,Yes,72,Yes,Yes,Fiber optic,Yes,Yes,Yes,Yes,Yes,Two year,Yes,Credit card (automatic),112.6,8126.65,No,1,26,113.6,Zaghouan
Male,0,Yes,Yes,33,Yes,No,No,No internet service,No internet service,No internet service,No internet service,No internet service,One year,No,Mailed check,20.6,690.25,No,2,30,71.5,Sfax
Male,0,No,No,2,Yes,Yes,Fiber optic,No,No,No,Yes,No,Month-to-month,Yes,Electronic check,85.65,181.5,Yes,9,4,4.22,Tunis
Male,0,No,Yes,24,No,No phone service,DSL,Yes,No,No,No,No,Two year,No,Mailed check,35.75,830.8,No,4,18,34.59,Sidi Bouzid
Female,0,Yes,Yes,56,Yes,Yes,Fiber optic,No,Yes,Yes,No,Yes,One year,Yes,Credit card (automatic),99.75,5608.4,No,1,20,110.13,Sousse
Male,0,No,No,37,Yes,No,Fiber optic,No,Yes,No,Yes,Yes,Month-to-month,Yes,Credit card (automatic),96.1,3646.8,No,2,30,41.12,Sidi Bouzid
Female,0,No,No,43,Yes,Yes,DSL,No,Yes,Yes,Yes,Yes,One year,No,Credit card (automatic),85.1,3662.25,No,2,10,53.88,Kairouan
Male,0,No,No,1,No,No phone service,DSL,No,No,No,No,No,Month-to-month,No,Mailed check,25.35,25.35,No,0,16,34.58,Sousse
Female,0,Yes,No,25,Yes,Yes,Fiber optic,No,No,Yes,Yes,Yes,Month-to-month,Yes,Bank transfer (automatic),104.95,2566.5,Yes,7,2,12.31,Monastir
Female,0,No,No,61,Yes,Yes,DSL,Yes,Yes,Yes,Yes,Yes,Two year,No,Electronic check,89.65,5308.7,No,2,26,127.23,Siliana
Male,0,No,No,17,Yes,Yes,Fiber optic,No,No,Yes,No,No,One year,No,Electronic check,86.75,1410.25,No,4,16,37.99,Tunis
Female,0,Yes,No,41,Yes,No,Fiber optic,No,Yes,Yes,No,No,One year,Yes,Bank transfer (automatic),86.2,3339.05,No,0,27,134.85,Tunis
Male,0,No,No,1,Yes,No,DSL,No,Yes,No,No,No,Month-to-month,No,Mailed check,50.65,50.65,Yes,7,5,37.73,Médiénine
Male,1,Yes,Yes,72,No,No phone service,DSL,Yes,Yes,Yes,Yes,Yes,Two year,Yes,Bank transfer (automatic),64.8,4732.35,No,3,14,124.01,Gafsa
Male,0,No,No,1,Yes,Yes,Fiber optic,No,Yes,No,No,Yes,Month-to-month,Yes,Credit card (automatic),90.85,90.85,Yes,4,0,6.9,Tunis
Male,0,No,No,48,Yes,Yes,Fiber optic,No,Yes,Yes,Yes,Yes,Two year,Yes,Bank transfer (automatic),108.1,5067.45,No,4,6,124.33,Gabès
Male,1,Yes,No,11,Yes,No,No,No internet service,No internet service,No internet service,No internet service,No internet service,Month-to-month,No,Mailed check,19.95,214.75,Yes,10,4,8.38,Monastir
Female,1,Yes,No,55,Yes,Yes,Fiber optic,No,Yes,Yes,No,No,Month-to-month,Yes,Electronic check,85.45,4874.7,Yes,8,0,28.38,Gabès
Female,0,No,No,42,No,No phone service,DSL,Yes,Yes,Yes,No,Yes,One year,Yes,Electronic check,54.75,2348.45,No,3,28,39.13,Gafsa
Male,0,No,No,44,Yes,Yes,Fiber optic,No,No,Yes,No,Yes,Month-to-month,Yes,Mailed check,90.4,4063.0,No,2,11,118.29,Ariana
Male,0,No,Yes,1,Yes,No,DSL,No,No,No,No,No,Month-to-month,No,Electronic check,44.0,44.0,No,2,17,121.34,Jendouba
Female,0,No,No,27,Yes,Yes,Fiber optic,No,No,No,Yes,Yes,Month-to-month,Yes,Bank transfer (automatic),95.6,2595.25,No,1,20,82.8,Tunis
Male,1,Yes,No,27,Yes,Yes,DSL,No,Yes,Yes,Yes,Yes,Month-to-month,Yes,Bank transfer (automatic),84.8,2309.55,No,1,12,46.52,Gafsa
Female,1,No,No,2,Yes,No,DSL,No,No,No,No,No,Month-to-month,Yes,Electronic check,44.3,89.3,No,4,19,17.22,Sousse
Female,0,No,No,19,Yes,No,No,No internet service,No internet service,No internet service,No internet service,No internet service,Month-to-month,No,Mailed check,19.9,367.55,No,1,22,139.24,Tunis
Female,1,Yes,No,42,Yes,Yes,Fiber optic,No,No,No,Yes,Yes,Month-to-month,Yes,Electronic check,95.05,3944.5,No,2,10,37.55,Ben Arous
Female,0,No,No,66,Yes,Yes,DSL,Yes,Yes,Yes,Yes,Yes,Two year,Yes,Credit card (automatic),90.05,5965.95,No,2,8,78.28,Gafsa
Male,1,Yes,No,33,Yes,Yes,Fiber optic,Yes,No,Yes,Yes,Yes,Month-to-month,Yes,Bank transfer (automatic),109.9,3694.7,No,0,10,59.74,Béja
Female,0,No,No,34,Yes,No,Fiber optic,No,Yes,No,No,No,Month-to-month,Yes,Credit card (automatic),73.95,2524.45,Yes,4,3,22.17,Médiénine
Male,1,No,No,33,No,No phone service,DSL,No,No,Yes,Yes,Yes,Month-to-month,Yes,Electronic check,54.6,1803.7,No,1,15,20.07,Tunis
Female,0,Yes,Yes,23,Yes,No,No,No internet service,No internet service,No internet service,No internet service,No internet service,One year,No,Mailed check,20.05,415.1,No,3,14,120.13,Kasserine
Female,0,No,No,32,Yes,No,No,No internet service,No internet service,No internet service,No internet service,No internet service,One year,No,Bank transfer (automatic),19.75,624.15,No,3,12,76.51,Tunis
Female,0,No,No,11,Yes,No,No,No internet service,No internet service,No internet service,No internet service,No internet service,One year,No,Credit card (automatic),20.05,237.7,No,1,27,106.4,Nabeul
Male,0,Yes,Yes,69,Yes,Yes,Fiber optic,No,No,Yes,Yes,Yes,Month-to-month,Yes,Credit card (automatic),99.45,7007.6,Yes,8,1,5.98,Tunis
Female,0,Yes,No,68,Yes,No,DSL,Yes,No,No,No,No,One year,No,Bank transfer (automatic),55.9,3848.8,No,2,28,54.85,Bizerte
Male,0,No,No,20,Yes,No,No,No internet service,No internet service,No internet service,No internet service,No internet service,Two year,Yes,Mailed check,19.7,419.4,No,0,8,50.01,Sfax
Male,0,No,No,72,Yes,No,No,No internet service,No internet service,No internet service,No internet service,No internet service,Two year,Yes,Credit card (automatic),19.8,1468.75,No,1,8,112.37,Médiénine
Male,0,Yes,Yes,60,Yes,Yes,Fiber optic,Yes,No,Yes,Yes,No,One year,Yes,Bank transfer (automatic),95.4,5812.0,No,2,27,33.56,Sousse
Male,1,Yes,Yes,32,Yes,No,Fiber optic,No,Yes,No,Yes,Yes,Month-to-month,Yes,Mailed check,93.95,2861.45,No,0,20,16.64,Kairouan
Female,0,No,No,1,Yes,No,No,No internet service,No internet service,No internet service,No internet service,No internet service,Month-to-month,Yes,Mailed check,19.9,19.9,Yes,9,5,28.86,Bizerte
Male,0,No,No,1,Yes,No,No,No internet service,No internet service,No internet service,No internet service,No internet service,Month-to-month,Yes,Mailed check,19.6,19.6,Yes,10,0,24.05,Siliana
Male,1,No,No,3,Yes,Yes,Fiber optic,No,Yes,No,No,No,Month-to-month,Yes,Electronic check,81.35,233.7,Yes,8,0,28.62,Sfax
Female,0,Yes,No,46,Yes,Yes,No,No internet service,No internet service,No internet service,No internet service,No internet service,One year,Yes,Bank transfer (automatic),24.45,1066.15,No,3,16,30.25,Manouba
Female,0,Yes,No,29,Yes,Yes,Fiber optic,No,No,No,No,No,Month-to-month,Yes,Electronic check,74.95,2149.05,No,4,26,144.43,Nabeul
Male,0,No,No,51,Yes,Yes,Fiber optic,No,Yes,Yes,No,No,Month-to-month,Yes,Electronic check,87.35,4473.0,No,3,15,134.8,Sousse
Female,1,Yes,No,48,Yes,No,Fiber optic,No,No,No,No,No,Month-to-month,Yes,Bank transfer (automatic),70.65,3545.05,No,1,24,47.84,Tunis
Female,0,Yes,Yes,16,Yes,No,Fiber optic,No,Yes,No,No,No,Month-to-month,No,Bank transfer (automatic),73.25,1195.75,No,0,22,13.47,Sfax
Male,0,Yes,No,70,Yes,Yes,Fiber optic,No,Yes,Yes,No,Yes,Two year,Yes,Bank transfer (automatic),98.7,6858.9,No,2,19,75.52,Sousse
Female,0,Yes,Yes,40,Yes,Yes,No,No internet service,No internet service,No internet service,No internet service,No internet service,Two year,Yes,Mailed check,24.8,1024.7,No,2,12,59.38,Sousse
Female,0,Yes,Yes,22,Yes,No,Fiber optic,No,Yes,No,No,Yes,Month-to-month,No,Electronic check,83.3,1845.9,Yes,9,2,21.98,Tunis
Female,1,No,No,1,Yes,No,Fiber optic,No,No,Yes,No,No,Month-to-month,Yes,Bank transfer (automatic),75.3,75.3,Yes,10,4,3.66,Tunis
Female,0,Yes,Yes,5,Yes,Yes,No,No internet service,No internet service,No internet service,No internet service,No internet service,Month-to-month,Yes,Mailed check,24.3,132.25,No,2,22,100.15,Zaghouan
Female,0,No,No,7,Yes,No,Fiber optic,No,No,No,No,No,Month-to-month,Yes,Bank transfer (automatic),69.85,515.45,No,1,29,139.43,Sfax
Male,0,No,Yes,29,Yes,Yes,Fiber optic,No,Yes,Yes,No,Yes,One year,No,Credit card (automatic),100.55,2830.45,No,2,23,138.94,Kasserine
Male,0,Yes,Yes,44,Yes,Yes,No,No internet service,No internet service,No internet service,No internet service,No internet service,One year,No,Mailed check,25.7,1110.5,No,0,19,22.03,Béja
Female,0,No,No,10,No,No phone service,DSL,Yes,Yes,Yes,No,No,Month-to-month,No,Bank transfer (automatic),40.7,449.3,No,0,25,66.94,Sfax
Female,1,Yes,No,55,Yes,Yes,DSL,No,No,No,No,No,Month-to-month,No,Bank transfer (automatic),51.65,2838.55,No,2,7,104.66,Gafsa
Male,1,Yes,No,52,Yes,Yes,Fiber optic,No,Yes,Yes,Yes,Yes,One year,Yes,Bank transfer (automatic),105.1,5376.4,No,0,24,112.2,Nabeul
Female,0,Yes,Yes,10,Yes,Yes,Fiber optic,No,No,No,No,Yes,Month-to-month,No,Electronic check,85.95,858.6,No,3,20,20.56,Sousse
Male,0,No,No,18,Yes,Yes,Fiber optic,No,No,No,No,No,Month-to-month,Yes,Bank transfer (automatic),75.6,1395.05,No,1,24,124.25,Tunis
Female,0,Yes,No,68,Yes,Yes,DSL,Yes,No,No,No,No,One year,No,Bank transfer (automatic),58.25,3975.7,No,0,7,92.29,Tunis
Female,0,Yes,Yes,61,Yes,No,No,No internet service,No internet service,No internet service,No internet service,No internet service,Month-to-month,Yes,Mailed check,19.4,1182.55,Yes,8,5,14.53,Médiénine
Female,0,Yes,Yes,72,No,No phone service,DSL,Yes,Yes,Yes,Yes,Yes,Two year,Yes,Credit card (automatic),65.2,4784.45,No,4,12,127.47,Sousse
Male,0,No,No,2,Yes,No,DSL,Yes,No,Yes,No,No,Month-to-month,No,Electronic check,53.45,119.5,No,3,17,83.89,Sfax
Male,0,No,No,12,Yes,No,DSL,No,No,No,No,No,Month-to-month,Yes,Bank transfer (automatic),45.4,518.9,Yes,5,1,37.07,Tozeur
Male,0,Yes,No,41,Yes,No,No,No internet service,No internet service,No internet service,No internet service,No internet service,Two year,Yes,Electronic check,19.75,899.45,No,0,18,30.86,Gafsa
Female,0,No,No,26,No,No phone service,DSL,No,No,Yes,Yes,No,Month-to-month,Yes,Credit card (automatic),44.45,1183.8,No,3,14,60.62,Médiénine
Male,0,Yes,No,36,Yes,No,No,No internet service,No internet service,No internet service,No internet service,No internet service,One year,No,Bank transfer (automatic),20.85,720.05,No,4,21,135.05,Sidi Bouzid
Male,0,Yes,Yes,72,Yes,Yes,Fiber optic,Yes,Yes,Yes,Yes,Yes,Two year,Yes,Credit card (automatic),114.05,8468.2,No,1,8,34.24,Médiénine
Male,0,Yes,No,35,Yes,Yes,Fiber optic,No,No,No,No,Yes,Month-to-month,Yes,Bank transfer (automatic),89.85,3161.2,No,2,10,16.21,Gafsa
Male,0,No,No,1,Yes,No,DSL,No,No,Yes,No,No,Month-to-month,No,Mailed check,55.05,55.05,No,3,17,96.81,Sfax
Female,0,Yes,Yes,16,Yes,Yes,Fiber optic,Yes,No,Yes,Yes,Yes,Month-to-month,Yes,Electronic check,112.95,1882.55,No,2,28,12.13,Monastir
Female,1,No,No,49,Yes,Yes,Fiber optic,Yes,No,No,Yes,Yes,Month-to-month,No,Credit card (automatic),101.55,5070.4,No,0,5,61.78,Zaghouan
Female,0,Yes,No,54,Yes,Yes,Fiber optic,Yes,Yes,Yes,Yes,Yes,One year,Yes,Mailed check,114.65,6049.5,No,1,16,145.21,Siliana
Female,0,No,Yes,18,Yes,Yes,DSL,Yes,No,No,No,Yes,Month-to-month,No,Electronic check,64.8,1166.7,No,4,28,120.17,Gabès
Female,0,Yes,No,36,Yes,No,Fiber optic,No,No,No,No,Yes,Month-to-month,No,Electronic check,80.4,2937.65,No,3,13,11.73,Tunis
Female,0,No,No,60,Yes,Yes,Fiber optic,No,Yes,Yes,Yes,Yes,Month-to-month,Yes,Electronic check,105.9,6396.45,Yes,5,5,2.58,Tunis
Female,0,No,No,1,Yes,No,Fiber optic,No,No,No,No,No,Month-to-month,No,Mailed check,69.55,69.55,Yes,7,5,1.15,Gabès
Female,0,Yes,Yes,52,Yes,Yes,No,No internet service,No internet service,No internet service,No internet service,No internet service,Two year,Yes,Bank transfer (automatic),25.05,1270.25,No,4,6,76.19,Gafsa
Male,0,Yes,Yes,8,Yes,No,Fiber optic,No,No,Yes,Yes,Yes,Month-to-month,Yes,Electronic check,94.75,759.55,No,3,29,26.74,Kasserine
Male,0,Yes,Yes,72,Yes,No,Fiber optic,Yes,Yes,No,Yes,Yes,Two year,No,Bank transfer (automatic),105.5,7611.55,No,0,14,32.0,Sidi Bouzid
Female,0,No,No,64,Yes,Yes,No,No internet service,No internet service,No internet service,No internet service,No internet service,One year,No,Mailed check,24.7,1642.75,No,2,27,55.49,Kairouan
Female,1,No,No,22,Yes,No,DSL,Yes,No,Yes,No,Yes,Month-to-month,Yes,Mailed check,69.75,1545.4,No,0,30,127.54,Gafsa
Male,0,Yes,No,60,No,No phone service,DSL,No,Yes,Yes,Yes,Yes,Month-to-month,Yes,Bank transfer (automatic),60.2,3582.4,No,4,13,67.45,Gabès
Female,0,Yes,Yes,28,Yes,No,Fiber optic,No,No,No,No,Yes,Month-to-month,Yes,Electronic check,81.05,2227.1,Yes,9,4,28.08,Kairouan
Female,0,Yes,No,61,Yes,Yes,No,No internet service,No internet service,No internet service,No internet service,No internet service,Two year,No,Mailed check,24.4,1417.9,No,4,9,53.32,Siliana
Female,0,No,No,24,Yes,Yes,Fiber optic,No,Yes,Yes,Yes,Yes,Month-to-month,Yes,Electronic check,104.15,2494.65,No,2,19,110.52,Ariana
Male,0,Yes,Yes,28,Yes,No,Fiber optic,No,Yes,Yes,Yes,No,One year,No,Bank transfer (automatic),92.9,2768.35,No,2,23,107.91,Kairouan
Female,0,Yes,Yes,30,Yes,No,DSL,No,Yes,Yes,Yes,Yes,Two year,No,Bank transfer (automatic),80.8,2369.3,No,1,7,99.78,Manouba
Male,0,Yes,No,2,Yes,No,No,No internet service,No internet service,No internet service,No internet service,No internet service,Month-to-month,No,Mailed check,20.0,38.0,No,2,14,23.48,Jendouba
Male,0,No,No,1,Yes,Yes,Fiber optic,No,No,No,No,No,Month-to-month,Yes,Electronic check,75.1,75.1,No,0,25,121.24,Sousse
Male,0,No,Yes,6,Yes,No,No,No internet service,No internet service,No internet service,No internet service,No internet service,Month-to-month,No,Mailed check,19.65,100.9,No,0,12,18.56,Monastir
Female,0,Yes,No,24,Yes,No,DSL,No,Yes,No,Yes,Yes,Month-to-month,Yes,Bank transfer (automatic),69.45,1614.05,No,3,15,41.38,Tunis
Male,0,Yes,Yes,4,Yes,Yes,Fiber optic,No,No,Yes,Yes,Yes,Month-to-month,No,Electronic check,101.15,385.9,Yes,10,3,3.44,Bizerte
Male,0,No,No,7,Yes,Yes,Fiber optic,No,Yes,No,Yes,Yes,Month-to-month,Yes,Electronic check,99.8,673.25,Yes,7,2,25.96,Kef
Male,1,Yes,No,72,Yes,Yes,Fiber optic,Yes,Yes,Yes,Yes,Yes,Two year,Yes,Bank transfer (automatic),116.05,8404.9,No,0,5,116.53,Sfax
Male,0,No,No,70,No,No phone service,DSL,No,No,No,No,Yes,Two year,Yes,Mailed check,40.05,2799.75,No,3,14,95.6,Sousse
Male,1,Yes,No,64,Yes,Yes,Fiber optic,No,No,Yes,Yes,Yes,Two year,No,Electronic check,102.1,6538.45,No,4,29,37.61,Kairouan
Male,0,Yes,Yes,72,Yes,Yes,Fiber optic,No,Yes,No,Yes,No,One year,Yes,Electronic check,89.7,6588.95,No,2,12,83.76,Kef
Female,0,No,Yes,44,Yes,No,No,No internet service,No internet service,No internet service,No internet service,No internet service,Two year,No,Mailed check,19.9,868.1,No,1,29,103.97,Sfax
Female,0,Yes,Yes,13,Yes,No,DSL,No,No,No,No,Yes,Month-to-month,No,Electronic check,55.95,734.35,Yes,6,4,21.57,Tunis
Female,1,No,No,17,Yes,No,No,No internet service,No internet service,No internet service,No internet service,No internet service,One year,No,Mailed check,20.65,330.6,No,2,30,21.5,Tunis
Male,0,No,No,1,Yes,No,DSL,No,No,No,No,Yes,Month-to-month,Yes,Electronic check,55.0,55.0,Yes,6,0,25.63,Kebili
Male,0,Yes,No,9,Yes,No,DSL,No,No,Yes,Yes,Yes,Month-to-month,Yes,Mailed check,70.05,564.4,No,0,10,144.54,Sousse
Male,0,Yes,No,24,Yes,No,DSL,Yes,No,No,No,No,Month-to-month,No,Mailed check,53.6,1315.35,No,2,27,107.5,Nabeul
Female,0,Yes,Yes,1,Yes,No,Fiber optic,No,Yes,No,No,No,Month-to-month,Yes,Electronic check,74.7,74.7,Yes,8,3,26.83,Kairouan
Male,0,No,No,24,Yes,Yes,Fiber optic,No,Yes,No,No,No,Month-to-month,Yes,Electronic check,80.25,1861.5,Yes,5,3,12.41,Kasserine
Male,1,Yes,Yes,35,Yes,No,DSL,No,Yes,No,Yes,Yes,Month-to-month,Yes,Electronic check,76.05,2747.2,No,1,24,14.97,Gafsa
Female,0,Yes,Yes,7,Yes,No,DSL,Yes,Yes,Yes,Yes,No,Month-to-month,Yes,Electronic check,75.7,554.05,No,2,16,139.74,Kasserine
Male,0,No,No,5,Yes,No,Fiber optic,No,No,No,Yes,Yes,Month-to-month,Yes,Electronic check,96.1,453.4,Yes,9,5,39.52,Ariana
Female,0,No,Yes,15,Yes,No,Fiber optic,No,No,No,No,No,Month-to-month,No,Bank transfer (automatic),69.0,994.8,Yes,4,1,19.72,Monastir
Male,0,Yes,Yes,11,Yes,No,No,No internet service,No internet service,No internet service,No internet service,No internet service,Two year,No,Mailed check,19.65,225.75,No,0,28,50.38,Sfax
Female,0,Yes,No,48,No,No phone service,DSL,Yes,No,Yes,No,Yes,Month-to-month,Yes,Bank transfer (automatic),45.3,2145.0,Yes,5,5,46.39,Manouba
Female,1,No,No,20,Yes,No,Fiber optic,No,No,No,No,Yes,Month-to-month,Yes,Electronic check,81.45,1671.6,No,0,10,48.31,Bizerte
Female,0,Yes,No,72,Yes,Yes,Fiber optic,No,Yes,Yes,Yes,Yes,One year,Yes,Bank transfer (automatic),108.5,8003.8,No,3,5,46.82,Sfax
Female,0,Yes,Yes,8,Yes,No,Fiber optic,No,Yes,No,Yes,No,Month-to-month,Yes,Electronic check,83.55,680.05,Yes,7,1,25.4,Zaghouan
Male,0,Yes,Yes,72,Yes,Yes,Fiber optic,No,No,No,No,Yes,Two year,Yes,Credit card (automatic),84.5,6130.85,No,4,9,59.38,Tunis
Female,0,No,No,15,Yes,Yes,Fiber optic,No,Yes,No,Yes,Yes,Month-to-month,Yes,Electronic check,100.15,1415.0,No,3,23,40.84,Tunis
Male,0,No,No,72,Yes,Yes,DSL,No,Yes,Yes,Yes,Yes,Two year,Yes,Bank transfer (automatic),88.6,6201.95,No,3,13,119.68,Mahdia
Female,0,Yes,Yes,0,No,No phone service,DSL,Yes,No,Yes,Yes,No,Two year,Yes,Bank transfer (automatic),52.55,1397.475,No,3,13,19.02,Tunis
Male,0,No,Yes,1,Yes,Yes,Fiber optic,No,No,No,No,No,Month-to-month,Yes,Electronic check,74.35,74.35,Yes,5,0,8.32,Sfax
Male,0,Yes,Yes,63,Yes,Yes,Fiber optic,No,Yes,Yes,Yes,Yes,Two year,Yes,Bank transfer (automatic),104.8,6597.25,No,1,13,79.05,Kairouan
Female,0,No,No,2,Yes,No,DSL,No,Yes,No,Yes,No,Month-to-month,Yes,Electronic check,59.0,114.15,No,0,15,70.89,Siliana
Female,0,Yes,No,2,Yes,No,Fiber optic,Yes,No,No,No,No,Month-to-month,Yes,Electronic check,74.4,139.4,Yes,7,3,19.88,Tataouine
Male,1,Yes,No,61,Yes,Yes,DSL,No,Yes,No,No,Yes,One year,No,Bank transfer (automatic),64.05,3902.6,No,2,14,128.05,Kef
Male,0,No,No,1,Yes,No,No,No internet service,No internet service,No internet service,No internet service,No internet service,Month-to-month,No,Mailed check,20.4,20.4,No,3,5,144.44,Gafsa
Male,0,No,No,22,No,No phone service,DSL,No,Yes,Yes,No,Yes,One year,Yes,Bank transfer (automatic),43.75,903.6,Yes,4,2,10.53,Nabeul
Male,0,Yes,No,28,Yes,No,DSL,Yes,Yes,No,No,No,Month-to-month,No,Mailed check,60.9,1785.65,No,4,30,96.81,Sousse
Female,0,Yes,No,70,Yes,No,No,No internet service,No internet service,No internet service,No internet service,No internet service,Two year,No,Bank transfer (automatic),19.8,1397.65,No,2,9,117.25,Mahdia
Female,1,No,No,5,No,No phone service,DSL,No,Yes,No,No,No,Month-to-month,No,Electronic check,28.45,131.05,Yes,9,1,13.23,Kasserine
Female,0,No,No,12,Yes,Yes,Fiber optic,Yes,Yes,Yes,No,Yes,Month-to-month,Yes,Bank transfer (automatic),99.7,1238.45,Yes,8,1,27.84,Tunis
Male,0,No,No,34,Yes,Yes,Fiber optic,Yes,Yes,Yes,Yes,Yes,One year,No,Credit card (automatic),116.25,3899.05,No,0,24,26.23,Tunis
Female,1,Yes,No,71,Yes,Yes,Fiber optic,Yes,No,No,No,No,Two year,Yes,Credit card (automatic),80.7,5676.0,No,4,25,28.96,Ariana
Female,0,Yes,Yes,70,Yes,Yes,DSL,Yes,No,No,No,Yes,One year,No,Bank transfer (automatic),65.2,4543.15,No,3,29,115.09,Kasserine
Female,0,Yes,Yes,52,Yes,No,Fiber optic,Yes,No,Yes,No,No,Month-to-month,Yes,Bank transfer (automatic),84.05,4326.8,No,3,17,64.04,Gabès
Male,0,No,Yes,69,Yes,Yes,DSL,Yes,Yes,Yes,Yes,No,Two year,Yes,Credit card (automatic),79.45,5502.55,No,3,8,125.06,Sfax
Female,1,No,No,20,Yes,Yes,Fiber optic,No,Yes,Yes,No,Yes,Month-to-month,Yes,Electronic check,94.1,1782.4,Yes,4,0,49.48,Gabès
Male,0,No,Yes,11,Yes,Yes,Fiber optic,No,No,Yes,No,No,Month-to-month,Yes,Mailed check,78.0,851.8,No,2,5,97.62,Ben Arous
Male,0,Yes,No,2,Yes,No,Fiber optic,No,No,No,Yes,Yes,Month-to-month,Yes,Electronic check,94.2,167.5,Yes,8,2,32.85,Sousse
Female,0,Yes,Yes,6,Yes,Yes,Fiber optic,No,No,No,No,No,Month-to-month,Yes,Electronic check,80.5,502.85,Yes,6,5,48.4,Siliana
Female,0,No,No,1,Yes,No,No,No internet service,No internet service,No internet service,No internet service,No internet service,Month-to-month,No,Mailed check,19.85,19.85,No,3,17,78.92,Kasserine
Male,1,Yes,Yes,20,Yes,No,Fiber optic,Yes,No,Yes,No,Yes,One year,No,Credit card (automatic),94.3,1818.3,No,3,5,34.27,Kef
Male,0,No,No,61,Yes,Yes,Fiber optic,Yes,No,Yes,Yes,Yes,Month-to-month,Yes,Electronic check,106.45,6300.15,No,0,23,45.24,Tunis
Female,1,Yes,No,5,Yes,Yes,Fiber optic,No,No,No,No,No,Month-to-month,Yes,Electronic check,74.35,334.8,Yes,7,4,32.21,Médiénine
Female,0,No,No,56,Yes,Yes,Fiber optic,No,Yes,No,Yes,Yes,Month-to-month,Yes,Bank transfer (automatic),105.45,5916.95,No,2,6,62.5,Ben Arous
Male,0,No,No,30,Yes,Yes,Fiber optic,Yes,Yes,Yes,No,No,Month-to-month,Yes,Credit card (automatic),95.0,2852.4,No,3,29,110.24,Bizerte
Male,0,No,No,40,Yes,Yes,Fiber optic,No,No,Yes,Yes,Yes,Month-to-month,No,Bank transfer (automatic),104.8,4131.95,Yes,10,0,20.43,Sousse
Female,0,No,No,28,Yes,No,DSL,Yes,No,No,No,No,One year,No,Mailed check,54.3,1546.3,No,2,23,23.69,Manouba
Female,1,Yes,No,5,Yes,No,Fiber optic,No,No,No,No,No,Month-to-month,No,Electronic check,70.05,302.6,No,4,17,71.47,Sfax
Female,1,Yes,No,27,Yes,No,Fiber optic,Yes,No,No,No,No,Month-to-month,Yes,Bank transfer (automatic),75.2,1929.35,Yes,6,5,20.53,Sousse
Male,0,No,No,12,Yes,No,No,No internet service,No internet service,No internet service,No internet service,No internet service,Month-to-month,No,Credit card (automatic),20.05,265.45,No,2,25,32.47,Siliana
Male,0,Yes,Yes,67,Yes,Yes,Fiber optic,No,Yes,Yes,Yes,Yes,One year,Yes,Electronic check,105.4,6989.45,No,0,27,12.63,Tunis
Male,1,Yes,No,29,Yes,Yes,DSL,No,No,No,No,No,Month-to-month,Yes,Electronic check,51.6,1442.0,No,0,23,88.6,Monastir
Male,0,Yes,Yes,55,Yes,Yes,Fiber optic,No,No,No,No,Yes,Month-to-month,No,Bank transfer (automatic),85.5,4713.4,No,1,20,19.0,Sfax
Female,0,No,No,23,Yes,Yes,Fiber optic,No,No,No,No,No,Month-to-month,No,Bank transfer (automatic),75.6,1758.6,Yes,7,1,37.42,Monastir
Male,0,Yes,No,34,Yes,Yes,Fiber optic,No,No,Yes,Yes,Yes,Month-to-month,Yes,Electronic check,100.05,3480.0,Yes,9,3,47.25,Bizerte
Male,0,No,No,52,Yes,No,Fiber optic,Yes,No,Yes,Yes,No,One year,No,Electronic check,91.25,4738.3,No,1,24,44.35,Béja
Male,1,Yes,Yes,72,Yes,Yes,Fiber optic,Yes,Yes,Yes,Yes,Yes,Two year,Yes,Credit card (automatic),115.75,8399.15,No,3,22,80.73,Sousse
Male,0,Yes,Yes,58,Yes,Yes,Fiber optic,No,Yes,No,Yes,No,One year,Yes,Credit card (automatic),94.7,5430.35,No,1,12,82.15,Tataouine
Male,0,Yes,Yes,35,Yes,No,No,No internet service,No internet service,No internet service,No internet service,No internet service,Two year,No,Mailed check,19.6,686.95,No,0,16,106.78,Ben Arous
Female,1,No,No,56,Yes,Yes,Fiber optic,No,Yes,Yes,Yes,No,Two year,Yes,Bank transfer (automatic),99.9,5706.3,No,4,30,131.39,Kairouan
Female,0,Yes,Yes,24,Yes,No,No,No internet service,No internet service,No internet service,No internet service,No internet service,Two year,Yes,Credit card (automatic),21.1,490.65,No,2,23,51.46,Sousse
Male,0,Yes,Yes,70,Yes,No,No,No internet service,No internet service,No internet service,No internet service,No internet service,Two year,No,Credit card (automatic),20.05,1360.25,No,1,18,18.73,Sousse
Male,0,No,No,2,Yes,No,Fiber optic,No,No,No,Yes,No,Month-to-month,Yes,Electronic check,79.95,174.45,No,4,7,66.34,Nabeul
Male,1,Yes,Yes,68,Yes,Yes,Fiber optic,No,No,Yes,Yes,Yes,One year,Yes,Credit card (automatic),107.15,7379.8,No,0,10,118.62,Sfax
Female,0,No,No,1,Yes,Yes,Fiber optic,No,No,No,No,Yes,Month-to-month,Yes,Electronic check,85.0,85.0,Yes,5,4,28.1,Jendouba
Male,0,No,No,12,Yes,Yes,Fiber optic,No,No,Yes,Yes,No,Month-to-month,Yes,Electronic check,89.55,1021.75,No,2,22,65.35,Médiénine
Female,0,Yes,No,63,Yes,Yes,Fiber optic,No,Yes,No,No,No,Month-to-month,Yes,Bank transfer (automatic),81.55,5029.05,No,1,30,95.02,Sfax
Female,0,Yes,Yes,33,Yes,No,DSL,Yes,Yes,Yes,No,No,One year,Yes,Mailed check,58.45,1955.4,No,1,11,120.2,Ben Arous
Female,0,Yes,No,69,Yes,No,Fiber optic,No,Yes,No,Yes,Yes,One year,Yes,Credit card (automatic),95.65,6744.2,No,0,8,79.93,Ariana
Female,0,Yes,Yes,60,Yes,No,DSL,No,Yes,Yes,Yes,Yes,Two year,Yes,Bank transfer (automatic),80.6,4946.7,No,4,26,82.61,Sfax
Female,0,Yes,Yes,72,Yes,Yes,Fiber optic,Yes,Yes,Yes,Yes,Yes,Two year,Yes,Bank transfer (automatic),113.1,8248.5,No,2,19,64.13,Bizerte
Female,0,No,No,11,Yes,Yes,DSL,No,No,No,No,Yes,Month-to-month,Yes,Mailed check,58.95,601.6,No,3,22,101.16,Ariana
Female,0,No,No,1,Yes,No,No,No internet service,No internet service,No internet service,No internet service,No internet service,Month-to-month,No,Mailed check,19.55,19.55,No,1,14,56.31,Kairouan
Male,0,No,No,10,Yes,Yes,Fiber optic,No,No,No,Yes,No,Month-to-month,Yes,Bank transfer (automatic),86.05,834.1,Yes,9,3,28.98,Tunis
Male,0,No,No,13,No,No phone service,DSL,Yes,No,No,Yes,No,Month-to-month,Yes,Credit card (automatic),45.55,597.0,Yes,10,4,27.38,Kasserine
Male,0,Yes,Yes,34,Yes,No,Fiber optic,No,No,No,No,Yes,One year,Yes,Bank transfer (automatic),78.95,2647.2,No,4,13,99.28,Tunis
Male,0,Yes,Yes,39,Yes,No,Fiber optic,No,Yes,No,Yes,No,Month-to-month,Yes,Mailed check,86.3,3266.0,Yes,10,4,31.56,Bizerte
Female,0,No,No,65,Yes,Yes,Fiber optic,No,Yes,No,Yes,Yes,One year,Yes,Bank transfer (automatic),105.05,6744.25,No,4,19,51.56,Kasserine
Male,1,Yes,No,50,Yes,Yes,Fiber optic,Yes,Yes,Yes,Yes,No,One year,Yes,Bank transfer (automatic),101.9,5265.5,No,0,15,131.16,Sfax
Male,0,No,No,15,Yes,No,No,No internet service,No internet service,No internet service,No internet service,No internet service,Month-to-month,No,Mailed check,19.75,311.6,No,3,19,140.82,Tunis
Male,0,Yes,Yes,72,Yes,Yes,Fiber optic,Yes,Yes,Yes,Yes,Yes,Two year,Yes,Bank transfer (automatic),110.3,7966.9,No,2,10,53.76,Sousse
Female,0,Yes,Yes,72,Yes,Yes,Fiber optic,Yes,Yes,Yes,Yes,Yes,Two year,Yes,Bank transfer (automatic),115.6,8220.4,No,3,30,25.09,Sfax
Male,0,Yes,Yes,55,Yes,No,No,No internet service,No internet service,No internet service,No internet service,No internet service,Two year,No,Bank transfer (automatic),19.35,1153.25,No,4,20,112.62,Sousse
Female,0,Yes,Yes,23,Yes,Yes,No,No internet service,No internet service,No internet service,No internet service,No internet service,Two year,Yes,Credit card (automatic),25.6,514.75,No,4,11,110.09,Sousse
Male,0,No,No,32,Yes,Yes,Fiber optic,No,Yes,No,No,No,Month-to-month,Yes,Bank transfer (automatic),80.35,2596.15,Yes,9,5,31.52,Ariana
Female,0,Yes,Yes,56,Yes,Yes,DSL,Yes,No,Yes,No,Yes,One year,Yes,Bank transfer (automatic),68.75,3808.0,No,0,5,85.41,Ariana
Female,0,No,No,1,Yes,No,No,No internet service,No internet service,No internet service,No internet service,No internet service,Month-to-month,No,Bank transfer (automatic),19.9,19.9,No,2,12,115.16,Sfax
Male,0,No,No,38,Yes,No,DSL,Yes,Yes,No,Yes,No,One year,No,Mailed check,70.6,2708.2,No,3,26,88.45,Mahdia
Male,0,No,No,11,Yes,No,Fiber optic,No,No,No,No,No,Month-to-month,No,Electronic check,70.2,760.05,No,2,16,88.29,Sousse
Male,0,No,No,1,Yes,No,DSL,No,No,No,No,No,Month-to-month,Yes,Electronic check,49.3,49.3,No,3,9,94.28,Siliana
Male,0,Yes,No,56,Yes,Yes,Fiber optic,No,Yes,No,Yes,Yes,One year,Yes,Electronic check,107.25,6033.3,No,4,17,24.75,Jendouba
Male,0,Yes,No,3,Yes,Yes,No,No internet service,No internet service,No internet service,No internet service,No internet service,Month-to-month,Yes,Mailed check,23.6,89.05,No,1,11,142.12,Jendouba
Male,0,Yes,Yes,7,Yes,No,DSL,Yes,No,No,Yes,Yes,Month-to-month,No,Credit card (automatic),69.7,516.15,No,0,11,22.07,Tunis
Male,0,Yes,Yes,59,Yes,Yes,Fiber optic,No,No,Yes,Yes,Yes,Two year,Yes,Credit card (automatic),99.5,5861.75,No,2,28,14.49,Bizerte
Male,0,No,No,7,Yes,No,DSL,No,No,Yes,Yes,No,Month-to-month,No,Bank transfer (automatic),64.3,445.95,No,3,10,88.54,Sousse
Male,0,Yes,Yes,71,Yes,No,DSL,Yes,No,Yes,No,Yes,Two year,Yes,Credit card (automatic),70.85,4973.4,No,0,22,98.32,Sidi Bouzid
Male,0,Yes,Yes,15,Yes,No,Fiber optic,Yes,No,No,Yes,Yes,One year,No,Electronic check,101.9,1667.25,No,3,26,43.72,Kef
Male,0,Yes,No,71,Yes,Yes,DSL,Yes,Yes,No,Yes,No,Two year,No,Credit card (automatic),73.5,5357.75,No,2,10,122.48,Gabès
Female,0,No,No,35,Yes,Yes,Fiber optic,No,No,Yes,Yes,Yes,Month-to-month,Yes,Electronic check,100.25,3527.6,Yes,4,5,48.06,Sousse
Female,0,No,No,11,No,No phone service,DSL,No,Yes,Yes,No,No,One year,Yes,Credit card (automatic),40.4,422.6,No,3,6,33.1,Nabeul
Female,0,Yes,Yes,60,Yes,No,No,No internet service,No internet service,No internet service,No internet service,No internet service,Two year,Yes,Credit card (automatic),19.25,1103.25,No,3,23,111.65,Sidi Bouzid
Male,1,No,No,47,Yes,Yes,DSL,No,Yes,No,No,No,Two year,No,Bank transfer (automatic),59.6,2754.0,No,2,5,115.56,Sfax
Female,0,No,No,11,Yes,No,DSL,No,No,Yes,No,Yes,One year,No,Credit card (automatic),64.9,697.25,No,4,24,108.83,Nabeul
Male,0,Yes,No,56,Yes,Yes,Fiber optic,No,Yes,No,Yes,Yes,One year,No,Credit card (automatic),100.3,5614.45,Yes,4,3,31.29,Bizerte
Female,1,Yes,No,28,Yes,Yes,Fiber optic,No,Yes,Yes,Yes,Yes,Month-to-month,Yes,Electronic check,110.85,3204.4,No,0,28,90.96,Jendouba
Male,0,Yes,No,61,Yes,No,DSL,Yes,Yes,No,Yes,Yes,Two year,Yes,Mailed check,81.05,4747.65,No,4,13,25.56,Tunis
Male,0,Yes,Yes,31,Yes,Yes,Fiber optic,Yes,No,Yes,Yes,No,One year,No,Bank transfer (automatic),98.05,3082.1,No,4,17,84.43,Sidi Bouzid
Male,0,No,No,9,Yes,No,Fiber optic,No,No,No,No,No,Month-to-month,Yes,Electronic check,70.5,597.9,No,4,16,10.65,Kairouan
Male,1,Yes,No,35,Yes,Yes,Fiber optic,Yes,Yes,No,No,Yes,Month-to-month,Yes,Electronic check,94.55,3365.4,No,1,28,24.85,Ariana
Male,0,No,No,2,Yes,No,No,No internet service,No internet service,No internet service,No internet service,No internet service,Month-to-month,Yes,Mailed check,19.65,38.8,No,4,13,70.8,Ariana
Female,0,Yes,Yes,12,Yes,No,No,No internet service,No internet service,No internet service,No internet service,No internet service,Month-to-month,No,Mailed check,19.0,233.55,Yes,6,0,49.76,Médiénine
Female,0,No,No,1,Yes,No,Fiber optic,Yes,No,No,No,No,Month-to-month,No,Mailed check,75.3,75.3,Yes,8,3,6.31,Kairouan
Female,1,No,No,4,Yes,Yes,Fiber optic,No,No,Yes,Yes,No,Month-to-month,Yes,Electronic check,89.2,346.2,Yes,7,0,37.73,Tunis
Female,0,Yes,Yes,1,Yes,No,No,No internet service,No internet service,No internet service,No internet service,No internet service,Month-to-month,Yes,Mailed check,19.0,19.0,No,0,14,22.93,Gabès
Female,0,No,No,3,Yes,No,No,No internet service,No internet service,No internet service,No internet service,No internet service,Month-to-month,Yes,Mailed check,20.0,61.7,No,0,17,96.65,Kasserine
Female,1,No,No,1,Yes,Yes,Fiber optic,No,No,No,Yes,No,Month-to-month,Yes,Electronic check,85.7,85.7,Yes,10,4,11.65,Ariana
Male,0,No,No,52,Yes,No,DSL,Yes,Yes,No,Yes,No,Two year,Yes,Credit card (automatic),63.25,3342.45,No,1,26,75.6,Gafsa
Male,0,Yes,Yes,5,Yes,No,No,No internet service,No internet service,No internet service,No internet service,No internet service,One year,No,Mailed check,20.1,85.1,No,1,23,55.47,Zaghouan
Male,0,Yes,No,72,Yes,Yes,Fiber optic,Yes,Yes,Yes,No,Yes,Two year,Yes,Electronic check,99.15,7422.1,No,4,5,75.74,Ariana
Male,0,Yes,Yes,71,Yes,Yes,DSL,Yes,Yes,Yes,Yes,Yes,Two year,No,Electronic check,90.4,6668.05,No,2,20,43.31,Manouba
Male,0,Yes,No,72,Yes,Yes,Fiber optic,Yes,No,Yes,Yes,Yes,Two year,Yes,Credit card (automatic),111.9,8071.05,No,3,29,69.42,Sousse
Male,0,Yes,Yes,46,Yes,Yes,No,No internet service,No internet service,No internet service,No internet service,No internet service,One year,No,Electronic check,24.9,1174.8,No,1,25,132.17,Sidi Bouzid
Male,0,Yes,Yes,63,Yes,Yes,DSL,Yes,Yes,Yes,Yes,Yes,Two year,No,Credit card (automatic),83.5,5435.0,No,3,5,110.63,Jendouba
Male,0,No,No,30,Yes,No,Fiber optic,Yes,Yes,Yes,No,No,Month-to-month,Yes,Credit card (automatic),84.3,2438.6,No,2,22,77.7,Sousse
Male,0,No,No,1,Yes,No,DSL,No,No,No,No,No,Month-to-month,No,Mailed check,45.6,45.6,No,0,17,22.48,Bizerte
Female,0,No,No,12,Yes,Yes,DSL,Yes,No,Yes,No,No,Month-to-month,Yes,Mailed check,61.65,713.75,Yes,10,3,2.17,Tataouine
Male,0,No,No,16,No,No phone service,DSL,Yes,Yes,Yes,Yes,No,Two year,No,Mailed check,54.85,916.15,No,0,22,144.23,Sidi Bouzid
Male,0,No,No,4,Yes,Yes,DSL,No,No,No,No,Yes,Month-to-month,No,Mailed check,65.55,237.2,No,4,15,131.96,Tunis
Male,0,Yes,No,51,Yes,Yes,Fiber optic,No,Yes,No,No,Yes,One year,Yes,Credit card (automatic),90.35,4614.55,No,3,15,118.07,Bizerte
Male,0,Yes,No,65,Yes,No,No,No internet service,No internet service,No internet service,No internet service,No internet service,Two year,Yes,Credit card (automatic),20.4,1414.45,No,3,27,69.72,Sidi Bouzid
Male,0,No,No,16,Yes,No,Fiber optic,No,No,No,No,No,Month-to-month,Yes,Credit card (automatic),74.55,1170.5,No,4,13,99.93,Kef
Male,0,No,No,2,Yes,No,No,No internet service,No internet service,No internet service,No internet service,No internet service,One year,No,Mailed check,19.95,47.7,No,2,29,138.16,Ariana
Female,0,Yes,Yes,66,Yes,Yes,Fiber optic,No,No,No,No,No,One year,Yes,Bank transfer (automatic),74.25,4859.25,No,1,10,32.53,Manouba
Male,0,No,No,46,Yes,Yes,Fiber optic,No,Yes,Yes,Yes,Yes,Two year,No,Electronic check,108.65,4903.2,No,1,12,119.79,Bizerte
Female,0,No,No,32,Yes,Yes,Fiber optic,Yes,No,Yes,Yes,Yes,One year,Yes,Bank transfer (automatic),109.55,3608.0,No,2,5,110.21,Monastir
Male,0,Yes,No,72,Yes,Yes,DSL,Yes,No,Yes,Yes,Yes,Two year,No,Credit card (automatic),86.65,6094.25,No,3,15,44.1,Sfax
Male,0,Yes,Yes,38,Yes,No,DSL,Yes,No,Yes,Yes,Yes,Two year,No,Credit card (automatic),81.0,3084.9,No,3,19,113.09,Gabès
Male,0,No,Yes,51,Yes,No,DSL,No,No,No,No,No,One year,No,Credit card (automatic),47.85,2356.75,No,2,11,102.39,Tunis
Male,0,Yes,Yes,72,Yes,Yes,Fiber optic,Yes,Yes,Yes,Yes,Yes,Two year,No,Bank transfer (automatic),114.55,8306.05,No,3,30,32.48,Ben Arous
Female,1,Yes,No,65,Yes,Yes,Fiber optic,Yes,No,Yes,Yes,Yes,Month-to-month,No,Bank transfer (automatic),105.25,6786.4,Yes,10,5,24.94,Tunis
Male,0,Yes,Yes,9,No,No phone service,DSL,No,Yes,No,No,No,Month-to-month,Yes,Electronic check,29.95,248.95,Yes,4,1,3.38,Sidi Bouzid
Female,0,Yes,Yes,9,Yes,No,DSL,Yes,Yes,Yes,No,No,Month-to-month,No,Mailed check,65.0,663.05,Yes,4,3,19.81,Gabès
Male,0,No,Yes,66,Yes,No,No,No internet service,No internet service,No internet service,No internet service,No internet service,Two year,No,Mailed check,20.55,1357.1,No,1,9,97.36,Sfax
Female,1,No,No,44,Yes,Yes,Fiber optic,Yes,Yes,Yes,Yes,Yes,One year,Yes,Credit card (automatic),109.8,4860.35,No,2,16,140.09,Tunis
Male,0,No,No,50,Yes,Yes,DSL,No,No,Yes,No,Yes,Two year,No,Bank transfer (automatic),69.5,3418.2,No,1,8,149.45,Manouba
Female,0,No,No,15,Yes,Yes,DSL,No,No,No,No,No,Month-to-month,No,Mailed check,48.85,631.4,No,1,11,96.13,Manouba
Male,0,No,No,8,No,No phone service,DSL,No,No,No,No,No,Month-to-month,Yes,Credit card (automatic),25.25,186.3,No,2,5,87.09,Tunis
Female,1,No,No,66,Yes,Yes,Fiber optic,No,No,Yes,Yes,Yes,One year,Yes,Credit card (automatic),102.85,6976.75,No,2,23,55.48,Kasserine
Female,0,No,No,57,Yes,Yes,Fiber optic,Yes,Yes,No,No,No,Month-to-month,Yes,Bank transfer (automatic),87.55,4884.85,No,2,16,135.26,Tunis
Female,0,No,No,7,Yes,Yes,Fiber optic,No,Yes,No,No,No,Month-to-month,Yes,Bank transfer (automatic),78.55,522.95,No,0,16,139.85,Tunis
Male,1,Yes,Yes,10,No,No phone service,DSL,No,No,No,No,Yes,Month-to-month,Yes,Bank transfer (automatic),34.55,362.6,No,4,16,103.65,Kef
Female,0,No,No,62,Yes,Yes,Fiber optic,Yes,Yes,Yes,No,No,One year,Yes,Electronic check,92.05,5755.8,No,4,25,128.61,Gabès
Male,0,Yes,Yes,40,Yes,No,Fiber optic,No,No,Yes,Yes,No,One year,Yes,Electronic check,85.05,3355.65,No,1,29,116.24,Médiénine
Female,0,No,No,20,Yes,No,No,No internet service,No internet service,No internet service,No internet service,No internet service,Two year,No,Mailed check,19.7,406.95,No,0,25,98.72,Nabeul
Female,0,No,No,7,Yes,No,No,No internet service,No internet service,No internet service,No internet service,No internet service,Month-to-month,No,Bank transfer (automatic),20.0,137.6,Yes,10,3,7.94,Tunis
Female,0,Yes,No,25,Yes,No,Fiber optic,No,No,No,Yes,Yes,Month-to-month,Yes,Electronic check,95.15,2395.7,No,2,18,149.52,Ariana
Male,0,Yes,No,23,Yes,Yes,Fiber optic,No,Yes,Yes,No,No,Month-to-month,No,Electronic check,84.25,1968.1,No,4,5,129.71,Kasserine
Female,1,Yes,No,66,Yes,Yes,Fiber optic,No,Yes,Yes,Yes,Yes,One year,No,Credit card (automatic),104.6,6819.45,No,4,23,78.68,Tunis
Female,1,No,No,72,Yes,Yes,Fiber optic,No,Yes,Yes,Yes,Yes,Two year,No,Electronic check,111.65,7943.45,No,3,16,130.61,Tunis
Male,1,Yes,No,49,Yes,Yes,Fiber optic,No,Yes,No,No,Yes,Month-to-month,No,Credit card (automatic),90.05,4547.25,Yes,10,3,39.08,Jendouba
Male,1,Yes,Yes,43,Yes,Yes,Fiber optic,No,Yes,Yes,Yes,Yes,Month-to-month,Yes,Bank transfer (automatic),110.75,4687.9,Yes,6,4,42.56,Sidi Bouzid
Female,0,Yes,No,46,Yes,Yes,DSL,Yes,No,No,No,No,Month-to-month,No,Bank transfer (automatic),55.0,2473.95,No,3,26,52.5,Kairouan
Male,0,Yes,Yes,72,Yes,Yes,DSL,Yes,Yes,Yes,Yes,Yes,Two year,No,Credit card (automatic),89.85,6562.9,No,3,17,19.9,Tunis
Male,0,No,No,10,Yes,No,No,No internet service,No internet service,No internet service,No internet service,No internet service,One year,No,Mailed check,20.35,176.3,No,1,22,24.86,Monastir
Female,0,No,No,40,No,No phone service,DSL,Yes,No,No,Yes,Yes,One year,Yes,Bank transfer (automatic),54.55,2236.2,No,4,7,114.57,Ariana
Female,0,Yes,Yes,65,Yes,Yes,Fiber optic,No,Yes,Yes,Yes,Yes,Month-to-month,Yes,Electronic check,105.5,6985.65,Yes,10,5,1.34,Bizerte
Male,0,No,No,31,Yes,No,Fiber optic,No,No,Yes,Yes,Yes,Two year,No,Bank transfer (automatic),99.45,3109.9,No,4,7,135.0,Bizerte
Female,0,Yes,No,68,Yes,Yes,DSL,Yes,Yes,Yes,No,No,Two year,No,Credit card (automatic),70.9,4911.35,No,1,28,39.51,Nabeul
Male,1,Yes,Yes,56,Yes,Yes,Fiber optic,Yes,No,Yes,Yes,Yes,One year,Yes,Bank transfer (automatic),104.55,5794.65,Yes,4,2,48.16,Tunis
Male,0,Yes,No,10,Yes,Yes,Fiber optic,No,No,No,No,Yes,Month-to-month,Yes,Electronic check,85.25,855.3,Yes,4,2,10.34,Tunis
Male,0,Yes,Yes,68,Yes,Yes,No,No internet service,No internet service,No internet service,No internet service,No internet service,Two year,No,Bank transfer (automatic),25.4,1620.2,No,1,12,95.84,Ben Arous
Female,0,Yes,Yes,43,Yes,No,DSL,No,No,No,Yes,No,Month-to-month,No,Electronic check,56.15,2499.3,Yes,8,4,42.58,Kasserine
Male,0,No,No,1,Yes,No,Fiber optic,No,No,No,Yes,Yes,Month-to-month,Yes,Electronic check,89.55,89.55,Yes,6,1,12.99,Sfax
Female,1,No,No,49,Yes,No,Fiber optic,No,Yes,Yes,No,Yes,One year,Yes,Bank transfer (automatic),89.85,4287.2,No,0,30,77.97,Tunis
Female,0,Yes,Yes,15,Yes,Yes,No,No internet service,No internet service,No internet service,No internet service,No internet service,Month-to-month,Yes,Electronic check,25.25,394.85,No,4,24,137.41,Ben Arous
Male,1,Yes,No,20,Yes,Yes,Fiber optic,No,No,No,Yes,Yes,Month-to-month,Yes,Electronic check,94.55,1899.65,Yes,5,0,7.3,Gabès
Male,0,No,No,1,Yes,No,DSL,No,No,No,No,No,Month-to-month,Yes,Mailed check,45.7,45.7,Yes,7,1,35.86,Sousse
Male,0,Yes,Yes,50,Yes,Yes,DSL,No,No,Yes,Yes,No,One year,Yes,Electronic check,69.65,3442.15,No,2,6,140.65,Kairouan
Female,1,No,No,2,Yes,Yes,Fiber optic,No,Yes,No,No,Yes,Month-to-month,No,Electronic check,89.5,161.5,Yes,4,1,38.98,Sidi Bouzid
Male,1,No,No,24,Yes,No,Fiber optic,No,No,No,No,No,Month-to-month,No,Credit card (automatic),70.0,1732.6,No,2,15,39.62,Gabès
Female,0,No,No,3,Yes,No,Fiber optic,No,No,No,No,No,Month-to-month,Yes,Bank transfer (automatic),69.55,222.3,Yes,4,3,6.26,Tunis
Female,0,No,No,1,Yes,No,Fiber optic,No,No,Yes,No,No,Month-to-month,Yes,Mailed check,74.6,74.6,Yes,7,1,22.49,Kairouan
Male,0,Yes,Yes,35,Yes,No,No,No internet service,No internet service,No internet service,No internet service,No internet service,Two year,No,Mailed check,20.1,655.3,No,4,19,54.38,Nabeul
Female,0,No,No,17,Yes,Yes,No,No internet service,No internet service,No internet service,No internet service,No internet service,Month-to-month,No,Mailed check,24.8,475.25,No,3,5,125.84,Tunis
Female,1,No,No,8,Yes,No,No,No internet service,No internet service,No internet service,No internet service,No internet service,Month-to-month,No,Electronic check,19.65,164.3,Yes,8,5,42.82,Nabeul
Male,0,No,No,10,Yes,No,Fiber optic,No,No,No,Yes,Yes,Month-to-month,Yes,Credit card (automatic),95.1,865.1,No,4,12,79.5,Jendouba
Male,0,Yes,Yes,68,Yes,Yes,DSL,Yes,Yes,Yes,Yes,Yes,Two year,Yes,Credit card (automatic),88.85,6132.7,No,3,22,54.32,Bizerte
Male,0,Yes,No,45,Yes,No,DSL,Yes,Yes,Yes,Yes,Yes,One year,No,Bank transfer (automatic),78.8,3597.5,No,3,15,98.12,Ariana
Male,0,Yes,Yes,2,Yes,No,No,No internet service,No internet service,No internet service,No internet service,No internet service,One year,No,Mailed check,19.85,35.9,Yes,7,2,41.47,Tunis
Male,0,Yes,No,37,Yes,No,No,No internet service,No internet service,No internet service,No internet service,No internet service,Month-to-month,No,Bank transfer (automatic),20.35,697.65,No,1,5,136.86,Sousse
Female,0,No,No,4,No,No phone service,DSL,No,No,No,No,No,Month-to-month,Yes,Mailed check,24.25,96.05,Yes,6,1,16.42,Kasserine
Female,0,No,No,10,Yes,No,DSL,No,No,No,No,No,Month-to-month,No,Mailed check,45.25,428.7,No,4,24,135.72,Jendouba
Male,0,No,No,1,Yes,No,No,No internet service,No internet service,No internet service,No internet service,No internet service,Month-to-month,No,Mailed check,20.05,20.05,No,4,10,53.72,Béja
Male,0,Yes,Yes,65,Yes,Yes,DSL,Yes,Yes,No,No,Yes,Two year,Yes,Mailed check,69.55,4459.15,No,3,10,128.68,Bizerte
Female,0,Yes,Yes,57,Yes,No,No,No internet service,No internet service,No internet service,No internet service,No internet service,Two year,No,Bank transfer (automatic),19.5,1167.6,No,2,25,86.1,Sfax
Female,0,No,No,3,Yes,No,Fiber optic,No,No,Yes,No,No,Month-to-month,Yes,Mailed check,74.75,238.1,No,2,12,69.4,Sousse
Female,0,No,No,2,Yes,No,Fiber optic,No,No,No,No,No,Month-to-month,No,Electronic check,69.65,145.15,Yes,6,1,2.66,Bizerte
Male,0,No,No,49,No,No phone service,DSL,No,No,Yes,No,No,Month-to-month,Yes,Bank transfer (automatic),30.2,1453.1,No,4,17,15.99,Ariana
Female,0,No,No,4,Yes,No,DSL,No,No,No,No,No,Month-to-month,No,Mailed check,45.65,191.05,Yes,7,0,41.41,Gabès
Female,0,Yes,No,70,No,No phone service,DSL,No,Yes,Yes,Yes,Yes,Two year,No,Bank transfer (automatic),57.8,4039.3,No,2,12,145.87,Médiénine
Female,0,Yes,Yes,53,Yes,No,No,No internet service,No internet service,No internet service,No internet service,No internet service,One year,Yes,Bank transfer (automatic),19.85,1039.45,No,0,28,111.43,Kasserine
Male,0,Yes,Yes,53,Yes,Yes,No,No internet service,No internet service,No internet service,No internet service,No internet service,Two year,No,Credit card (automatic),25.55,1336.1,No,1,23,95.52,Tunis
Female,0,No,No,1,Yes,Yes,Fiber optic,No,No,No,No,No,Month-to-month,Yes,Mailed check,75.05,75.05,Yes,9,5,23.52,Sfax
Male,0,No,No,22,Yes,Yes,No,No internet service,No internet service,No internet service,No internet service,No internet service,Month-to-month,Yes,Credit card (automatic),24.85,493.4,No,4,13,94.25,Sfax
Male,1,No,No,52,No,No phone service,DSL,No,Yes,No,Yes,Yes,Month-to-month,Yes,Electronic check,49.15,2550.9,Yes,5,2,5.75,Tozeur
Male,1,No,No,65,Yes,Yes,Fiber optic,Yes,No,Yes,Yes,Yes,Two year,Yes,Electronic check,110.35,7246.15,No,0,15,94.96,Tunis
Female,0,No,No,48,Yes,Yes,No,No internet service,No internet service,No internet service,No internet service,No internet service,One year,No,Bank transfer (automatic),24.55,1203.95,No,3,15,93.67,Kairouan
Female,0,No,No,2,No,No phone service,DSL,No,No,No,No,Yes,Month-to-month,Yes,Electronic check,34.7,62.25,Yes,8,5,23.17,Ariana
Male,0,No,No,3,Yes,Yes,Fiber optic,No,Yes,Yes,Yes,Yes,Month-to-month,No,Mailed check,107.95,313.6,No,1,5,127.43,Gabès
Male,0,Yes,No,45,Yes,Yes,Fiber optic,No,Yes,No,No,No,Month-to-month,No,Bank transfer (automatic),81.4,3775.85,No,0,23,127.58,Médiénine
Male,0,Yes,Yes,1,Yes,No,Fiber optic,No,No,No,No,Yes,Month-to-month,No,Electronic check,80.0,80.0,Yes,7,1,10.07,Kef
Female,0,Yes,Yes,61,Yes,No,DSL,No,No,Yes,Yes,Yes,Two year,Yes,Bank transfer (automatic),73.8,4616.05,No,3,25,78.58,Ariana
Male,0,No,No,3,Yes,No,DSL,Yes,No,No,Yes,No,Month-to-month,Yes,Credit card (automatic),64.4,195.65,No,0,12,142.33,Kasserine
Female,1,No,No,40,Yes,Yes,Fiber optic,No,No,Yes,Yes,Yes,One year,Yes,Credit card (automatic),103.75,4188.4,No,3,10,39.45,Kairouan
Female,0,No,No,1,Yes,No,Fiber optic,No,No,No,No,No,Month-to-month,No,Mailed check,71.1,71.1,No,4,5,74.96,Sidi Bouzid
Female,0,No,No,1,Yes,No,DSL,No,No,No,No,No,Month-to-month,Yes,Electronic check,49.9,49.9,No,0,27,16.44,Kef
Male,0,No,No,51,Yes,Yes,No,No internet service,No internet service,No internet service,No internet service,No internet service,One year,Yes,Bank transfer (automatic),24.6,1266.4,No,0,27,101.72,Gabès
Male,1,No,No,2,Yes,No,DSL,Yes,No,No,No,No,Month-to-month,Yes,Electronic check,49.25,91.1,Yes,5,2,49.64,Mahdia
Male,0,No,No,52,No,No phone service,DSL,No,Yes,No,No,No,One year,No,Mailed check,30.1,1623.4,No,4,7,22.48,Gafsa
Male,0,No,No,51,Yes,Yes,Fiber optic,No,No,No,No,Yes,Month-to-month,No,Bank transfer (automatic),83.4,4149.45,No,2,20,72.83,Sfax
Male,0,No,No,1,Yes,No,No,No internet service,No internet service,No internet service,No internet service,No internet service,Month-to-month,Yes,Mailed check,20.45,20.45,No,1,11,93.23,Ben Arous
Male,0,Yes,Yes,31,Yes,Yes,DSL,Yes,Yes,No,No,Yes,One year,Yes,Bank transfer (automatic),75.25,2344.5,No,1,10,35.02,Zaghouan
Male,0,No,Yes,47,Yes,No,No,No internet service,No internet service,No internet service,No internet service,No internet service,One year,No,Credit card (automatic),20.55,1013.05,No,3,22,29.75,Siliana
Female,0,No,No,3,Yes,Yes,Fiber optic,No,No,No,No,No,Month-to-month,Yes,Credit card (automatic),75.1,270.7,Yes,6,1,32.49,Kebili
Female,1,No,No,22,Yes,No,No,No internet service,No internet service,No internet service,No internet service,No internet service,One year,Yes,Mailed check,20.05,417.0,No,2,29,46.36,Tunis
Female,0,Yes,No,1,Yes,No,No,No internet service,No internet service,No internet service,No internet service,No internet service,Month-to-month,Yes,Mailed check,20.65,20.65,No,1,16,85.58,Kef
Male,0,Yes,No,72,Yes,Yes,DSL,No,Yes,Yes,Yes,Yes,Two year,Yes,Bank transfer (automatic),85.15,6316.2,No,3,18,94.13,Tunis
Male,0,Yes,Yes,3,Yes,No,DSL,No,No,Yes,No,No,Month-to-month,Yes,Electronic check,50.15,168.15,Yes,9,4,12.82,Sfax
Male,1,Yes,Yes,47,Yes,No,Fiber optic,No,Yes,No,Yes,No,One year,Yes,Bank transfer (automatic),84.95,4018.05,No,3,9,92.83,Gabès
Male,0,Yes,Yes,72,Yes,Yes,DSL,Yes,No,Yes,No,No,Two year,Yes,Credit card (automatic),66.5,4811.6,No,1,5,38.51,Tunis
Male,0,Yes,Yes,66,Yes,Yes,DSL,No,No,Yes,Yes,No,Two year,Yes,Bank transfer (automatic),63.3,4189.7,No,3,23,86.92,Tunis
Male,0,No,No,35,Yes,Yes,Fiber optic,No,No,No,Yes,No,Month-to-month,No,Electronic check,83.15,2848.45,No,1,26,134.68,Kairouan
Male,0,No,No,29,Yes,Yes,Fiber optic,No,No,No,No,Yes,Month-to-month,Yes,Electronic check,84.9,2516.2,No,4,29,10.38,Ariana
Female,0,No,No,2,Yes,No,No,No internet service,No internet service,No internet service,No internet service,No internet service,Month-to-month,Yes,Mailed check,20.55,33.6,No,3,19,49.64,Béja
Male,0,No,No,4,Yes,No,DSL,No,Yes,No,No,No,Month-to-month,No,Mailed check,49.25,208.45,No,2,30,19.92,Béja
Female,0,No,No,25,Yes,No,Fiber optic,Yes,Yes,No,No,No,Month-to-month,Yes,Bank transfer (automatic),79.85,2015.35,Yes,9,1,7.58,Gabès
Female,0,No,No,65,Yes,No,DSL,Yes,Yes,No,No,No,Two year,Yes,Mailed check,59.6,3739.8,No,2,27,18.56,Sidi Bouzid
Male,1,No,No,27,Yes,Yes,Fiber optic,No,Yes,No,Yes,Yes,One year,Yes,Bank transfer (automatic),104.65,2964.0,No,2,7,76.17,Monastir
Male,0,Yes,No,29,Yes,No,Fiber optic,No,No,Yes,No,No,Month-to-month,Yes,Credit card (automatic),75.3,2263.4,No,1,5,114.76,Tunis
Male,0,Yes,Yes,29,Yes,Yes,DSL,No,Yes,Yes,Yes,Yes,Month-to-month,No,Credit card (automatic),80.1,2211.8,No,0,14,32.04,Ariana
Male,0,No,No,1,Yes,No,No,No internet service,No internet service,No internet service,No internet service,No internet service,Month-to-month,No,Mailed check,19.55,19.55,Yes,4,0,9.76,Manouba
Female,0,Yes,No,20,Yes,No,Fiber optic,No,No,Yes,No,No,Month-to-month,Yes,Mailed check,81.0,1683.7,No,3,19,114.8,Tunis
Female,0,No,No,58,Yes,Yes,No,No internet service,No internet service,No internet service,No internet service,No internet service,Two year,Yes,Credit card (automatic),24.7,1519.0,No,0,7,123.44,Ariana
Female,0,No,Yes,14,Yes,Yes,Fiber optic,Yes,No,No,No,No,Month-to-month,Yes,Mailed check,86.0,1164.05,No,0,21,141.52,Mahdia
Male,0,Yes,No,72,Yes,Yes,No,No internet service,No internet service,No internet service,No internet service,No internet service,Two year,No,Mailed check,25.4,1710.9,No,1,14,31.79,Sidi Bouzid
Male,0,No,No,46,Yes,Yes,Fiber optic,Yes,No,No,Yes,No,Month-to-month,Yes,Credit card (automatic),89.15,4245.55,No,3,9,133.81,Kasserine
Female,0,Yes,No,71,No,No phone service,DSL,No,Yes,Yes,Yes,Yes,Two year,No,Bank transfer (automatic),58.25,4145.9,No,2,14,124.85,Tunis
Male,0,No,No,32,Yes,Yes,Fiber optic,No,No,No,No,Yes,Month-to-month,Yes,Bank transfer (automatic),85.65,2664.3,No,3,20,143.57,Tunis
Female,0,No,No,26,No,No phone service,DSL,No,No,Yes,Yes,Yes,Month-to-month,Yes,Credit card (automatic),50.35,1277.5,No,4,25,73.91,Nabeul
Male,1,Yes,No,68,Yes,Yes,Fiber optic,No,No,Yes,No,No,Month-to-month,Yes,Credit card (automatic),80.35,5589.3,No,3,8,120.02,Zaghouan
Male,0,Yes,Yes,2,Yes,No,No,No internet service,No internet service,No internet service,No internet service,No internet service,One year,No,Mailed check,20.2,34.75,No,1,15,46.15,Bizerte
Male,0,Yes,Yes,61,Yes,No,No,No internet service,No internet service,No internet service,No internet service,No internet service,Two year,No,Credit card (automatic),20.55,1305.95,No,4,18,76.71,Tunis
Female,0,Yes,Yes,4,Yes,Yes,Fiber optic,No,No,No,No,Yes,Month-to-month,Yes,Electronic check,85.95,381.3,Yes,8,5,48.17,Ben Arous
Male,0,No,No,3,Yes,No,DSL,No,No,No,No,No,Month-to-month,Yes,Electronic check,45.35,141.5,Yes,6,4,46.66,Gabès
Male,1,Yes,No,33,Yes,Yes,Fiber optic,No,No,No,Yes,Yes,Month-to-month,Yes,Electronic check,94.5,3105.55,Yes,4,0,25.7,Ariana
Male,1,Yes,No,9,Yes,No,No,No internet service,No internet service,No internet service,No internet service,No internet service,Month-to-month,Yes,Mailed check,21.25,204.55,No,3,22,105.21,Kairouan
Female,0,No,No,22,Yes,Yes,No,No internet service,No internet service,No internet service,No internet service,No internet service,Two year,No,Mailed check,26.25,605.9,No,0,19,53.12,Sfax
Female,0,Yes,Yes,5,Yes,No,Fiber optic,No,No,No,Yes,No,Month-to-month,Yes,Electronic check,80.85,356.1,No,0,10,128.62,Nabeul
Female,1,No,No,30,Yes,Yes,Fiber optic,Yes,Yes,Yes,No,No,Month-to-month,No,Credit card (automatic),91.7,2758.15,Yes,6,2,11.73,Sfax
Male,0,No,No,65,Yes,Yes,DSL,No,Yes,Yes,No,Yes,Two year,Yes,Credit card (automatic),74.2,4805.65,No,3,5,122.9,Kasserine
Female,0,No,No,45,Yes,Yes,Fiber optic,No,No,Yes,No,No,Month-to-month,Yes,Electronic check,87.25,3941.7,Yes,8,1,15.23,Gabès
Male,0,No,No,5,Yes,No,No,No internet service,No internet service,No internet service,No internet service,No internet service,Month-to-month,No,Mailed check,20.35,92.75,No,2,26,57.28,Nabeul
Male,0,Yes,Yes,25,Yes,No,Fiber optic,No,Yes,No,No,No,Month-to-month,Yes,Electronic check,75.5,1901.05,No,4,29,125.62,Sfax
Female,0,Yes,Yes,72,Yes,Yes,Fiber optic,Yes,No,No,No,No,Two year,No,Bank transfer (automatic),79.05,5730.7,No,0,30,21.98,Nabeul
Female,0,Yes,No,27,Yes,Yes,Fiber optic,No,No,Yes,No,Yes,Month-to-month,No,Bank transfer (automatic),90.15,2423.4,No,2,22,95.68,Béja
Male,0,Yes,Yes,32,No,No phone service,DSL,No,No,Yes,Yes,Yes,Month-to-month,No,Credit card (automatic),50.6,1653.45,No,3,14,101.27,Tunis
Female,0,No,No,30,Yes,Yes,Fiber optic,No,Yes,Yes,Yes,Yes,One year,No,Credit card (automatic),110.45,3327.05,No,0,8,127.21,Béja
Male,0,Yes,No,70,Yes,No,Fiber optic,Yes,Yes,Yes,No,Yes,Two year,No,Credit card (automatic),101.0,7085.5,No,2,23,146.12,Kasserine
Male,1,No,No,42,Yes,Yes,Fiber optic,No,Yes,No,No,No,Month-to-month,Yes,Bank transfer (automatic),79.35,3344.1,No,3,13,96.11,Manouba
Female,1,Yes,No,72,Yes,Yes,DSL,Yes,Yes,Yes,Yes,Yes,Two year,Yes,Bank transfer (automatic),89.85,6697.35,No,2,17,118.01,Tunis
Female,0,No,No,47,Yes,Yes,DSL,Yes,No,Yes,No,No,Two year,Yes,Mailed check,65.0,2879.9,No,4,21,37.64,Manouba
Female,0,No,No,2,Yes,No,Fiber optic,Yes,No,Yes,No,No,Month-to-month,Yes,Electronic check,80.45,137.1,No,2,9,145.88,Sfax
Male,0,No,No,10,Yes,Yes,Fiber optic,Yes,No,No,Yes,Yes,Month-to-month,No,Electronic check,98.55,1008.55,Yes,10,4,35.92,Tunis
Female,0,Yes,Yes,61,Yes,Yes,No,No internet service,No internet service,No internet service,No internet service,No internet service,Two year,Yes,Mailed check,24.1,1551.6,No,0,30,149.91,Gabès
Female,0,No,No,5,Yes,No,DSL,No,No,No,No,No,Month-to-month,Yes,Credit card (automatic),44.05,202.15,No,0,13,120.56,Monastir
Female,1,Yes,No,72,Yes,Yes,Fiber optic,No,Yes,Yes,Yes,Yes,Two year,Yes,Credit card (automatic),110.8,7882.25,No,4,9,97.69,Siliana
Male,1,Yes,Yes,72,Yes,Yes,Fiber optic,Yes,Yes,Yes,Yes,Yes,Two year,Yes,Bank transfer (automatic),114.95,8196.4,No,4,12,32.27,Béja
Female,1,No,No,3,Yes,No,Fiber optic,No,No,Yes,No,No,Month-to-month,No,Mailed check,75.05,202.9,No,3,9,148.83,Monastir
Male,0,Yes,No,48,Yes,No,No,No internet service,No internet service,No internet service,No internet service,No internet service,Two year,No,Mailed check,19.25,855.1,No,2,7,23.63,Tunis
Female,0,No,No,63,Yes,No,Fiber optic,No,No,Yes,Yes,No,One year,Yes,Credit card (automatic),90.05,5817.0,No,1,9,130.51,Sousse
Female,0,No,No,27,Yes,No,DSL,Yes,Yes,No,No,No,Month-to-month,Yes,Mailed check,56.7,1652.95,No,2,18,117.52,Sfax
Male,0,Yes,Yes,70,Yes,No,DSL,Yes,Yes,Yes,Yes,Yes,Two year,Yes,Credit card (automatic),80.15,5600.15,No,3,28,44.98,Kasserine
Male,0,Yes,Yes,7,Yes,No,DSL,Yes,No,Yes,No,Yes,Month-to-month,Yes,Credit card (automatic),71.35,515.75,No,2,25,147.91,Tunis
Male,0,No,Yes,0,Yes,No,No,No internet service,No internet service,No internet service,No internet service,No internet service,Two year,No,Mailed check,20.25,1397.475,No,4,20,27.01,Sfax
Female,0,Yes,No,2,Yes,No,Fiber optic,Yes,Yes,No,Yes,No,Month-to-month,No,Electronic check,90.35,190.5,No,2,16,78.57,Siliana
Male,1,No,No,20,Yes,Yes,Fiber optic,No,No,Yes,Yes,Yes,Month-to-month,Yes,Electronic check,98.55,1842.8,Yes,7,1,35.82,Sfax
Male,0,No,No,66,Yes,No,No,No internet service,No internet service,No internet service,No internet service,No internet service,Two year,No,Bank transfer (automatic),19.7,1253.8,No,4,28,140.4,Ariana
Female,0,No,No,3,Yes,No,No,No internet service,No internet service,No internet service,No internet service,No internet service,Month-to-month,No,Mailed check,19.85,57.2,No,4,10,132.52,Nabeul
Female,0,No,Yes,15,Yes,No,Fiber optic,No,Yes,No,No,Yes,Month-to-month,Yes,Bank transfer (automatic),85.9,1269.55,Yes,6,1,45.89,Tunis
Female,0,Yes,Yes,72,Yes,Yes,Fiber optic,Yes,Yes,No,No,No,Two year,Yes,Bank transfer (automatic),90.35,6563.4,No,4,20,18.74,Mahdia
Male,0,No,No,1,Yes,No,No,No internet service,No internet service,No internet service,No internet service,No internet service,Month-to-month,No,Mailed check,20.8,20.8,No,1,27,96.61,Kairouan
Female,0,No,No,22,Yes,No,Fiber optic,No,No,No,Yes,Yes,Month-to-month,No,Electronic check,89.25,1907.85,Yes,5,1,47.39,Gabès
Male,0,Yes,No,3,Yes,No,Fiber optic,No,No,No,No,No,Month-to-month,Yes,Electronic check,70.3,208.85,Yes,9,0,27.39,Kairouan
Female,0,Yes,Yes,72,Yes,Yes,DSL,Yes,No,Yes,No,No,Two year,No,Bank transfer (automatic),66.85,4758.8,No,4,27,81.29,Ariana
Male,0,Yes,Yes,65,Yes,No,No,No internet service,No internet service,No internet service,No internet service,No internet service,Two year,No,Mailed check,19.9,1292.6,No,4,16,54.09,Tunis
Female,0,No,No,11,No,No phone service,DSL,No,No,No,Yes,No,Month-to-month,Yes,Mailed check,35.8,363.15,No,4,8,85.08,Médiénine
Male,0,No,No,22,Yes,Yes,Fiber optic,No,Yes,No,No,No,Month-to-month,Yes,Mailed check,78.85,1600.25,No,3,24,76.25,Nabeul
Male,0,No,No,14,Yes,No,No,No internet service,No internet service,No internet service,No internet service,No internet service,One year,No,Bank transfer (automatic),20.4,275.7,No,0,10,39.99,Ben Arous
Male,0,No,No,41,Yes,No,Fiber optic,No,No,No,No,No,Month-to-month,Yes,Electronic check,74.25,3089.1,No,3,23,132.62,Sfax
Male,0,Yes,No,17,Yes,No,DSL,Yes,Yes,No,No,Yes,One year,No,Mailed check,64.8,1175.6,No,0,25,128.98,Tunis
Male,0,No,No,11,Yes,No,No,No internet service,No internet service,No internet service,No internet service,No internet service,Month-to-month,Yes,Credit card (automatic),20.45,237.3,No,4,29,109.06,Kairouan
Male,0,No,No,15,Yes,Yes,Fiber optic,No,No,No,Yes,Yes,Month-to-month,Yes,Electronic check,93.35,1444.65,Yes,10,5,9.31,Tunis
Female,0,No,No,1,Yes,No,No,No internet service,No internet service,No internet service,No internet service,No internet service,Month-to-month,No,Mailed check,19.9,19.9,Yes,8,3,45.94,Tunis
Female,0,Yes,No,5,Yes,No,Fiber optic,Yes,No,Yes,No,Yes,Month-to-month,Yes,Mailed check,88.9,454.15,Yes,10,4,10.34,Zaghouan
Male,0,Yes,No,33,Yes,No,Fiber optic,No,No,Yes,Yes,Yes,One year,Yes,Electronic check,95.8,3036.75,Yes,5,3,21.32,Kairouan
Female,0,Yes,No,72,Yes,Yes,Fiber optic,Yes,Yes,Yes,Yes,Yes,Two year,Yes,Credit card (automatic),110.65,8065.65,No,1,16,129.16,Jendouba
Female,0,Yes,Yes,3,No,No phone service,DSL,No,Yes,No,No,Yes,Month-to-month,No,Mailed check,40.3,92.5,No,2,11,48.03,Tunis
Male,0,No,No,2,Yes,Yes,Fiber optic,No,Yes,No,No,No,Month-to-month,Yes,Electronic check,82.0,184.65,Yes,9,1,14.74,Tunis
Female,0,Yes,No,59,Yes,Yes,Fiber optic,Yes,Yes,Yes,No,Yes,One year,Yes,Credit card (automatic),107.0,6152.3,No,2,8,91.74,Nabeul
Male,0,No,No,2,Yes,No,DSL,No,No,No,No,No,Month-to-month,No,Electronic check,45.35,89.5,Yes,4,0,42.77,Tunis
Male,0,Yes,Yes,71,Yes,No,DSL,No,Yes,No,Yes,Yes,Two year,Yes,Credit card (automatic),73.35,5154.5,No,1,12,73.5,Kairouan
Female,0,Yes,Yes,5,Yes,No,DSL,No,No,No,No,No,Month-to-month,No,Mailed check,44.8,220.45,No,4,13,82.6,Monastir
Male,0,Yes,Yes,27,Yes,No,DSL,Yes,Yes,No,No,No,Month-to-month,Yes,Credit card (automatic),54.75,1510.3,No,2,22,35.0,Kairouan
Female,0,No,No,1,Yes,No,DSL,No,No,No,No,No,Month-to-month,Yes,Electronic check,52.2,52.2,Yes,5,2,16.87,Sfax
Male,0,No,Yes,63,No,No phone service,DSL,Yes,Yes,No,No,No,One year,Yes,Bank transfer (automatic),40.6,2588.95,No,1,25,129.02,Ben Arous
Female,1,No,No,46,Yes,Yes,Fiber optic,Yes,Yes,Yes,Yes,Yes,One year,Yes,Electronic check,110.0,4874.8,Yes,6,5,2.96,Gabès
Male,0,Yes,Yes,72,Yes,Yes,DSL,Yes,No,No,No,No,Two year,No,Bank transfer (automatic),55.3,3983.6,No,0,22,91.76,Ariana
Female,0,Yes,No,34,Yes,Yes,DSL,Yes,No,No,No,No,Month-to-month,Yes,Bank transfer (automatic),60.85,2003.6,No,4,23,105.15,Kairouan
Female,0,Yes,Yes,24,Yes,Yes,DSL,Yes,Yes,No,Yes,Yes,One year,No,Electronic check,78.4,1832.4,No,2,8,70.12,Kebili
Male,0,No,No,72,Yes,Yes,DSL,Yes,Yes,Yes,No,No,Two year,No,Bank transfer (automatic),69.65,4908.25,No,4,6,30.99,Tunis
Female,0,Yes,Yes,60,No,No phone service,DSL,Yes,No,Yes,Yes,Yes,Two year,No,Credit card (automatic),59.85,3590.2,No,1,19,69.84,Gafsa
Male,0,No,No,68,Yes,Yes,DSL,Yes,Yes,Yes,No,Yes,One year,Yes,Credit card (automatic),76.9,5023.0,No,2,15,43.68,Manouba
Female,0,Yes,Yes,8,Yes,No,No,No internet service,No internet service,No internet service,No internet service,No internet service,Two year,Yes,Mailed check,19.85,146.6,No,3,20,97.71,Tunis
Female,0,No,Yes,34,Yes,No,DSL,Yes,No,Yes,Yes,No,Two year,No,Credit card (automatic),67.65,2339.3,No,4,27,52.96,Jendouba
Female,0,No,No,6,No,No phone service,DSL,No,No,No,Yes,Yes,Month-to-month,No,Credit card (automatic),45.0,298.7,No,3,19,28.91,Kasserine
Male,0,Yes,No,2,Yes,No,DSL,No,Yes,No,No,Yes,Month-to-month,Yes,Mailed check,64.2,143.65,No,3,11,22.06,Tunis
Male,0,No,No,31,Yes,Yes,Fiber optic,No,No,No,No,No,One year,No,Credit card (automatic),81.7,2548.65,No,4,23,23.35,Bizerte
Female,0,Yes,Yes,20,Yes,Yes,No,No internet service,No internet service,No internet service,No internet service,No internet service,Month-to-month,Yes,Bank transfer (automatic),25.55,507.4,No,1,8,101.61,Tozeur
Female,0,Yes,Yes,1,Yes,No,No,No internet service,No internet service,No internet service,No internet service,No internet service,Month-to-month,No,Electronic check,20.0,20.0,No,1,21,82.26,Kairouan
Male,0,No,No,62,Yes,Yes,Fiber optic,No,No,Yes,Yes,Yes,One year,Yes,Electronic check,96.75,6125.4,Yes,6,4,25.34,Tunis
Female,1,Yes,No,70,Yes,Yes,Fiber optic,No,No,No,No,No,Two year,Yes,Credit card (automatic),75.65,5411.4,No,4,11,68.31,Gabès
Female,0,No,No,10,Yes,Yes,Fiber optic,No,No,No,Yes,Yes,Month-to-month,Yes,Electronic check,98.5,1058.25,Yes,9,3,49.07,Tunis
Male,0,Yes,Yes,39,Yes,Yes,No,No internet service,No internet service,No internet service,No internet service,No internet service,Two year,Yes,Mailed check,23.8,903.8,No,2,27,69.72,Sousse
Female,0,Yes,No,46,Yes,No,DSL,No,Yes,No,Yes,No,Two year,Yes,Credit card (automatic),64.2,3009.5,No,0,11,139.42,Gafsa
Male,0,No,No,6,Yes,No,Fiber optic,No,Yes,No,Yes,No,Month-to-month,Yes,Electronic check,85.35,489.45,Yes,9,2,33.43,Kef
Female,0,Yes,Yes,72,Yes,Yes,DSL,No,No,Yes,Yes,Yes,Two year,Yes,Bank transfer (automatic),76.8,5468.45,No,3,16,27.13,Monastir
Male,0,No,No,18,Yes,No,DSL,No,No,Yes,No,No,Month-to-month,No,Credit card (automatic),55.2,1058.1,No,0,29,143.91,Bizerte
Male,0,Yes,No,71,Yes,Yes,Fiber optic,Yes,No,Yes,Yes,Yes,Two year,Yes,Credit card (automatic),108.55,7616.0,No,3,14,146.74,Tozeur
Male,0,Yes,No,40,Yes,Yes,Fiber optic,No,Yes,No,Yes,Yes,Month-to-month,Yes,Electronic check,101.3,4113.1,Yes,10,5,0.7,Kairouan
Male,0,No,No,1,Yes,No,Fiber optic,No,No,No,No,No,Month-to-month,Yes,Electronic check,69.55,69.55,Yes,9,2,16.2,Béja
Male,0,No,No,58,Yes,Yes,Fiber optic,No,Yes,Yes,Yes,Yes,One year,Yes,Bank transfer (automatic),103.25,6017.65,Yes,5,1,37.11,Sfax
Male,0,No,No,70,Yes,Yes,Fiber optic,Yes,No,No,Yes,Yes,Two year,Yes,Credit card (automatic),104.0,7250.15,Yes,8,2,6.49,Ben Arous
Female,0,Yes,No,42,Yes,Yes,No,No internet service,No internet service,No internet service,No internet service,No internet service,Two year,No,Electronic check,25.25,1108.2,No,1,22,149.81,Sousse
Male,0,Yes,Yes,34,No,No phone service,DSL,Yes,No,No,No,No,One year,No,Bank transfer (automatic),30.4,938.65,No,3,11,14.36,Sfax
Male,1,No,No,5,Yes,No,No,No internet service,No internet service,No internet service,No internet service,No internet service,Month-to-month,No,Bank transfer (automatic),20.05,94.15,No,3,18,20.26,Ben Arous
Female,0,No,No,25,Yes,Yes,Fiber optic,No,No,No,Yes,No,Month-to-month,Yes,Mailed check,84.6,2088.05,No,4,8,81.28,Nabeul
Female,0,No,No,2,Yes,No,Fiber optic,No,No,Yes,No,Yes,Month-to-month,Yes,Mailed check,86.2,178.7,Yes,4,3,36.89,Tunis
Female,0,Yes,Yes,55,Yes,No,Fiber optic,No,Yes,Yes,Yes,Yes,One year,Yes,Bank transfer (automatic),103.7,5656.75,No,4,29,106.03,Gabès
Male,0,Yes,No,21,Yes,Yes,Fiber optic,No,Yes,Yes,Yes,Yes,Month-to-month,Yes,Electronic check,111.2,2317.1,Yes,8,3,22.91,Tunis
Male,0,Yes,No,70,Yes,Yes,Fiber optic,Yes,Yes,No,No,No,Two year,Yes,Credit card (automatic),88.0,5986.45,No,1,10,49.02,Mahdia
Female,0,Yes,No,61,Yes,Yes,Fiber optic,No,No,Yes,Yes,Yes,Month-to-month,Yes,Electronic check,106.35,6751.35,No,4,11,39.44,Jendouba
Male,0,Yes,Yes,43,Yes,No,DSL,Yes,No,Yes,Yes,Yes,Two year,Yes,Credit card (automatic),79.15,3566.6,No,2,24,95.67,Sfax
Male,0,No,No,47,Yes,Yes,Fiber optic,No,Yes,Yes,Yes,Yes,One year,Yes,Electronic check,103.1,4889.3,No,1,18,72.7,Gabès
Male,0,No,No,5,Yes,No,DSL,No,No,Yes,Yes,No,Month-to-month,Yes,Credit card (automatic),63.95,318.1,No,0,12,41.97,Ariana
Female,0,No,No,62,Yes,Yes,No,No internet service,No internet service,No internet service,No internet service,No internet service,Two year,Yes,Credit card (automatic),25.8,1563.95,No,4,19,10.85,Tozeur
Female,0,Yes,Yes,16,Yes,No,Fiber optic,No,Yes,Yes,Yes,No,Month-to-month,Yes,Credit card (automatic),89.45,1430.25,Yes,5,2,25.93,Béja
Male,1,Yes,No,7,Yes,Yes,Fiber optic,No,No,No,Yes,Yes,Month-to-month,Yes,Bank transfer (automatic),95.6,644.35,Yes,4,0,42.63,Monastir
Female,0,Yes,Yes,14,Yes,Yes,No,No internet service,No internet service,No internet service,No internet service,No internet service,Month-to-month,No,Mailed check,25.55,372.45,No,4,26,28.16,Bizerte
Male,0,Yes,Yes,60,Yes,No,Fiber optic,No,Yes,Yes,Yes,No,One year,No,Electronic check,90.95,5453.4,Yes,4,1,6.82,Kairouan
Male,0,Yes,Yes,34,No,No phone service,DSL,No,No,Yes,Yes,No,Month-to-month,Yes,Electronic check,44.85,1442.6,No,4,7,27.59,Sousse
Female,0,Yes,No,50,Yes,Yes,Fiber optic,Yes,Yes,No,Yes,Yes,One year,No,Electronic check,108.55,5610.7,Yes,8,2,24.14,Kebili
Male,0,Yes,Yes,38,Yes,Yes,No,No internet service,No internet service,No internet service,No internet service,No internet service,Two year,No,Credit card (automatic),25.05,963.95,No,3,19,116.62,Kasserine
Female,0,Yes,Yes,70,Yes,No,DSL,Yes,Yes,Yes,No,Yes,One year,No,Credit card (automatic),74.1,5222.3,No,1,18,148.9,Ben Arous
Female,0,Yes,Yes,37,Yes,Yes,Fiber optic,No,Yes,No,Yes,No,Month-to-month,Yes,Electronic check,88.8,3340.55,No,3,19,51.45,Tunis
Female,1,No,No,4,Yes,No,Fiber optic,No,No,No,Yes,No,Month-to-month,Yes,Electronic check,78.85,292.8,Yes,9,5,12.29,Gafsa
Male,1,Yes,Yes,60,Yes,Yes,Fiber optic,Yes,Yes,No,No,Yes,Month-to-month,Yes,Electronic check,93.25,5774.55,No,0,10,67.44,Jendouba
Male,0,Yes,Yes,62,Yes,No,DSL,Yes,No,Yes,No,Yes,One year,No,Credit card (automatic),71.4,4487.3,No,1,16,134.36,Tunis
Male,0,No,No,1,Yes,No,DSL,No,No,No,No,No,Month-to-month,No,Mailed check,44.4,44.4,Yes,7,4,31.3,Tunis
Male,0,No,No,36,Yes,No,DSL,Yes,No,Yes,Yes,Yes,Month-to-month,Yes,Credit card (automatic),79.2,2854.95,No,0,16,41.33,Médiénine
Male,0,No,No,44,Yes,No,No,No internet service,No internet service,No internet service,No internet service,No internet service,Two year,No,Credit card (automatic),20.4,905.55,No,3,19,87.8,Tunis
Female,1,No,No,55,Yes,Yes,Fiber optic,No,No,Yes,Yes,Yes,One year,Yes,Electronic check,100.0,5509.3,Yes,6,1,14.99,Kasserine
Female,0,Yes,No,72,Yes,Yes,Fiber optic,Yes,No,Yes,Yes,Yes,Two year,Yes,Credit card (automatic),105.0,7589.8,No,4,13,70.79,Ariana
Female,0,Yes,Yes,12,Yes,No,No,No internet service,No internet service,No internet service,No internet service,No internet service,One year,No,Bank transfer (automatic),19.8,229.6,Yes,4,5,26.31,Kairouan
Female,0,No,No,13,No,No phone service,DSL,Yes,No,No,No,No,Month-to-month,Yes,Bank transfer (automatic),30.85,394.1,No,4,26,77.33,Béja
Male,0,No,No,1,Yes,No,Fiber optic,No,No,No,Yes,Yes,Month-to-month,Yes,Electronic check,89.9,89.9,Yes,9,5,3.95,Manouba
Female,0,Yes,Yes,15,Yes,No,No,No internet service,No internet service,No internet service,No internet service,No internet service,One year,No,Mailed check,20.55,295.95,No,3,21,92.08,Ariana
Female,0,No,No,65,Yes,No,DSL,Yes,Yes,Yes,Yes,Yes,Two year,Yes,Bank transfer (automatic),84.85,5459.2,No,4,29,116.21,Gabès
Female,0,Yes,Yes,12,No,No phone service,DSL,Yes,No,No,No,No,One year,No,Credit card (automatic),33.15,444.75,No,2,26,18.91,Tunis
Male,0,Yes,No,72,Yes,Yes,DSL,Yes,Yes,Yes,Yes,Yes,Two year,Yes,Credit card (automatic),92.0,6782.15,No,1,5,95.21,Kairouan
Female,0,Yes,Yes,72,Yes,Yes,DSL,Yes,Yes,Yes,Yes,Yes,Two year,No,Credit card (automatic),89.8,6510.45,No,3,23,30.76,Monastir
Female,0,Yes,Yes,72,Yes,Yes,Fiber optic,Yes,Yes,Yes,Yes,Yes,Two year,Yes,Bank transfer (automatic),115.8,8476.5,No,0,7,116.93,Tunis
Male,0,No,Yes,52,Yes,Yes,DSL,Yes,Yes,No,Yes,Yes,Two year,Yes,Mailed check,85.15,4461.85,No,1,20,44.96,Bizerte
Male,0,No,No,2,Yes,Yes,No,No internet service,No internet service,No internet service,No internet service,No internet service,Month-to-month,No,Mailed check,24.85,62.0,No,3,30,129.49,Ariana
Female,0,No,No,5,Yes,No,DSL,Yes,No,No,Yes,No,Month-to-month,Yes,Electronic check,64.35,352.65,No,1,6,42.83,Tozeur
Female,0,No,No,68,Yes,No,No,No internet service,No internet service,No internet service,No internet service,No internet service,Two year,No,Credit card (automatic),20.5,1424.9,No,2,5,75.18,Siliana
Female,0,No,Yes,62,Yes,Yes,Fiber optic,No,No,Yes,Yes,Yes,One year,Yes,Electronic check,100.15,6413.65,Yes,6,4,13.68,Tataouine
Male,0,No,No,72,Yes,Yes,DSL,Yes,Yes,No,Yes,Yes,Two year,No,Credit card (automatic),86.05,6309.65,No,0,26,147.14,Gabès
Male,0,No,No,1,Yes,No,DSL,No,Yes,No,No,No,Month-to-month,No,Electronic check,50.8,50.8,Yes,10,5,10.71,Médiénine
Female,0,Yes,No,66,Yes,Yes,Fiber optic,Yes,Yes,No,No,No,One year,No,Electronic check,89.0,5898.6,No,1,25,62.37,Sfax
Male,0,Yes,Yes,72,No,No phone service,DSL,Yes,Yes,Yes,Yes,Yes,Two year,Yes,Credit card (automatic),64.8,4719.75,No,2,19,24.53,Monastir
Male,0,No,No,26,Yes,No,No,No internet service,No internet service,No internet service,No internet service,No internet service,One year,No,Credit card (automatic),19.8,457.3,No,3,20,74.55,Monastir
Male,0,Yes,Yes,64,Yes,Yes,Fiber optic,Yes,No,Yes,No,Yes,Two year,No,Bank transfer (automatic),93.4,5822.3,No,2,5,64.72,Tunis
Male,1,Yes,No,20,Yes,No,Fiber optic,No,Yes,No,No,No,Month-to-month,Yes,Electronic check,73.65,1463.5,Yes,10,5,41.25,Kebili
Female,0,No,No,3,Yes,No,Fiber optic,No,Yes,No,Yes,Yes,Month-to-month,Yes,Electronic check,95.1,307.4,Yes,6,0,45.35,Bizerte
Male,0,No,No,22,Yes,Yes,Fiber optic,No,No,No,Yes,Yes,Month-to-month,Yes,Credit card (automatic),94.65,2104.55,Yes,9,3,39.93,Ariana
Male,0,Yes,No,4,Yes,No,Fiber optic,No,No,Yes,No,No,Month-to-month,Yes,Mailed check,80.6,319.15,Yes,9,2,1.94,Gafsa
Male,0,Yes,No,62,No,No phone service,DSL,No,No,No,Yes,No,Two year,Yes,Bank transfer (automatic),39.0,2337.45,No,1,25,109.38,Ariana
Female,0,No,No,5,Yes,No,No,No internet service,No internet service,No internet service,No internet service,No internet service,Month-to-month,Yes,Mailed check,20.5,104.3,No,2,22,113.06,Ariana
Male,0,Yes,No,59,Yes,Yes,Fiber optic,No,No,No,No,Yes,One year,No,Electronic check,85.55,5084.65,Yes,8,1,8.07,Tunis
Male,0,No,Yes,3,Yes,Yes,No,No internet service,No internet service,No internet service,No internet service,No internet service,Two year,Yes,Mailed check,26.4,121.25,No,4,30,114.51,Médiénine
Female,0,Yes,No,72,Yes,Yes,Fiber optic,Yes,No,Yes,Yes,No,Two year,Yes,Bank transfer (automatic),98.2,7015.9,No,1,10,141.48,Ariana
Male,0,Yes,Yes,57,Yes,No,Fiber optic,No,Yes,Yes,Yes,Yes,One year,Yes,Credit card (automatic),97.55,5598.0,No,4,26,62.8,Sfax
Male,0,No,Yes,66,Yes,No,No,No internet service,No internet service,No internet service,No internet service,No internet service,Two year,No,Credit card (automatic),19.95,1269.1,No,4,14,75.21,Sidi Bouzid
Female,0,No,No,60,No,No phone service,DSL,No,Yes,No,Yes,Yes,Month-to-month,Yes,Electronic check,50.8,3027.4,Yes,8,3,32.68,Sfax
Male,0,No,Yes,45,Yes,Yes,Fiber optic,No,No,Yes,Yes,Yes,Two year,No,Bank transfer (automatic),99.7,4634.35,No,1,21,84.28,Kasserine
Female,0,No,No,3,No,No phone service,DSL,No,No,No,Yes,No,Month-to-month,Yes,Credit card (automatic),34.8,113.95,No,3,9,46.72,Tataouine
Female,0,No,No,15,Yes,No,Fiber optic,Yes,No,Yes,Yes,Yes,Month-to-month,No,Electronic check,105.1,1582.75,Yes,7,0,24.39,Gafsa
Female,0,No,Yes,51,No,No phone service,DSL,Yes,No,Yes,Yes,Yes,One year,No,Bank transfer (automatic),60.15,3077.0,No,2,24,90.55,Sfax
Female,0,No,No,60,Yes,Yes,DSL,Yes,No,Yes,No,No,One year,No,Electronic check,64.75,4039.5,No,4,21,47.69,Mahdia
Male,0,No,No,33,Yes,Yes,DSL,No,Yes,No,No,No,Month-to-month,Yes,Bank transfer (automatic),54.65,1665.2,No,0,24,43.44,Siliana
Male,0,No,No,10,Yes,No,Fiber optic,Yes,Yes,Yes,Yes,Yes,Month-to-month,Yes,Electronic check,110.1,1043.3,Yes,9,1,38.72,Nabeul
Male,1,No,No,26,Yes,No,No,No internet service,No internet service,No internet service,No internet service,No internet service,One year,No,Credit card (automatic),19.3,504.2,No,2,22,14.09,Sfax
Female,0,No,No,6,Yes,No,Fiber optic,No,No,Yes,No,Yes,Month-to-month,No,Electronic check,83.9,497.55,Yes,10,2,8.03,Sfax
Female,0,Yes,No,67,Yes,Yes,Fiber optic,Yes,No,Yes,Yes,Yes,One year,Yes,Electronic check,111.25,7511.65,No,0,6,48.35,Sousse
Female,0,Yes,Yes,49,No,No phone service,DSL,Yes,No,No,No,No,One year,Yes,Credit card (automatic),35.8,1782.0,No,0,30,46.74,Sfax
Male,0,No,No,1,Yes,No,No,No internet service,No internet service,No internet service,No internet service,No internet service,Month-to-month,Yes,Mailed check,20.05,20.05,No,1,17,129.59,Bizerte
Female,1,No,No,7,Yes,No,Fiber optic,No,No,Yes,Yes,No,Month-to-month,Yes,Electronic check,84.35,609.65,No,4,21,87.68,Bizerte
Female,1,No,No,27,Yes,Yes,Fiber optic,Yes,Yes,Yes,Yes,Yes,One year,Yes,Bank transfer (automatic),110.5,2857.6,No,0,28,97.65,Sfax
Male,0,Yes,Yes,37,Yes,No,Fiber optic,No,No,No,Yes,Yes,One year,No,Credit card (automatic),91.2,3247.55,No,4,13,10.27,Gafsa
Female,0,Yes,Yes,63,Yes,Yes,Fiber optic,Yes,Yes,Yes,Yes,No,Month-to-month,Yes,Electronic check,100.55,6215.35,Yes,9,0,15.98,Ben Arous
Male,0,Yes,Yes,31,Yes,Yes,Fiber optic,Yes,No,Yes,No,No,Month-to-month,No,Electronic check,89.3,2823.0,No,0,28,93.62,Gabès
Male,0,Yes,Yes,50,Yes,Yes,Fiber optic,No,Yes,Yes,Yes,Yes,Month-to-month,Yes,Bank transfer (automatic),103.85,5017.9,Yes,5,1,39.29,Manouba
Male,1,No,No,32,Yes,Yes,Fiber optic,No,No,Yes,No,No,Month-to-month,Yes,Credit card (automatic),81.1,2619.25,No,1,24,79.97,Nabeul
Female,0,No,No,1,No,No phone service,DSL,No,No,No,No,No,Month-to-month,No,Electronic check,24.6,24.6,Yes,9,4,30.15,Siliana
Female,0,Yes,No,63,Yes,Yes,Fiber optic,No,No,No,No,No,One year,Yes,Credit card (automatic),81.2,4965.1,No,2,10,17.43,Sfax
Male,0,No,No,30,Yes,Yes,Fiber optic,Yes,Yes,No,No,Yes,Month-to-month,Yes,Credit card (automatic),94.3,2679.7,No,1,6,112.6,Ben Arous
Male,0,Yes,No,71,Yes,Yes,Fiber optic,Yes,Yes,Yes,Yes,Yes,Two year,Yes,Bank transfer (automatic),116.1,8310.55,No,4,7,85.37,Gabès
Female,0,No,No,53,Yes,Yes,Fiber optic,No,Yes,Yes,Yes,Yes,Two year,No,Electronic check,105.55,5682.25,No,4,20,10.64,Sidi Bouzid
Female,0,No,No,12,Yes,No,Fiber optic,Yes,No,No,Yes,Yes,Month-to-month,Yes,Bank transfer (automatic),98.9,1120.95,Yes,10,5,15.3,Nabeul
Male,0,Yes,No,50,Yes,Yes,Fiber optic,Yes,Yes,No,No,Yes,Month-to-month,Yes,Credit card (automatic),94.4,4914.9,No,3,12,27.68,Sousse
Female,0,No,No,2,Yes,No,No,No internet service,No internet service,No internet service,No internet service,No internet service,Month-to-month,No,Mailed check,19.5,27.55,No,1,12,61.37,Tunis
Female,0,No,No,9,Yes,Yes,Fiber optic,No,No,Yes,Yes,Yes,Month-to-month,No,Credit card (automatic),98.3,923.5,Yes,7,4,27.19,Tunis
Male,0,No,No,17,Yes,No,Fiber optic,Yes,No,No,Yes,Yes,Month-to-month,No,Electronic check,93.85,1625.65,Yes,10,4,8.1,Ariana
Female,0,Yes,No,56,Yes,No,Fiber optic,Yes,Yes,Yes,Yes,Yes,One year,Yes,Credit card (automatic),105.6,6068.65,No,1,7,131.6,Tunis
Male,0,Yes,Yes,67,Yes,No,DSL,Yes,Yes,Yes,Yes,Yes,Two year,No,Credit card (automatic),81.35,5398.6,No,4,23,85.82,Ariana
Male,1,No,No,9,Yes,Yes,Fiber optic,No,No,Yes,Yes,Yes,Month-to-month,Yes,Electronic check,100.5,918.6,Yes,5,1,45.35,Tunis
Male,0,No,No,4,Yes,No,DSL,No,No,No,Yes,No,Month-to-month,Yes,Electronic check,56.4,234.85,No,0,28,32.08,Ariana
Male,0,No,No,19,Yes,No,DSL,No,Yes,No,No,Yes,One year,Yes,Bank transfer (automatic),65.35,1231.85,No,1,18,40.92,Mahdia
Female,0,No,Yes,8,Yes,No,No,No internet service,No internet service,No internet service,No internet service,No internet service,Month-to-month,No,Mailed check,19.95,170.9,No,1,19,43.03,Tunis
Female,0,No,No,71,Yes,Yes,Fiber optic,No,Yes,Yes,Yes,Yes,Two year,Yes,Electronic check,111.25,7984.15,No,2,27,48.87,Sfax
Male,1,No,No,10,Yes,No,Fiber optic,No,Yes,No,No,No,Month-to-month,Yes,Electronic check,72.85,688.65,Yes,6,1,7.82,Tunis
Female,1,No,No,15,Yes,Yes,Fiber optic,No,Yes,No,Yes,No,Month-to-month,No,Credit card (automatic),89.0,1288.3,No,2,14,51.68,Tunis
Male,0,Yes,Yes,72,Yes,Yes,Fiber optic,Yes,No,Yes,Yes,Yes,One year,Yes,Bank transfer (automatic),106.1,7848.5,No,4,6,38.43,Nabeul
Male,0,No,No,12,Yes,No,No,No internet service,No internet service,No internet service,No internet service,No internet service,One year,No,Credit card (automatic),20.05,267.0,No,2,19,78.12,Sfax
Male,0,Yes,Yes,72,Yes,Yes,No,No internet service,No internet service,No internet service,No internet service,No internet service,Two year,Yes,Bank transfer (automatic),25.2,1798.9,No,1,25,107.05,Ariana
Male,1,Yes,No,1,Yes,Yes,Fiber optic,No,No,No,No,No,Month-to-month,Yes,Electronic check,73.55,73.55,Yes,5,3,32.36,Sidi Bouzid
Female,1,No,No,23,Yes,No,Fiber optic,Yes,No,No,No,No,Month-to-month,Yes,Bank transfer (automatic),75.4,1643.55,No,3,26,28.88,Kasserine
Male,0,No,No,72,No,No phone service,DSL,Yes,Yes,Yes,Yes,Yes,Two year,Yes,Bank transfer (automatic),65.55,4807.45,No,2,30,14.42,Gafsa
Female,0,No,No,26,Yes,Yes,Fiber optic,No,No,Yes,No,No,Month-to-month,Yes,Electronic check,80.7,2193.0,No,4,6,80.34,Sousse
Female,0,No,No,21,Yes,No,Fiber optic,No,Yes,Yes,Yes,Yes,One year,Yes,Mailed check,104.55,2239.4,No,4,27,107.79,Siliana
Male,0,Yes,No,60,Yes,Yes,No,No internet service,No internet service,No internet service,No internet service,No internet service,One year,No,Bank transfer (automatic),24.15,1505.9,No,1,16,74.78,Tunis
Male,0,No,No,12,Yes,No,No,No internet service,No internet service,No internet service,No internet service,No internet service,Month-to-month,No,Mailed check,20.45,255.35,No,1,22,33.68,Ben Arous
Male,0,Yes,No,16,Yes,Yes,Fiber optic,No,No,No,No,No,Month-to-month,Yes,Electronic check,75.4,1189.4,No,3,16,25.49,Mahdia
Female,0,Yes,No,63,Yes,Yes,DSL,Yes,Yes,No,Yes,Yes,One year,Yes,Credit card (automatic),79.7,4786.15,No,1,20,87.39,Kef
Female,1,No,No,22,Yes,No,Fiber optic,Yes,Yes,No,No,No,Month-to-month,No,Electronic check,81.7,1820.9,No,1,24,64.13,Sfax
Female,0,Yes,Yes,32,Yes,No,DSL,Yes,Yes,Yes,No,Yes,Month-to-month,No,Bank transfer (automatic),76.3,2404.15,No,4,10,97.28,Mahdia
Female,1,No,No,3,Yes,Yes,Fiber optic,No,Yes,No,No,No,Month-to-month,Yes,Electronic check,79.4,205.05,Yes,4,2,16.69,Sfax
Female,0,No,No,13,Yes,No,Fiber optic,No,Yes,Yes,No,No,Month-to-month,Yes,Electronic check,81.15,952.3,Yes,5,4,30.83,Gabès
Female,0,Yes,Yes,68,Yes,Yes,Fiber optic,No,Yes,No,Yes,Yes,Two year,Yes,Credit card (automatic),103.75,7039.45,No,0,22,137.93,Gabès
Female,0,Yes,Yes,30,Yes,No,Fiber optic,No,No,Yes,No,Yes,One year,No,Electronic check,86.45,2538.05,No,3,24,61.21,Médiénine
Female,0,No,No,16,Yes,No,Fiber optic,No,Yes,No,No,No,Month-to-month,No,Bank transfer (automatic),75.1,1212.85,No,1,14,82.43,Nabeul
Male,0,No,No,33,Yes,No,Fiber optic,No,Yes,No,No,No,Two year,No,Bank transfer (automatic),80.6,2651.1,No,4,20,24.69,Monastir
Male,0,Yes,No,72,Yes,No,No,No internet service,No internet service,No internet service,No internet service,No internet service,Two year,No,Credit card (automatic),19.3,1304.8,No,3,18,78.85,Ben Arous
Female,1,No,No,4,Yes,Yes,Fiber optic,No,No,No,No,Yes,Month-to-month,Yes,Electronic check,84.6,360.1,Yes,10,3,6.42,Tunis
Female,0,No,No,12,No,No phone service,DSL,Yes,No,No,No,No,One year,Yes,Mailed check,33.6,435.45,No,2,9,49.75,Manouba
Female,1,Yes,No,4,Yes,Yes,Fiber optic,No,No,No,Yes,No,Month-to-month,Yes,Electronic check,83.25,308.05,No,1,18,45.86,Tunis
Female,0,Yes,Yes,0,Yes,No,DSL,Yes,Yes,Yes,Yes,Yes,Two year,No,Mailed check,80.85,1397.475,No,4,8,115.08,Bizerte
Female,0,No,No,6,Yes,Yes,Fiber optic,Yes,No,No,No,No,Month-to-month,Yes,Electronic check,79.05,434.5,Yes,5,0,31.15,Jendouba
Female,0,Yes,No,65,Yes,Yes,Fiber optic,No,Yes,Yes,Yes,Yes,One year,Yes,Credit card (automatic),108.05,7118.9,No,1,27,87.95,Kairouan
Female,0,No,No,15,Yes,No,No,No internet service,No internet service,No internet service,No internet service,No internet service,Month-to-month,No,Mailed check,19.9,320.45,No,2,19,89.63,Tunis
Female,0,No,Yes,24,Yes,No,No,No internet service,No internet service,No internet service,No internet service,No internet service,One year,No,Bank transfer (automatic),21.05,531.55,No,2,24,20.4,Gabès
Female,0,No,Yes,13,No,No phone service,DSL,No,Yes,No,No,No,Month-to-month,No,Electronic check,30.15,382.2,No,4,16,134.69,Ariana
Male,0,No,No,24,Yes,No,Fiber optic,No,No,No,No,Yes,Month-to-month,Yes,Credit card (automatic),79.85,2001.0,No,0,21,19.49,Bizerte
Female,0,Yes,No,72,No,No phone service,DSL,Yes,Yes,Yes,Yes,Yes,Two year,No,Bank transfer (automatic),65.5,4919.7,No,3,20,42.58,Médiénine
Female,0,Yes,Yes,54,Yes,Yes,Fiber optic,Yes,Yes,No,Yes,Yes,Month-to-month,Yes,Bank transfer (automatic),104.1,5645.8,No,1,25,108.29,Bizerte
Female,0,No,No,3,Yes,Yes,Fiber optic,No,No,No,No,No,Month-to-month,No,Bank transfer (automatic),74.4,215.8,Yes,5,0,43.75,Manouba
Male,0,Yes,Yes,4,Yes,No,No,No internet service,No internet service,No internet service,No internet service,No internet service,Month-to-month,Yes,Mailed check,20.5,77.6,No,1,28,107.69,Sfax
Female,1,Yes,Yes,32,Yes,Yes,Fiber optic,No,No,Yes,Yes,No,Month-to-month,Yes,Mailed check,91.35,2896.55,No,2,8,114.11,Sfax
Male,1,No,No,35,Yes,Yes,Fiber optic,No,No,Yes,Yes,Yes,Month-to-month,Yes,Electronic check,99.05,3395.8,Yes,8,3,26.85,Ariana
Male,0,Yes,Yes,35,Yes,No,No,No internet service,No internet service,No internet service,No internet service,No internet service,Two year,No,Bank transfer (automatic),20.5,759.35,No,0,17,105.6,Mahdia
Male,1,No,No,2,Yes,No,DSL,No,No,No,No,No,Month-to-month,No,Mailed check,44.95,85.15,Yes,5,4,6.43,Kasserine
Female,0,No,No,8,Yes,No,Fiber optic,No,Yes,No,No,No,Month-to-month,No,Electronic check,75.6,535.55,No,4,25,26.33,Sfax
Male,0,No,No,22,Yes,No,DSL,Yes,No,No,No,No,Month-to-month,No,Mailed check,55.1,1253.15,No,4,23,127.26,Béja
Female,0,No,No,15,Yes,No,DSL,Yes,No,Yes,No,No,Month-to-month,No,Electronic check,58.95,955.15,No,4,5,86.52,Sfax
Male,0,No,No,22,Yes,Yes,Fiber optic,No,No,No,Yes,Yes,Month-to-month,Yes,Electronic check,95.1,2162.6,No,0,12,120.4,Sfax
Male,0,Yes,No,1,Yes,No,DSL,No,No,No,No,No,Month-to-month,No,Credit card (automatic),44.7,44.7,Yes,7,1,7.83,Tozeur
Female,0,Yes,Yes,71,Yes,Yes,No,No internet service,No internet service,No internet service,No internet service,No internet service,Two year,No,Bank transfer (automatic),25.45,1813.35,No,3,19,80.85,Sfax
Male,0,No,No,4,Yes,No,DSL,Yes,No,Yes,No,No,Month-to-month,No,Electronic check,56.75,245.15,No,3,27,111.46,Médiénine
Male,0,No,No,25,Yes,Yes,DSL,Yes,Yes,Yes,No,Yes,Month-to-month,No,Bank transfer (automatic),81.75,2028.8,No,3,28,106.21,Siliana
Female,0,Yes,Yes,32,Yes,No,Fiber optic,No,Yes,No,Yes,No,Month-to-month,Yes,Electronic check,86.1,2723.75,No,2,14,93.8,Gafsa
Male,1,Yes,No,7,No,No phone service,DSL,Yes,No,No,No,No,Month-to-month,No,Bank transfer (automatic),29.8,220.45,No,0,16,12.72,Gabès
Male,0,No,No,17,Yes,No,No,No internet service,No internet service,No internet service,No internet service,No internet service,One year,Yes,Mailed check,20.5,365.8,No,3,13,40.82,Sousse
Male,1,Yes,No,8,Yes,No,DSL,Yes,No,No,Yes,No,Month-to-month,No,Bank transfer (automatic),60.9,551.95,No,3,8,30.79,Jendouba
Female,1,No,No,56,Yes,Yes,DSL,Yes,No,Yes,No,Yes,Two year,No,Bank transfer (automatic),73.25,4054.2,No,4,16,87.62,Tunis
Male,0,No,No,1,Yes,No,DSL,No,No,No,No,No,Month-to-month,Yes,Mailed check,45.7,45.7,Yes,4,4,1.3,Ben Arous
Male,1,No,No,8,Yes,No,Fiber optic,Yes,No,No,Yes,Yes,Month-to-month,No,Credit card (automatic),100.3,832.35,Yes,7,5,49.56,Ben Arous
Male,0,No,No,7,Yes,No,No,No internet service,No internet service,No internet service,No internet service,No internet service,Month-to-month,No,Electronic check,19.25,112.3,Yes,6,0,13.95,Ariana
Male,0,No,Yes,3,Yes,No,No,No internet service,No internet service,No internet service,No internet service,No internet service,Month-to-month,No,Mailed check,20.85,60.65,No,1,28,90.81,Ben Arous
Female,0,No,No,71,Yes,No,DSL,Yes,Yes,Yes,Yes,No,Two year,No,Credit card (automatic),77.35,5550.1,No,4,22,134.85,Tunis
Female,0,No,No,2,Yes,Yes,Fiber optic,No,No,No,Yes,Yes,Month-to-month,Yes,Electronic check,96.0,174.8,Yes,9,0,17.66,Tunis
Female,0,No,No,1,Yes,No,Fiber optic,No,No,No,Yes,Yes,Month-to-month,No,Electronic check,90.55,90.55,Yes,7,5,18.84,Sfax
Male,0,Yes,No,49,Yes,Yes,Fiber optic,Yes,Yes,No,Yes,No,Month-to-month,Yes,Bank transfer (automatic),93.85,4733.1,No,0,26,116.87,Nabeul
Male,0,No,No,58,Yes,No,DSL,No,Yes,Yes,Yes,No,Two year,No,Bank transfer (automatic),70.1,4048.95,No,4,29,18.75,Ben Arous
Male,1,Yes,No,44,No,No phone service,DSL,No,Yes,No,No,No,Month-to-month,Yes,Electronic check,30.35,1359.7,Yes,8,3,22.5,Nabeul
Female,0,Yes,Yes,59,Yes,No,DSL,No,Yes,No,Yes,Yes,Two year,Yes,Credit card (automatic),75.95,4542.35,No,1,25,82.41,Jendouba
Male,0,No,No,71,Yes,Yes,Fiber optic,Yes,No,Yes,Yes,Yes,Two year,Yes,Electronic check,108.05,7532.15,Yes,5,2,29.75,Kairouan
Male,0,No,No,1,Yes,No,Fiber optic,No,No,No,No,No,Month-to-month,Yes,Electronic check,69.9,69.9,Yes,4,3,11.93,Tunis
Female,0,No,No,11,Yes,Yes,Fiber optic,No,No,No,No,No,Month-to-month,No,Electronic check,75.25,888.65,No,3,5,101.11,Sfax
Male,1,Yes,No,62,Yes,Yes,Fiber optic,No,Yes,Yes,Yes,Yes,One year,Yes,Electronic check,103.75,6383.35,Yes,5,0,5.68,Kasserine
Female,0,Yes,Yes,35,Yes,No,DSL,Yes,No,No,No,No,One year,Yes,Bank transfer (automatic),54.95,1916.0,No,3,24,25.84,Ariana
Female,0,No,No,20,Yes,No,No,No internet service,No internet service,No internet service,No internet service,No internet service,Month-to-month,Yes,Bank transfer (automatic),19.5,413.0,No,3,8,98.71,Médiénine
Male,0,Yes,Yes,40,Yes,No,No,No internet service,No internet service,No internet service,No internet service,No internet service,Two year,No,Mailed check,19.6,808.95,No,2,5,145.98,Tunis
Female,0,No,No,39,Yes,No,DSL,Yes,No,No,No,No,One year,Yes,Electronic check,47.85,1886.4,No,2,18,43.18,Jendouba
Male,0,No,No,1,Yes,Yes,Fiber optic,No,No,No,No,Yes,Month-to-month,Yes,Electronic check,86.6,86.6,Yes,7,5,22.36,Tunis
Female,0,Yes,Yes,72,Yes,Yes,No,No internet service,No internet service,No internet service,No internet service,No internet service,Two year,No,Bank transfer (automatic),23.75,1679.25,No,2,22,46.75,Sfax
Female,1,Yes,No,33,Yes,Yes,Fiber optic,No,Yes,No,No,No,Month-to-month,Yes,Bank transfer (automatic),80.6,2656.5,Yes,9,2,45.37,Ariana
Female,0,No,No,12,Yes,No,DSL,No,No,No,No,No,Month-to-month,No,Bank transfer (automatic),43.8,540.95,No,4,27,131.86,Jendouba
Male,0,No,No,1,Yes,No,No,No internet service,No internet service,No internet service,No internet service,No internet service,Month-to-month,No,Bank transfer (automatic),19.75,19.75,No,3,6,11.49,Kairouan
Male,0,No,Yes,27,Yes,No,No,No internet service,No internet service,No internet service,No internet service,No internet service,Month-to-month,No,Mailed check,19.15,537.35,No,0,17,149.69,Tunis
Male,0,Yes,Yes,34,Yes,No,No,No internet service,No internet service,No internet service,No internet service,No internet service,One year,No,Credit card (automatic),19.6,678.8,No,1,22,119.87,Sfax
Female,0,Yes,No,56,Yes,No,Fiber optic,Yes,No,Yes,No,No,Two year,No,Bank transfer (automatic),80.3,4513.65,No,4,27,68.61,Ariana
Female,0,No,No,58,Yes,Yes,No,No internet service,No internet service,No internet service,No internet service,No internet service,Two year,No,Credit card (automatic),24.35,1423.85,No,4,13,103.24,Tunis
Female,0,Yes,Yes,22,Yes,Yes,No,No internet service,No internet service,No internet service,No internet service,No internet service,Two year,No,Credit card (automatic),25.25,555.4,No,2,29,83.15,Médiénine
Female,0,Yes,Yes,10,Yes,Yes,No,No internet service,No internet service,No internet service,No internet service,No internet service,Two year,No,Credit card (automatic),26.1,225.55,No,4,10,60.1,Ariana
Male,0,No,No,13,Yes,No,No,No internet service,No internet service,No internet service,No internet service,No internet service,Two year,No,Credit card (automatic),20.0,268.45,No,1,18,38.46,Sidi Bouzid
Female,0,No,No,35,Yes,Yes,Fiber optic,No,Yes,No,No,No,Month-to-month,No,Credit card (automatic),85.3,2917.5,Yes,8,3,8.89,Nabeul
Female,0,No,No,34,Yes,No,Fiber optic,No,No,No,No,No,Month-to-month,Yes,Credit card (automatic),70.0,2416.1,Yes,10,3,18.76,Tozeur
Female,1,No,No,4,Yes,Yes,Fiber optic,No,No,No,Yes,Yes,Month-to-month,Yes,Electronic check,94.3,424.45,Yes,7,4,8.63,Zaghouan
Male,0,Yes,No,72,Yes,No,No,No internet service,No internet service,No internet service,No internet service,No internet service,Two year,No,Bank transfer (automatic),20.7,1492.1,No,0,16,115.21,Kef
Male,0,No,No,2,Yes,No,DSL,No,No,No,Yes,Yes,Month-to-month,No,Electronic check,70.3,132.4,No,2,19,112.53,Gafsa
Female,0,No,No,7,Yes,No,Fiber optic,No,No,Yes,Yes,Yes,Month-to-month,Yes,Electronic check,95.35,660.9,Yes,4,4,10.81,Tunis
Male,1,Yes,No,27,Yes,Yes,Fiber optic,No,No,No,No,No,Month-to-month,Yes,Electronic check,75.5,1893.95,Yes,6,3,41.72,Bizerte
Male,0,Yes,Yes,4,Yes,No,Fiber optic,No,No,No,No,No,Month-to-month,Yes,Mailed check,69.55,284.9,No,4,14,42.25,Kairouan
Female,0,No,No,37,Yes,No,No,No internet service,No internet service,No internet service,No internet service,No internet service,Two year,No,Mailed check,19.85,784.25,No,1,25,126.06,Tunis
Male,0,No,No,21,Yes,No,No,No internet service,No internet service,No internet service,No internet service,No internet service,Month-to-month,No,Mailed check,20.0,417.7,No,4,28,73.51,Gabès
Female,1,Yes,No,53,Yes,Yes,Fiber optic,No,No,No,Yes,Yes,One year,Yes,Credit card (automatic),95.85,5016.25,No,1,13,134.48,Ariana
Female,0,No,No,18,Yes,Yes,Fiber optic,No,No,No,No,Yes,Month-to-month,Yes,Electronic check,90.1,1612.75,Yes,9,5,9.58,Gabès
Female,0,No,No,2,Yes,No,Fiber optic,No,No,No,No,No,Month-to-month,No,Electronic check,68.95,119.75,Yes,7,4,45.82,Ariana
Male,0,Yes,Yes,32,Yes,Yes,Fiber optic,Yes,No,No,Yes,Yes,Month-to-month,Yes,Credit card (automatic),99.55,3204.65,Yes,7,0,32.82,Manouba
Male,1,Yes,No,23,Yes,No,No,No internet service,No internet service,No internet service,No internet service,No internet service,One year,Yes,Electronic check,20.75,485.2,No,1,20,45.43,Siliana
Male,0,No,No,3,Yes,No,DSL,Yes,No,No,No,No,Month-to-month,Yes,Mailed check,50.15,160.85,No,3,19,72.36,Sfax
Female,0,Yes,Yes,71,No,No phone service,DSL,Yes,Yes,No,Yes,Yes,Two year,No,Mailed check,58.65,4145.25,No,2,26,35.78,Sfax
Male,0,No,No,9,Yes,No,Fiber optic,No,No,No,Yes,Yes,Month-to-month,Yes,Bank transfer (automatic),95.9,827.45,No,1,7,102.89,Tunis
Female,0,No,No,1,Yes,No,DSL,No,Yes,No,No,No,Month-to-month,No,Electronic check,49.5,49.5,No,1,18,16.47,Médiénine
Male,0,Yes,Yes,18,Yes,No,DSL,No,No,Yes,No,Yes,Month-to-month,No,Electronic check,57.45,990.85,Yes,5,3,41.05,Kasserine
Male,0,Yes,Yes,12,Yes,No,DSL,No,No,No,No,Yes,One year,No,Credit card (automatic),53.65,696.35,Yes,6,2,27.67,Sousse
Male,0,Yes,No,71,Yes,Yes,DSL,Yes,Yes,Yes,No,Yes,Two year,Yes,Mailed check,80.1,5585.4,No,1,9,56.34,Ariana
Female,0,No,No,64,Yes,Yes,No,No internet service,No internet service,No internet service,No internet service,No internet service,One year,Yes,Bank transfer (automatic),24.4,1601.2,No,0,16,23.99,Zaghouan
Male,0,No,No,4,No,No phone service,DSL,No,No,No,No,Yes,Month-to-month,Yes,Electronic check,40.05,162.45,No,2,20,53.64,Monastir
Female,0,No,No,23,Yes,No,No,No internet service,No internet service,No internet service,No internet service,No internet service,Month-to-month,Yes,Mailed check,19.5,470.2,No,4,7,69.06,Sousse
Female,0,Yes,Yes,39,Yes,No,DSL,Yes,No,No,No,No,Month-to-month,No,Credit card (automatic),51.05,2066.0,No,0,12,77.46,Kasserine
Male,0,Yes,No,28,Yes,No,DSL,Yes,No,No,No,No,One year,No,Mailed check,54.35,1426.45,No,4,18,78.12,Tunis
Female,1,No,No,5,Yes,No,Fiber optic,No,Yes,No,Yes,No,Month-to-month,Yes,Electronic check,84.7,392.5,No,0,28,83.79,Zaghouan
Female,1,Yes,No,45,Yes,No,Fiber optic,No,No,Yes,No,Yes,Month-to-month,Yes,Electronic check,86.1,3861.45,No,3,30,98.14,Béja
Male,0,No,No,37,Yes,No,Fiber optic,No,No,No,No,No,Month-to-month,Yes,Mailed check,70.35,2552.9,No,3,15,39.17,Tunis
Female,1,Yes,No,60,Yes,No,Fiber optic,Yes,Yes,Yes,Yes,Yes,Two year,Yes,Bank transfer (automatic),110.0,6668.35,No,4,22,23.73,Bizerte
Male,1,No,No,8,Yes,Yes,Fiber optic,No,No,Yes,Yes,Yes,Month-to-month,Yes,Electronic check,100.6,819.4,Yes,4,0,15.83,Sfax
Female,0,No,No,47,Yes,Yes,Fiber optic,Yes,No,Yes,Yes,No,One year,No,Credit card (automatic),94.9,4615.25,No,0,11,75.21,Siliana
Male,0,Yes,Yes,26,Yes,Yes,Fiber optic,No,No,No,Yes,No,Month-to-month,Yes,Electronic check,83.75,2070.6,Yes,10,1,10.21,Tunis
Female,1,Yes,Yes,3,Yes,No,Fiber optic,Yes,No,No,Yes,No,Month-to-month,Yes,Mailed check,88.3,273.75,Yes,4,0,1.12,Sfax
Female,0,Yes,Yes,50,Yes,No,Fiber optic,No,No,No,No,No,Month-to-month,Yes,Bank transfer (automatic),69.75,3557.7,No,4,16,24.36,Sfax
Male,0,Yes,Yes,27,Yes,Yes,DSL,No,No,No,Yes,Yes,Month-to-month,No,Bank transfer (automatic),71.6,1957.1,No,4,28,77.35,Mahdia
Female,1,No,No,8,Yes,No,Fiber optic,No,No,Yes,Yes,Yes,Month-to-month,Yes,Electronic check,92.1,729.95,Yes,9,0,42.73,Ben Arous
Female,0,Yes,No,62,Yes,Yes,No,No internet service,No internet service,No internet service,No internet service,No internet service,Two year,No,Bank transfer (automatic),23.65,1416.75,No,3,20,137.5,Nabeul
Female,0,Yes,No,71,Yes,No,DSL,Yes,No,Yes,Yes,Yes,Two year,No,Bank transfer (automatic),81.85,5924.4,No,3,16,74.97,Kairouan
Male,0,No,No,66,Yes,Yes,No,No internet service,No internet service,No internet service,No internet service,No internet service,Two year,No,Mailed check,25.1,1697.7,No,2,24,126.12,Bizerte
Male,0,Yes,Yes,68,Yes,Yes,Fiber optic,Yes,Yes,Yes,Yes,Yes,Two year,Yes,Bank transfer (automatic),114.7,7849.85,No,4,7,11.0,Sousse
Female,0,No,No,13,No,No phone service,DSL,No,No,Yes,Yes,Yes,Month-to-month,No,Electronic check,49.15,649.4,No,1,27,134.13,Tunis
Male,0,Yes,No,56,Yes,No,Fiber optic,No,No,No,No,Yes,One year,Yes,Electronic check,80.9,4557.5,No,4,24,75.16,Jendouba
Male,0,Yes,No,38,Yes,No,Fiber optic,Yes,Yes,No,No,No,Month-to-month,Yes,Electronic check,79.45,3013.05,Yes,5,3,21.38,Ben Arous
Male,1,No,No,14,Yes,No,Fiber optic,No,No,No,Yes,Yes,Month-to-month,No,Credit card (automatic),90.45,1266.1,Yes,4,0,32.42,Mahdia
Female,0,No,Yes,16,Yes,No,No,No internet service,No internet service,No internet service,No internet service,No internet service,One year,Yes,Bank transfer (automatic),19.3,360.35,No,0,16,45.34,Médiénine
Female,0,Yes,Yes,14,Yes,No,Fiber optic,No,No,No,No,No,Month-to-month,No,Electronic check,70.2,1046.5,No,3,13,84.31,Gabès
Male,0,Yes,Yes,32,Yes,No,Fiber optic,No,No,No,No,No,Month-to-month,Yes,Bank transfer (automatic),69.75,2347.9,Yes,5,5,49.94,Ariana
Female,0,No,No,8,Yes,No,DSL,Yes,No,No,No,No,One year,No,Bank transfer (automatic),54.25,447.75,No,0,8,47.44,Kasserine
Female,0,Yes,Yes,43,Yes,Yes,Fiber optic,No,No,Yes,Yes,Yes,Month-to-month,Yes,Bank transfer (automatic),99.3,4209.95,No,3,25,124.28,Zaghouan
Female,0,No,No,52,Yes,Yes,DSL,Yes,No,Yes,Yes,No,One year,No,Credit card (automatic),74.0,3877.65,No,4,21,14.48,Kef
Male,0,No,No,3,Yes,No,DSL,No,No,No,No,No,Month-to-month,Yes,Mailed check,50.25,152.3,No,3,20,35.74,Sousse
Male,0,No,No,29,Yes,No,No,No internet service,No internet service,No internet service,No internet service,No internet service,One year,Yes,Mailed check,19.8,572.2,No,4,16,120.39,Ben Arous
Female,0,No,No,1,Yes,No,No,No internet service,No internet service,No internet service,No internet service,No internet service,Month-to-month,No,Mailed check,19.65,19.65,Yes,9,0,7.26,Sousse
Male,1,No,No,12,No,No phone service,DSL,No,No,Yes,No,Yes,Month-to-month,Yes,Electronic check,43.65,526.95,Yes,7,0,30.26,Kebili
Female,0,Yes,Yes,16,No,No phone service,DSL,No,No,No,No,Yes,Month-to-month,Yes,Credit card (automatic),35.5,552.7,No,3,9,118.03,Bizerte
Female,0,No,No,40,Yes,Yes,DSL,No,No,Yes,Yes,Yes,One year,Yes,Mailed check,80.75,3208.65,No,0,28,131.86,Bizerte
Female,0,No,No,5,No,No phone service,DSL,No,No,Yes,No,Yes,Month-to-month,No,Electronic check,39.5,210.75,Yes,9,0,32.57,Béja
Male,0,Yes,No,40,Yes,Yes,Fiber optic,No,No,No,Yes,Yes,Month-to-month,Yes,Bank transfer (automatic),97.1,3706.95,Yes,5,0,43.34,Gabès
Female,0,No,No,36,Yes,No,No,No internet service,No internet service,No internet service,No internet service,No internet service,One year,No,Mailed check,19.55,620.75,No,2,17,125.8,Monastir
Female,0,No,No,5,Yes,No,Fiber optic,No,No,No,No,Yes,Month-to-month,Yes,Electronic check,80.0,412.5,Yes,5,5,48.2,Sfax
Female,0,No,No,10,Yes,No,Fiber optic,Yes,No,No,Yes,No,Month-to-month,Yes,Mailed check,84.7,832.05,Yes,6,5,11.41,Kairouan
Male,0,Yes,Yes,2,Yes,No,Fiber optic,No,No,No,Yes,Yes,Month-to-month,Yes,Bank transfer (automatic),89.55,185.55,Yes,4,4,22.33,Sidi Bouzid
Male,0,No,No,23,Yes,Yes,Fiber optic,No,No,No,Yes,No,Month-to-month,Yes,Electronic check,90.6,1943.2,Yes,6,3,36.73,Béja
Male,0,Yes,Yes,26,Yes,No,No,No internet service,No internet service,No internet service,No internet service,No internet service,One year,Yes,Bank transfer (automatic),20.05,505.9,No,3,11,35.15,Monastir
Female,1,Yes,No,72,Yes,Yes,Fiber optic,Yes,Yes,Yes,Yes,Yes,Two year,Yes,Electronic check,112.4,8046.85,No,1,21,118.22,Tataouine
Female,0,Yes,No,34,Yes,No,DSL,No,No,No,No,No,Month-to-month,No,Bank transfer (automatic),50.2,1815.3,No,3,29,44.08,Béja
Male,0,No,No,10,Yes,No,DSL,Yes,No,No,Yes,No,Month-to-month,No,Bank transfer (automatic),62.25,612.95,No,3,22,55.15,Nabeul
Female,0,No,No,14,Yes,No,DSL,Yes,No,No,No,No,One year,No,Mailed check,55.7,795.15,No,0,18,82.53,Jendouba
Female,0,No,No,23,Yes,Yes,Fiber optic,Yes,No,No,Yes,No,Month-to-month,Yes,Bank transfer (automatic),90.05,2169.8,Yes,9,3,26.57,Ben Arous
Male,0,Yes,No,47,Yes,No,No,No internet service,No internet service,No internet service,No internet service,No internet service,Two year,No,Mailed check,19.65,973.1,No,1,13,136.31,Kairouan
Male,0,Yes,No,24,Yes,No,Fiber optic,Yes,No,No,No,Yes,Month-to-month,Yes,Electronic check,89.25,2210.2,No,3,22,148.58,Zaghouan
Male,0,Yes,No,49,Yes,Yes,Fiber optic,No,Yes,No,Yes,Yes,Month-to-month,Yes,Bank transfer (automatic),99.05,4853.75,Yes,7,4,10.0,Sousse
Male,1,No,No,20,Yes,No,DSL,Yes,No,No,No,No,One year,No,Mailed check,54.0,1055.9,No,0,28,119.66,Siliana
Female,0,No,No,2,Yes,No,Fiber optic,No,No,No,No,No,Month-to-month,No,Bank transfer (automatic),69.75,144.55,Yes,8,4,25.41,Tunis
Female,0,No,No,2,Yes,No,DSL,No,Yes,No,No,No,Month-to-month,Yes,Credit card (automatic),49.05,91.1,Yes,5,0,27.47,Ben Arous
Male,0,No,No,22,No,No phone service,DSL,No,No,Yes,Yes,Yes,Two year,No,Bank transfer (automatic),56.75,1304.85,No,0,11,40.17,Kasserine
Male,0,No,No,7,Yes,Yes,Fiber optic,No,No,Yes,Yes,Yes,Month-to-month,Yes,Bank transfer (automatic),98.05,713.0,Yes,5,5,34.64,Bizerte
Male,0,No,No,1,Yes,No,No,No internet service,No internet service,No internet service,No internet service,No internet service,Month-to-month,No,Mailed check,21.1,21.1,No,2,16,109.06,Jendouba
Female,0,Yes,Yes,59,Yes,Yes,Fiber optic,No,Yes,No,No,Yes,Month-to-month,Yes,Bank transfer (automatic),96.65,5580.8,No,3,21,49.24,Médiénine
Female,0,Yes,Yes,58,Yes,Yes,No,No internet service,No internet service,No internet service,No internet service,No internet service,One year,Yes,Credit card (automatic),24.5,1497.9,No,3,16,131.47,Tozeur
Female,0,No,No,41,Yes,Yes,Fiber optic,Yes,Yes,Yes,Yes,Yes,Month-to-month,Yes,Bank transfer (automatic),114.5,4527.45,Yes,7,2,15.93,Kef
Female,1,No,No,59,Yes,Yes,Fiber optic,No,Yes,No,No,No,Two year,Yes,Credit card (automatic),79.2,4590.35,No,4,24,68.37,Tunis
Female,0,Yes,Yes,3,Yes,No,Fiber optic,No,No,No,No,No,Month-to-month,Yes,Electronic check,69.55,200.2,No,2,30,128.47,Nabeul
Male,0,No,No,32,Yes,No,No,No internet service,No internet service,No internet service,No internet service,No internet service,Two year,Yes,Bank transfer (automatic),20.05,614.45,No,2,14,109.56,Ben Arous
Male,1,Yes,No,46,Yes,Yes,Fiber optic,No,No,Yes,Yes,Yes,Month-to-month,Yes,Electronic check,98.85,4564.9,No,1,10,128.61,Sfax
Male,0,Yes,Yes,0,Yes,Yes,No,No internet service,No internet service,No internet service,No internet service,No internet service,Two year,No,Mailed check,25.75,1397.475,No,1,15,13.67,Zaghouan
Male,0,No,No,2,Yes,No,Fiber optic,No,No,No,No,Yes,Month-to-month,Yes,Electronic check,80.95,171.15,Yes,5,4,40.45,Siliana
Female,0,Yes,Yes,52,Yes,No,No,No internet service,No internet service,No internet service,No internet service,No internet service,One year,No,Credit card (automatic),19.6,1012.4,No,3,17,41.7,Sfax
Female,1,No,No,13,Yes,No,Fiber optic,No,No,Yes,No,No,Month-to-month,Yes,Electronic check,74.3,940.35,Yes,10,2,14.59,Gafsa
Female,1,No,No,11,Yes,No,Fiber optic,No,No,No,Yes,Yes,Month-to-month,No,Bank transfer (automatic),89.7,1047.7,Yes,7,2,43.27,Bizerte
Male,0,No,No,32,Yes,Yes,Fiber optic,Yes,No,No,No,No,Month-to-month,No,Bank transfer (automatic),87.65,2766.4,No,1,12,97.64,Sousse
Male,1,Yes,No,17,Yes,Yes,Fiber optic,No,No,Yes,Yes,Yes,Month-to-month,Yes,Credit card (automatic),100.45,1622.45,Yes,7,3,4.12,Manouba
Female,0,No,No,16,Yes,Yes,Fiber optic,No,No,No,No,No,Month-to-month,Yes,Credit card (automatic),74.75,1129.35,No,2,18,141.77,Gabès
Female,0,No,No,51,Yes,Yes,Fiber optic,Yes,Yes,Yes,Yes,Yes,One year,No,Bank transfer (automatic),107.45,5680.9,No,1,8,11.16,Tunis
Male,0,No,No,29,Yes,No,DSL,No,No,Yes,Yes,Yes,One year,Yes,Bank transfer (automatic),75.35,2243.9,No,4,7,116.37,Ariana
Male,0,Yes,No,70,Yes,No,DSL,Yes,Yes,Yes,No,No,Two year,No,Credit card (automatic),64.95,4523.25,No,3,18,58.93,Bizerte
Female,0,Yes,Yes,71,Yes,Yes,Fiber optic,Yes,No,Yes,No,Yes,Two year,No,Electronic check,100.45,7159.7,No,0,20,40.28,Siliana
Male,0,Yes,Yes,41,Yes,Yes,DSL,No,Yes,Yes,Yes,No,One year,No,Bank transfer (automatic),68.5,2839.95,No,0,14,55.62,Bizerte
Male,0,No,No,1,Yes,No,Fiber optic,No,No,No,Yes,No,Month-to-month,Yes,Electronic check,80.55,80.55,No,1,29,49.19,Kairouan
Female,0,Yes,No,7,Yes,No,DSL,Yes,No,Yes,Yes,Yes,Month-to-month,No,Bank transfer (automatic),81.25,580.1,No,4,25,126.18,Manouba
Male,0,Yes,Yes,25,Yes,No,Fiber optic,No,No,No,Yes,Yes,One year,Yes,Electronic check,90.4,2178.6,Yes,8,3,25.96,Jendouba
Male,0,Yes,Yes,67,Yes,Yes,Fiber optic,Yes,Yes,No,No,No,One year,No,Electronic check,89.55,6038.55,No,2,18,41.86,Tunis
Male,0,Yes,Yes,5,Yes,Yes,DSL,No,No,No,No,No,Month-to-month,Yes,Mailed check,55.7,259.4,No,0,27,39.36,Sfax
Male,0,No,Yes,15,Yes,Yes,No,No internet service,No internet service,No internet service,No internet service,No internet service,Month-to-month,Yes,Electronic check,24.8,324.15,No,2,9,51.03,Tunis
Female,0,Yes,Yes,20,Yes,No,No,No internet service,No internet service,No internet service,No internet service,No internet service,Month-to-month,No,Electronic check,20.0,417.65,No,3,10,70.01,Kebili
Male,0,Yes,Yes,3,Yes,No,DSL,No,Yes,Yes,No,No,Month-to-month,Yes,Mailed check,56.15,168.15,Yes,5,0,42.03,Kairouan
Male,0,Yes,Yes,54,Yes,Yes,Fiber optic,No,Yes,No,Yes,Yes,One year,Yes,Electronic check,105.2,5637.85,No,3,19,95.72,Tunis
Male,0,No,No,42,Yes,No,No,No internet service,No internet service,No internet service,No internet service,No internet service,One year,Yes,Mailed check,19.55,839.4,No,3,9,95.8,Tunis
Female,0,Yes,No,9,Yes,No,Fiber optic,No,No,No,No,Yes,Month-to-month,Yes,Electronic check,79.75,769.1,No,3,27,146.63,Nabeul
Female,0,No,No,63,Yes,Yes,Fiber optic,No,Yes,No,Yes,Yes,Two year,No,Bank transfer (automatic),97.45,6253.0,No,0,14,82.38,Tunis
Female,0,Yes,No,69,Yes,Yes,No,No internet service,No internet service,No internet service,No internet service,No internet service,Two year,No,Bank transfer (automatic),24.25,1641.8,No,2,19,129.1,Nabeul
Female,0,No,No,69,Yes,Yes,No,No internet service,No internet service,No internet service,No internet service,No internet service,Two year,No,Credit card (automatic),24.6,1678.05,No,2,23,104.29,Ben Arous
Male,0,Yes,No,40,Yes,No,DSL,No,Yes,No,No,No,Month-to-month,Yes,Mailed check,50.15,2058.5,No,2,17,86.64,Sousse
Male,0,No,No,60,No,No phone service,DSL,Yes,Yes,Yes,No,No,Two year,No,Bank transfer (automatic),39.6,2424.5,No,0,6,133.39,Gabès
Female,0,No,No,4,Yes,No,Fiber optic,Yes,No,Yes,No,Yes,Month-to-month,Yes,Bank transfer (automatic),94.4,387.2,Yes,5,1,7.49,Gabès
Female,1,No,No,71,Yes,Yes,DSL,Yes,Yes,Yes,Yes,Yes,Two year,No,Mailed check,89.85,6293.45,No,2,22,68.93,Bizerte
Female,0,Yes,No,37,Yes,Yes,Fiber optic,No,No,Yes,No,No,Month-to-month,Yes,Credit card (automatic),78.95,2839.65,Yes,5,4,29.61,Sousse
Male,0,Yes,No,32,Yes,Yes,Fiber optic,No,Yes,No,Yes,Yes,Month-to-month,Yes,Credit card (automatic),98.85,3145.9,No,2,26,63.39,Kasserine
Male,0,No,No,39,Yes,Yes,DSL,No,No,No,No,No,Two year,Yes,Credit card (automatic),53.85,2200.7,No,0,26,46.95,Kasserine
Female,0,No,No,38,Yes,Yes,No,No internet service,No internet service,No internet service,No internet service,No internet service,One year,Yes,Electronic check,24.25,914.4,No,2,5,143.35,Sfax
Male,0,No,No,52,Yes,Yes,Fiber optic,No,No,Yes,No,Yes,Two year,Yes,Credit card (automatic),89.45,4577.75,No,1,12,34.32,Tunis
Female,0,Yes,Yes,48,Yes,Yes,Fiber optic,Yes,Yes,No,Yes,Yes,Month-to-month,Yes,Credit card (automatic),105.25,4997.5,No,1,8,36.69,Sfax
Male,0,Yes,Yes,70,No,No phone service,DSL,Yes,No,Yes,Yes,Yes,Two year,No,Bank transfer (automatic),59.5,4144.8,No,0,5,142.7,Sfax
Male,0,No,No,20,Yes,No,Fiber optic,No,No,No,No,No,Month-to-month,No,Credit card (automatic),70.55,1493.55,No,1,15,82.76,Tunis
Female,0,No,No,50,Yes,Yes,DSL,Yes,No,Yes,Yes,Yes,One year,Yes,Credit card (automatic),82.5,4179.1,No,4,30,94.67,Ariana
Female,0,No,No,19,No,No phone service,DSL,No,No,No,Yes,Yes,One year,Yes,Credit card (automatic),44.85,893.55,Yes,10,2,2.94,Manouba
Male,0,Yes,Yes,25,Yes,No,DSL,Yes,Yes,Yes,No,No,One year,Yes,Bank transfer (automatic),61.6,1611.0,No,3,22,128.9,Tunis
Male,0,No,No,12,Yes,No,DSL,No,Yes,No,No,No,Month-to-month,Yes,Bank transfer (automatic),49.05,593.05,No,2,17,121.72,Tataouine
Male,1,Yes,No,39,Yes,Yes,Fiber optic,No,Yes,Yes,Yes,Yes,Month-to-month,Yes,Electronic check,105.65,4284.8,Yes,10,4,1.77,Béja
Male,0,No,No,7,Yes,No,Fiber optic,No,No,Yes,No,No,Month-to-month,No,Mailed check,74.65,544.55,Yes,4,4,15.5,Kairouan
Female,0,Yes,Yes,23,Yes,No,DSL,Yes,Yes,Yes,No,No,One year,Yes,Mailed check,66.25,1533.8,No,1,18,50.22,Nabeul
Male,0,No,No,27,Yes,No,No,No internet service,No internet service,No internet service,No internet service,No internet service,Month-to-month,Yes,Electronic check,19.4,529.8,No,1,6,148.22,Gafsa
Male,1,No,No,47,Yes,Yes,Fiber optic,No,No,No,Yes,No,Month-to-month,Yes,Credit card (automatic),86.05,3865.6,No,0,15,125.54,Tunis
Male,0,Yes,Yes,26,Yes,No,No,No internet service,No internet service,No internet service,No internet service,No internet service,Two year,Yes,Credit card (automatic),19.15,515.75,No,3,12,103.75,Sousse
Female,0,Yes,No,14,Yes,Yes,DSL,Yes,No,No,Yes,No,Month-to-month,Yes,Bank transfer (automatic),64.7,941.0,Yes,6,3,46.83,Ariana
Female,1,Yes,No,11,Yes,Yes,Fiber optic,No,No,Yes,Yes,Yes,Month-to-month,Yes,Bank transfer (automatic),104.05,1133.65,Yes,10,1,14.96,Monastir
Male,0,No,Yes,2,Yes,No,No,No internet service,No internet service,No internet service,No internet service,No internet service,Month-to-month,No,Mailed check,19.25,48.35,No,3,30,67.51,Ariana
Female,0,Yes,Yes,26,Yes,No,Fiber optic,Yes,Yes,No,No,No,Month-to-month,No,Electronic check,81.95,2070.05,No,4,19,93.54,Tunis
Female,1,Yes,No,72,Yes,Yes,Fiber optic,Yes,Yes,Yes,Yes,Yes,Two year,Yes,Bank transfer (automatic),114.65,8333.95,No,2,29,127.04,Tunis
Female,0,Yes,Yes,63,Yes,No,No,No internet service,No internet service,No internet service,No internet service,No internet service,Two year,No,Credit card (automatic),20.0,1209.25,No,2,26,112.12,Bizerte
Male,0,Yes,Yes,71,Yes,No,No,No internet service,No internet service,No internet service,No internet service,No internet service,Two year,No,Mailed check,19.8,1396.25,No,0,24,76.73,Kairouan
Male,0,Yes,Yes,11,Yes,Yes,DSL,Yes,No,No,Yes,No,Month-to-month,Yes,Bank transfer (automatic),65.15,723.35,No,4,25,30.33,Kairouan
Male,1,Yes,No,14,Yes,No,No,No internet service,No internet service,No internet service,No internet service,No internet service,One year,No,Mailed check,19.65,228.65,No,0,14,134.05,Siliana
Female,0,No,Yes,13,Yes,Yes,DSL,Yes,Yes,Yes,Yes,Yes,Two year,No,Credit card (automatic),88.95,1161.75,No,0,27,101.5,Kairouan
Male,0,No,Yes,6,Yes,No,No,No internet service,No internet service,No internet service,No internet service,No internet service,Month-to-month,Yes,Mailed check,20.2,98.35,No,0,24,137.21,Gabès
Male,1,Yes,Yes,11,Yes,Yes,Fiber optic,No,No,No,No,No,Month-to-month,Yes,Credit card (automatic),75.2,775.3,No,0,22,65.64,Mahdia
Male,0,Yes,No,18,Yes,Yes,DSL,No,Yes,No,No,No,Month-to-month,No,Credit card (automatic),56.8,1074.65,No,4,21,117.4,Tataouine
Male,0,No,No,1,No,No phone service,DSL,No,No,No,No,Yes,Month-to-month,Yes,Electronic check,35.55,35.55,Yes,10,0,40.27,Kasserine
Female,0,Yes,No,32,Yes,No,Fiber optic,Yes,No,No,No,No,Month-to-month,Yes,Bank transfer (automatic),75.5,2324.7,No,2,21,122.17,Gabès
Male,0,No,No,29,No,No phone service,DSL,Yes,No,No,No,No,One year,No,Mailed check,35.6,1072.6,No,4,24,53.16,Ariana
Female,0,No,No,3,Yes,Yes,DSL,No,No,No,Yes,No,Month-to-month,Yes,Electronic check,60.25,170.5,No,1,7,95.29,Tunis
Female,0,No,No,2,Yes,Yes,Fiber optic,No,No,No,Yes,Yes,Month-to-month,Yes,Electronic check,95.15,196.9,Yes,9,2,36.93,Ariana
Male,0,Yes,Yes,13,Yes,No,Fiber optic,No,No,Yes,Yes,Yes,Month-to-month,Yes,Mailed check,96.65,1162.85,Yes,10,2,4.79,Sfax
Female,0,No,No,41,No,No phone service,DSL,No,Yes,No,No,Yes,Month-to-month,Yes,Electronic check,40.35,1677.85,No,1,16,41.61,Mahdia
Female,0,No,No,1,Yes,No,No,No internet service,No internet service,No internet service,No internet service,No internet service,Month-to-month,No,Electronic check,18.85,18.85,No,1,9,41.64,Bizerte
Male,0,No,No,7,Yes,No,DSL,No,No,No,Yes,No,Month-to-month,No,Mailed check,54.85,370.4,No,4,30,36.47,Monastir
Female,0,Yes,No,52,Yes,No,DSL,Yes,No,Yes,Yes,No,One year,Yes,Mailed check,64.3,3410.6,No,0,13,129.5,Jendouba
Female,0,Yes,Yes,45,Yes,Yes,No,No internet service,No internet service,No internet service,No internet service,No internet service,Two year,Yes,Bank transfer (automatic),24.65,1138.8,No,2,9,75.49,Manouba
Male,0,Yes,No,70,Yes,Yes,DSL,No,Yes,Yes,Yes,No,Two year,No,Credit card (automatic),76.1,5264.25,No,0,6,24.47,Manouba
Female,0,No,No,53,Yes,No,No,No internet service,No internet service,No internet service,No internet service,No internet service,Two year,No,Mailed check,18.7,1005.7,No,0,10,55.5,Kairouan
Female,1,Yes,No,62,Yes,Yes,Fiber optic,No,Yes,Yes,Yes,No,One year,Yes,Credit card (automatic),97.95,5936.55,No,2,7,82.84,Sidi Bouzid
Female,0,Yes,No,60,Yes,Yes,Fiber optic,Yes,Yes,No,No,Yes,Month-to-month,Yes,Credit card (automatic),94.1,5475.9,No,3,9,100.28,Manouba
Female,1,Yes,No,3,Yes,No,Fiber optic,No,No,No,Yes,No,Month-to-month,Yes,Electronic check,80.4,224.05,Yes,10,3,20.03,Tunis
Female,1,Yes,No,23,Yes,No,Fiber optic,Yes,No,No,Yes,Yes,Month-to-month,Yes,Electronic check,95.1,2326.05,No,2,11,51.61,Sfax
Male,0,No,Yes,1,No,No phone service,DSL,No,Yes,No,No,No,Month-to-month,Yes,Mailed check,31.35,31.35,Yes,9,1,8.1,Ariana
Female,0,No,No,67,Yes,No,DSL,Yes,No,Yes,No,Yes,One year,Yes,Bank transfer (automatic),72.35,4991.5,No,1,24,89.16,Ben Arous
Female,0,No,No,12,Yes,Yes,Fiber optic,No,Yes,No,Yes,No,Month-to-month,Yes,Bank transfer (automatic),89.75,1052.4,Yes,5,4,31.91,Kairouan
Female,1,Yes,No,71,Yes,Yes,DSL,Yes,Yes,Yes,No,Yes,Two year,Yes,Bank transfer (automatic),82.7,5831.2,No,4,20,104.98,Zaghouan
Male,0,No,No,25,Yes,No,No,No internet service,No internet service,No internet service,No internet service,No internet service,One year,No,Credit card (automatic),19.9,510.8,No,1,9,59.65,Nabeul
Female,0,No,No,5,Yes,Yes,DSL,Yes,No,No,No,No,Month-to-month,Yes,Electronic check,53.8,283.95,No,3,10,56.57,Mahdia
Male,0,No,No,26,Yes,Yes,DSL,No,No,No,No,No,One year,Yes,Credit card (automatic),51.55,1295.4,No,3,12,96.22,Médiénine
Male,0,Yes,Yes,1,Yes,No,No,No internet service,No internet service,No internet service,No internet service,No internet service,One year,No,Mailed check,19.65,19.65,No,2,19,93.91,Tunis
Male,1,No,No,70,No,No phone service,DSL,No,Yes,Yes,Yes,No,One year,Yes,Credit card (automatic),44.05,3011.65,No,1,21,78.11,Tunis
Male,0,Yes,Yes,72,Yes,Yes,Fiber optic,Yes,Yes,Yes,Yes,Yes,Two year,Yes,Electronic check,114.0,8093.15,No,3,18,98.14,Sfax
Male,0,Yes,No,60,Yes,No,Fiber optic,No,Yes,No,Yes,Yes,One year,Yes,Electronic check,94.4,5610.25,Yes,4,1,20.34,Tunis
Female,1,Yes,Yes,32,Yes,Yes,Fiber optic,No,Yes,No,Yes,Yes,Month-to-month,Yes,Electronic check,100.4,3217.65,No,4,10,116.23,Kasserine
Male,0,No,No,1,Yes,No,No,No internet service,No internet service,No internet service,No internet service,No internet service,Month-to-month,Yes,Electronic check,19.85,19.85,Yes,5,3,3.56,Gabès
Female,0,No,No,14,Yes,Yes,DSL,No,Yes,No,No,No,One year,Yes,Mailed check,54.25,773.2,No,2,26,122.54,Mahdia
Female,0,No,No,13,Yes,Yes,Fiber optic,Yes,No,No,No,No,Month-to-month,Yes,Credit card (automatic),80.0,1029.35,No,0,30,25.26,Sousse
Female,0,No,No,6,Yes,Yes,Fiber optic,No,Yes,Yes,Yes,Yes,Month-to-month,Yes,Credit card (automatic),109.9,669.45,Yes,7,2,21.6,Gabès
Female,0,No,No,46,Yes,Yes,DSL,Yes,No,Yes,Yes,Yes,Two year,No,Mailed check,79.2,3593.8,No,4,24,40.3,Siliana
Male,0,No,No,15,Yes,No,Fiber optic,No,No,Yes,Yes,Yes,Month-to-month,Yes,Electronic check,101.35,1553.95,Yes,4,0,37.37,Béja
Male,1,Yes,No,43,Yes,Yes,Fiber optic,No,Yes,No,Yes,No,Month-to-month,Yes,Electronic check,94.3,3953.15,No,4,26,107.14,Ariana
Male,0,No,No,39,Yes,No,DSL,No,No,No,No,No,Two year,Yes,Bank transfer (automatic),49.8,1971.15,No,1,29,84.75,Kairouan
Male,1,No,No,21,Yes,No,DSL,No,No,Yes,Yes,No,Month-to-month,Yes,Bank transfer (automatic),60.05,1236.15,Yes,10,4,7.77,Tozeur
Male,0,No,No,57,No,No phone service,DSL,Yes,No,Yes,Yes,Yes,Month-to-month,Yes,Electronic check,53.75,3196.0,No,0,28,67.13,Kairouan
Female,0,Yes,No,53,Yes,No,Fiber optic,No,No,No,Yes,Yes,One year,Yes,Electronic check,93.45,4872.2,No,1,18,19.19,Bizerte
Male,0,Yes,Yes,18,Yes,No,Fiber optic,Yes,No,Yes,Yes,No,Month-to-month,Yes,Mailed check,87.9,1500.5,No,2,29,129.29,Sidi Bouzid
Female,0,No,No,1,Yes,Yes,DSL,No,No,No,No,Yes,Month-to-month,Yes,Electronic check,60.15,60.15,Yes,9,1,6.91,Tunis
Female,0,Yes,No,58,Yes,Yes,DSL,Yes,No,No,No,No,One year,Yes,Bank transfer (automatic),61.05,3478.75,No,0,12,102.2,Kasserine
Female,1,No,No,71,Yes,Yes,Fiber optic,No,No,Yes,Yes,Yes,Two year,No,Bank transfer (automatic),104.05,7413.55,No,2,28,29.79,Ben Arous
Female,0,No,No,35,Yes,No,Fiber optic,No,No,Yes,Yes,Yes,One year,Yes,Electronic check,99.25,3532.0,No,4,30,141.37,Sfax
Male,0,No,No,3,Yes,No,Fiber optic,No,No,Yes,No,Yes,Month-to-month,No,Credit card (automatic),85.7,256.75,No,0,15,124.15,Ariana
Male,0,No,No,38,Yes,Yes,Fiber optic,Yes,Yes,No,Yes,Yes,One year,Yes,Electronic check,104.85,3887.25,No,3,27,147.18,Jendouba
Male,0,Yes,Yes,35,Yes,Yes,DSL,Yes,Yes,Yes,No,No,Two year,Yes,Credit card (automatic),69.15,2490.15,No,2,15,118.05,Gabès
Male,0,No,No,7,Yes,Yes,Fiber optic,No,No,Yes,Yes,No,Month-to-month,Yes,Electronic check,90.45,593.45,Yes,7,2,25.37,Tunis
Female,0,No,No,47,Yes,No,DSL,No,No,Yes,Yes,Yes,Two year,No,Mailed check,74.45,3510.3,No,3,16,128.47,Kairouan
Female,0,No,No,14,Yes,No,DSL,No,Yes,No,No,No,Month-to-month,No,Electronic check,50.45,765.45,No,1,10,91.63,Ben Arous
Female,1,Yes,No,20,Yes,No,DSL,No,Yes,No,No,Yes,Month-to-month,Yes,Electronic check,60.0,1259.35,No,2,23,15.4,Kef
Male,0,Yes,No,66,Yes,Yes,DSL,Yes,Yes,No,Yes,Yes,Two year,No,Electronic check,85.25,5538.35,No,1,10,95.51,Sousse
Male,0,Yes,No,15,Yes,No,No,No internet service,No internet service,No internet service,No internet service,No internet service,Month-to-month,Yes,Credit card (automatic),19.45,340.85,No,2,9,140.26,Monastir
Female,0,No,No,42,Yes,No,No,No internet service,No internet service,No internet service,No internet service,No internet service,Two year,Yes,Bank transfer (automatic),20.75,844.45,No,1,6,72.91,Sousse
Female,0,Yes,No,17,Yes,Yes,Fiber optic,Yes,No,No,No,No,Month-to-month,No,Electronic check,78.9,1348.95,No,2,23,91.99,Sfax
Male,0,No,No,37,Yes,Yes,Fiber optic,No,Yes,No,Yes,Yes,One year,Yes,Credit card (automatic),104.5,3778.0,No,1,17,86.59,Zaghouan
Female,0,No,No,12,Yes,No,DSL,No,Yes,No,No,No,Month-to-month,Yes,Electronic check,49.4,611.65,No,3,28,115.58,Kasserine
Male,0,Yes,No,53,Yes,No,Fiber optic,No,Yes,No,Yes,Yes,One year,Yes,Bank transfer (automatic),94.25,4867.95,Yes,10,4,46.8,Nabeul
Female,0,No,No,60,Yes,Yes,No,No internet service,No internet service,No internet service,No internet service,No internet service,Two year,No,Mailed check,25.0,1505.05,No,2,16,96.89,Gabès
Male,0,Yes,Yes,18,No,No phone service,DSL,No,No,No,No,No,Month-to-month,No,Credit card (automatic),25.55,467.85,No,3,13,104.11,Médiénine
Male,0,No,No,1,Yes,Yes,Fiber optic,No,No,No,No,No,Month-to-month,Yes,Electronic check,74.9,74.9,Yes,5,5,9.35,Kairouan
Female,0,No,No,3,Yes,No,Fiber optic,No,No,No,No,No,Month-to-month,Yes,Electronic check,70.15,194.2,No,2,16,116.23,Tunis
Female,0,No,Yes,9,Yes,No,DSL,No,No,No,Yes,Yes,Month-to-month,Yes,Credit card (automatic),69.4,571.45,No,4,8,118.06,Siliana
Female,0,No,No,1,Yes,No,Fiber optic,No,No,No,Yes,No,Month-to-month,Yes,Electronic check,80.25,80.25,Yes,10,2,38.42,Nabeul
Male,0,Yes,No,56,Yes,Yes,Fiber optic,Yes,Yes,Yes,No,No,One year,Yes,Electronic check,93.15,5253.95,No,0,22,86.94,Tunis
Male,0,Yes,Yes,17,Yes,No,Fiber optic,No,No,No,No,No,Month-to-month,Yes,Electronic check,69.0,1149.65,Yes,8,3,17.42,Tunis
Female,0,Yes,Yes,11,Yes,Yes,DSL,No,No,No,No,Yes,Month-to-month,Yes,Electronic check,66.35,740.8,Yes,4,4,20.39,Ariana
Male,0,No,No,7,Yes,No,Fiber optic,No,No,No,No,No,Month-to-month,Yes,Electronic check,69.55,521.35,No,2,26,82.69,Jendouba
Female,0,Yes,Yes,69,Yes,No,No,No internet service,No internet service,No internet service,No internet service,No internet service,Two year,No,Bank transfer (automatic),20.2,1412.65,No,2,21,119.38,Zaghouan
Male,0,No,No,19,Yes,Yes,Fiber optic,No,No,No,No,Yes,Month-to-month,Yes,Bank transfer (automatic),86.0,1532.45,Yes,8,2,34.75,Kairouan
Female,0,Yes,Yes,3,Yes,No,Fiber optic,No,No,No,No,Yes,Month-to-month,Yes,Electronic check,80.3,250.05,Yes,7,5,25.3,Kairouan
Male,0,Yes,Yes,54,Yes,No,No,No internet service,No internet service,No internet service,No internet service,No internet service,Two year,No,Credit card (automatic),20.4,1090.6,No,4,21,62.27,Jendouba
Male,0,Yes,No,62,Yes,Yes,No,No internet service,No internet service,No internet service,No internet service,No internet service,One year,Yes,Credit card (automatic),23.75,1446.8,No,1,26,84.93,Monastir
Male,0,No,No,24,Yes,Yes,Fiber optic,No,Yes,No,Yes,No,Month-to-month,Yes,Credit card (automatic),90.55,2282.55,Yes,5,4,4.51,Kef
Female,0,Yes,Yes,62,Yes,Yes,DSL,No,No,No,Yes,Yes,Month-to-month,Yes,Credit card (automatic),70.45,4300.45,No,3,11,146.8,Sfax
Male,0,No,No,17,Yes,Yes,DSL,Yes,No,No,No,Yes,Month-to-month,No,Bank transfer (automatic),65.75,1111.2,No,3,5,88.59,Tunis
Male,0,No,No,9,No,No phone service,DSL,No,No,No,No,No,Month-to-month,Yes,Mailed check,24.6,190.1,No,4,21,34.05,Sfax
Male,0,Yes,Yes,64,Yes,No,DSL,Yes,No,Yes,Yes,No,Two year,No,Mailed check,69.25,4447.75,No,1,21,31.59,Jendouba
Female,0,No,No,2,Yes,Yes,Fiber optic,No,No,No,No,No,Month-to-month,Yes,Electronic check,75.9,143.35,Yes,8,3,19.28,Tunis
Male,0,Yes,Yes,1,Yes,No,DSL,No,No,No,No,No,Month-to-month,Yes,Mailed check,45.85,45.85,Yes,4,4,27.45,Tunis
Female,0,Yes,No,16,No,No phone service,DSL,No,No,No,Yes,Yes,Month-to-month,Yes,Electronic check,49.95,810.2,Yes,9,4,42.74,Sousse
Female,0,Yes,No,72,Yes,Yes,No,No internet service,No internet service,No internet service,No internet service,No internet service,Two year,No,Bank transfer (automatic),24.65,1830.05,No,2,22,117.67,Mahdia
Male,0,No,No,30,Yes,Yes,Fiber optic,Yes,Yes,Yes,No,No,One year,No,Bank transfer (automatic),90.4,2820.65,No,0,22,144.73,Mahdia
Female,0,Yes,No,49,Yes,Yes,Fiber optic,Yes,No,No,Yes,Yes,Month-to-month,Yes,Mailed check,100.85,4847.35,No,3,13,137.73,Mahdia
Male,0,Yes,No,61,Yes,Yes,DSL,Yes,No,Yes,No,Yes,Two year,No,Credit card (automatic),75.35,4729.3,No,1,5,57.02,Sidi Bouzid
Male,0,Yes,Yes,47,Yes,Yes,Fiber optic,No,Yes,No,Yes,No,Month-to-month,No,Electronic check,87.2,4017.45,No,1,21,48.65,Kairouan
Male,0,No,No,20,Yes,No,DSL,Yes,No,Yes,No,Yes,Month-to-month,No,Credit card (automatic),64.4,1398.6,No,4,29,69.27,Sfax
Male,0,Yes,Yes,34,Yes,No,Fiber optic,No,No,No,Yes,No,Month-to-month,No,Electronic check,78.3,2564.3,Yes,8,2,16.28,Manouba
Female,0,Yes,Yes,70,Yes,Yes,No,No internet service,No internet service,No internet service,No internet service,No internet service,Two year,No,Bank transfer (automatic),24.7,1685.9,No,1,28,106.26,Kasserine
Male,0,No,Yes,54,Yes,No,Fiber optic,Yes,Yes,No,Yes,Yes,One year,Yes,Electronic check,105.85,5826.65,No,1,11,146.23,Jendouba
Male,1,Yes,No,61,Yes,Yes,Fiber optic,No,Yes,Yes,Yes,No,One year,Yes,Mailed check,98.3,6066.55,No,4,15,71.96,Ariana
Male,0,No,No,3,Yes,Yes,Fiber optic,No,No,No,No,No,Month-to-month,Yes,Electronic check,76.95,228.4,Yes,7,3,4.05,Monastir
Male,0,No,No,13,Yes,No,No,No internet service,No internet service,No internet service,No internet service,No internet service,One year,No,Mailed check,19.45,270.2,No,0,25,24.45,Ben Arous
Female,1,No,No,16,Yes,Yes,Fiber optic,No,No,No,Yes,Yes,Month-to-month,Yes,Electronic check,96.15,1529.2,Yes,8,3,28.16,Médiénine
Female,0,Yes,Yes,3,Yes,No,DSL,No,Yes,No,Yes,No,Month-to-month,Yes,Credit card (automatic),58.7,168.6,No,0,24,145.11,Bizerte
Male,0,No,No,25,Yes,No,No,No internet service,No internet service,No internet service,No internet service,No internet service,Month-to-month,Yes,Mailed check,20.15,536.35,No,2,25,60.92,Tunis
Male,0,No,No,30,Yes,Yes,DSL,Yes,No,No,No,Yes,Month-to-month,Yes,Mailed check,64.5,1888.45,No,2,15,137.58,Bizerte
Female,0,Yes,No,21,No,No phone service,DSL,Yes,No,No,No,No,Month-to-month,No,Electronic check,28.5,629.35,No,2,30,82.47,Nabeul
Male,0,No,No,1,Yes,No,DSL,No,No,No,No,No,Month-to-month,No,Electronic check,45.3,45.3,Yes,6,1,3.01,Béja
Female,0,No,No,15,Yes,No,No,No internet service,No internet service,No internet service,No internet service,No internet service,Month-to-month,No,Bank transfer (automatic),19.4,289.3,Yes,4,4,47.58,Sousse
Male,1,Yes,No,23,Yes,No,Fiber optic,No,No,No,Yes,Yes,Month-to-month,Yes,Electronic check,90.45,2117.25,No,4,18,64.19,Gabès
Female,0,Yes,Yes,45,Yes,Yes,Fiber optic,Yes,Yes,No,Yes,Yes,Month-to-month,Yes,Electronic check,105.15,4730.9,No,3,13,69.63,Bizerte
Female,0,Yes,Yes,24,Yes,Yes,Fiber optic,No,Yes,Yes,No,No,One year,No,Bank transfer (automatic),83.15,2033.05,No,1,25,121.15,Monastir
Female,0,No,No,11,Yes,Yes,Fiber optic,No,No,No,Yes,No,Month-to-month,No,Electronic check,90.15,987.95,Yes,7,1,7.42,Sousse
Male,0,No,No,1,Yes,No,DSL,No,No,No,No,No,Month-to-month,No,Mailed check,45.05,45.05,Yes,4,5,4.51,Ariana
Female,0,Yes,No,56,Yes,Yes,Fiber optic,No,No,Yes,Yes,Yes,Two year,No,Bank transfer (automatic),103.2,5744.35,No,0,21,35.04,Ariana
Female,0,No,No,1,Yes,No,Fiber optic,No,Yes,No,No,No,Month-to-month,No,Electronic check,75.8,75.8,Yes,7,2,39.09,Bizerte
Male,0,No,No,1,Yes,No,No,No internet service,No internet service,No internet service,No internet service,No internet service,Month-to-month,No,Electronic check,19.45,19.45,No,3,13,20.28,Tataouine
Female,0,No,No,7,Yes,No,Fiber optic,No,No,No,No,Yes,Month-to-month,Yes,Electronic check,79.3,523.15,Yes,7,1,23.96,Sousse
Female,1,Yes,No,55,Yes,No,Fiber optic,No,No,Yes,Yes,No,Two year,No,Credit card (automatic),88.8,4805.3,No,1,18,101.9,Kairouan
Female,0,No,No,2,No,No phone service,DSL,No,No,No,No,No,Month-to-month,Yes,Electronic check,30.9,59.05,Yes,9,4,33.35,Médiénine
Female,0,Yes,Yes,72,Yes,Yes,DSL,Yes,No,Yes,Yes,Yes,Two year,Yes,Credit card (automatic),85.9,6110.75,No,0,21,79.49,Sidi Bouzid
Female,1,No,No,45,No,No phone service,DSL,No,No,No,No,Yes,One year,No,Electronic check,34.2,1596.6,No,2,8,93.39,Ben Arous
Female,0,No,No,47,Yes,No,No,No internet service,No internet service,No internet service,No internet service,No internet service,Two year,No,Mailed check,20.15,1046.2,No,3,25,138.49,Zaghouan
Female,1,No,No,46,Yes,No,Fiber optic,No,Yes,No,Yes,Yes,One year,No,Credit card (automatic),95.25,4424.2,Yes,8,3,44.3,Kairouan
Male,0,No,No,2,Yes,No,DSL,No,Yes,No,No,No,Month-to-month,Yes,Mailed check,50.3,92.75,No,2,7,71.73,Kebili
Female,0,Yes,No,2,Yes,No,Fiber optic,Yes,No,No,No,No,Month-to-month,Yes,Electronic check,80.15,194.55,No,0,10,19.12,Gabès
Female,0,Yes,No,12,Yes,No,DSL,No,Yes,No,No,No,Month-to-month,Yes,Electronic check,51.25,612.1,No,0,7,96.33,Manouba
Female,1,Yes,No,68,Yes,Yes,Fiber optic,No,Yes,No,No,Yes,Month-to-month,Yes,Bank transfer (automatic),89.6,6127.6,Yes,6,3,29.34,Bizerte
Male,0,Yes,Yes,69,Yes,No,Fiber optic,No,No,No,Yes,Yes,Two year,Yes,Credit card (automatic),95.2,6671.7,No,0,19,79.32,Sfax
Male,1,No,Yes,56,Yes,No,Fiber optic,Yes,No,No,Yes,Yes,One year,No,Credit card (automatic),94.8,5264.3,No,2,26,42.3,Sousse
Female,1,No,No,4,Yes,Yes,Fiber optic,Yes,No,No,No,No,Month-to-month,Yes,Electronic check,80.25,303.7,No,2,20,109.09,Médiénine
Male,0,Yes,No,64,Yes,Yes,DSL,No,Yes,Yes,Yes,No,Two year,Yes,Bank transfer (automatic),76.1,4818.8,No,0,10,12.05,Tunis
Male,0,Yes,No,59,Yes,Yes,Fiber optic,Yes,Yes,Yes,Yes,Yes,One year,Yes,Electronic check,110.15,6448.05,Yes,5,4,27.77,Kasserine
Male,0,Yes,Yes,62,Yes,Yes,Fiber optic,Yes,Yes,Yes,Yes,Yes,Two year,No,Bank transfer (automatic),115.55,7159.05,No,1,9,83.38,Gafsa
Male,0,Yes,Yes,63,Yes,Yes,No,No internet service,No internet service,No internet service,No internet service,No internet service,Two year,No,Credit card (automatic),24.65,1574.5,No,3,21,148.47,Kebili
Female,0,No,No,53,No,No phone service,DSL,Yes,Yes,Yes,Yes,No,One year,Yes,Electronic check,53.6,2879.2,No,0,24,22.27,Tozeur
Male,0,Yes,Yes,5,Yes,No,No,No internet service,No internet service,No internet service,No internet service,No internet service,Month-to-month,No,Mailed check,19.45,86.05,No,4,26,17.5,Kairouan
Male,1,Yes,No,49,Yes,Yes,Fiber optic,Yes,Yes,Yes,No,No,Month-to-month,Yes,Electronic check,88.2,4159.45,No,4,19,20.59,Bizerte
Female,0,Yes,Yes,62,Yes,Yes,Fiber optic,Yes,No,No,Yes,Yes,Two year,Yes,Bank transfer (automatic),101.15,6638.35,No,2,30,60.21,Sousse
Female,0,Yes,No,55,Yes,No,DSL,Yes,Yes,No,No,No,Two year,No,Mailed check,56.8,3112.05,No,2,9,34.25,Siliana
Female,1,Yes,No,71,Yes,No,Fiber optic,Yes,Yes,Yes,Yes,No,Two year,Yes,Electronic check,99.4,7168.25,No,1,8,17.19,Sfax
Female,0,Yes,Yes,72,Yes,No,No,No internet service,No internet service,No internet service,No internet service,No internet service,Two year,Yes,Credit card (automatic),20.1,1326.25,No,4,9,114.82,Tunis
Male,0,Yes,Yes,36,No,No phone service,DSL,Yes,No,Yes,Yes,Yes,One year,No,Credit card (automatic),60.7,2234.55,No,3,19,34.02,Sidi Bouzid
Male,0,Yes,No,25,Yes,No,No,No internet service,No internet service,No internet service,No internet service,No internet service,One year,Yes,Bank transfer (automatic),20.95,495.15,No,1,11,113.96,Sfax
Female,1,Yes,No,72,Yes,Yes,Fiber optic,Yes,Yes,Yes,Yes,Yes,Two year,Yes,Bank transfer (automatic),114.85,8317.95,No,1,8,107.94,Sfax
Female,0,No,No,36,Yes,No,No,No internet service,No internet service,No internet service,No internet service,No internet service,One year,Yes,Bank transfer (automatic),19.25,679.8,No,1,15,115.9,Tunis
Male,0,No,No,1,Yes,No,DSL,No,No,No,Yes,Yes,Month-to-month,Yes,Mailed check,62.8,62.8,No,0,22,118.33,Siliana
Female,0,Yes,No,72,Yes,Yes,Fiber optic,Yes,No,Yes,Yes,Yes,Two year,Yes,Electronic check,105.5,7544.0,No,2,8,87.82,Ariana
Male,0,Yes,Yes,59,Yes,No,No,No internet service,No internet service,No internet service,No internet service,No internet service,Two year,No,Mailed check,19.85,1188.25,No,2,25,80.88,Kebili
Male,1,Yes,No,7,Yes,No,Fiber optic,No,No,No,Yes,Yes,Month-to-month,Yes,Electronic check,89.5,676.7,Yes,5,5,26.5,Médiénine
Female,0,No,No,1,Yes,No,DSL,No,No,Yes,Yes,Yes,One year,No,Credit card (automatic),74.1,74.1,No,4,14,121.59,Sfax
Female,0,Yes,Yes,30,Yes,Yes,Fiber optic,No,Yes,Yes,Yes,Yes,Month-to-month,Yes,Electronic check,107.5,3242.5,No,2,5,19.12,Nabeul
Male,0,No,No,64,Yes,No,No,No internet service,No internet service,No internet service,No internet service,No internet service,Two year,No,Mailed check,19.55,1240.15,No,3,15,98.93,Sfax
Male,0,No,No,63,Yes,Yes,DSL,Yes,Yes,Yes,No,No,One year,No,Bank transfer (automatic),68.8,4111.35,No,3,28,22.02,Bizerte
Male,1,Yes,No,72,Yes,Yes,DSL,Yes,Yes,Yes,Yes,Yes,Two year,No,Credit card (automatic),84.45,5899.85,No,1,30,56.51,Sousse
Male,0,Yes,No,8,Yes,No,Fiber optic,Yes,No,No,No,No,Month-to-month,No,Electronic check,75.0,632.95,Yes,6,3,8.29,Sousse
Female,0,No,No,62,Yes,Yes,DSL,No,Yes,Yes,Yes,Yes,Two year,No,Bank transfer (automatic),84.5,5193.2,No,2,21,58.14,Sousse
Male,0,Yes,Yes,67,Yes,Yes,Fiber optic,No,Yes,Yes,Yes,Yes,Two year,Yes,Bank transfer (automatic),111.2,7530.8,No,3,11,15.4,Zaghouan
Male,0,No,No,6,Yes,No,DSL,No,No,No,No,No,Month-to-month,No,Electronic check,44.75,270.95,Yes,4,4,33.24,Kef
Female,0,Yes,Yes,70,Yes,Yes,DSL,Yes,No,No,Yes,Yes,Two year,Yes,Bank transfer (automatic),80.6,5460.2,No,1,27,17.8,Kairouan
Female,1,No,No,20,Yes,No,Fiber optic,No,No,No,Yes,No,Month-to-month,No,Bank transfer (automatic),80.7,1614.2,No,0,30,55.45,Sfax
Female,0,No,No,5,Yes,Yes,Fiber optic,No,No,No,No,No,Month-to-month,No,Electronic check,75.6,402.5,No,2,27,142.49,Jendouba
Female,0,Yes,Yes,24,No,No phone service,DSL,Yes,Yes,Yes,Yes,Yes,One year,No,Electronic check,57.6,1367.75,No,2,7,17.23,Ariana
Female,0,Yes,No,11,Yes,No,DSL,No,No,No,No,No,Month-to-month,Yes,Electronic check,44.05,483.7,Yes,5,4,49.27,Sousse
Male,0,Yes,No,72,Yes,Yes,Fiber optic,No,Yes,Yes,Yes,Yes,Two year,Yes,Credit card (automatic),110.6,7962.2,No,2,17,114.74,Ben Arous
Female,0,Yes,Yes,66,Yes,No,DSL,Yes,Yes,No,No,No,Two year,Yes,Credit card (automatic),58.2,3810.8,No,2,15,64.49,Sfax
Female,0,Yes,Yes,45,Yes,No,DSL,Yes,No,Yes,Yes,Yes,Two year,Yes,Mailed check,81.0,3533.6,No,0,9,76.42,Sousse
Female,0,Yes,Yes,69,Yes,No,No,No internet service,No internet service,No internet service,No internet service,No internet service,Two year,No,Bank transfer (automatic),19.7,1396.9,No,1,24,56.69,Manouba
Male,1,Yes,No,15,Yes,Yes,Fiber optic,No,No,No,No,Yes,Month-to-month,Yes,Bank transfer (automatic),85.6,1345.55,Yes,6,3,41.95,Sousse
Female,0,No,No,28,Yes,No,DSL,No,No,Yes,Yes,No,Month-to-month,Yes,Bank transfer (automatic),59.55,1646.45,No,3,22,130.45,Siliana
Female,0,No,No,70,Yes,Yes,Fiber optic,Yes,Yes,Yes,Yes,Yes,One year,No,Credit card (automatic),115.55,8127.6,Yes,9,4,32.21,Ariana
Female,0,No,No,36,Yes,No,DSL,Yes,Yes,Yes,No,Yes,One year,Yes,Mailed check,75.55,2680.15,No,3,22,23.84,Béja
Male,1,No,No,16,Yes,Yes,Fiber optic,No,No,No,Yes,No,Month-to-month,Yes,Electronic check,86.6,1281.0,Yes,10,1,39.68,Gafsa
Female,0,No,No,18,Yes,Yes,Fiber optic,No,No,No,Yes,No,Month-to-month,Yes,Electronic check,85.2,1553.9,Yes,10,3,42.4,Sousse
Female,0,Yes,No,34,Yes,Yes,Fiber optic,No,No,No,Yes,Yes,Month-to-month,Yes,Electronic check,97.65,3207.55,Yes,5,3,27.62,Béja
Male,0,Yes,Yes,42,No,No phone service,DSL,No,Yes,Yes,No,Yes,One year,Yes,Credit card (automatic),45.1,2049.05,No,0,16,81.3,Bizerte
Male,0,No,No,48,Yes,Yes,DSL,Yes,No,No,No,Yes,One year,Yes,Bank transfer (automatic),70.95,3629.2,No,4,17,118.88,Ariana
Male,0,Yes,No,47,Yes,Yes,Fiber optic,No,Yes,Yes,Yes,Yes,Month-to-month,Yes,Electronic check,109.55,5124.55,Yes,5,4,40.0,Gabès
Female,0,Yes,Yes,39,Yes,Yes,Fiber optic,No,Yes,Yes,No,No,One year,Yes,Electronic check,89.55,3474.45,Yes,4,1,48.72,Sousse
Female,0,Yes,Yes,11,Yes,No,No,No internet service,No internet service,No internet service,No internet service,No internet service,Two year,No,Credit card (automatic),20.9,202.3,No,3,26,12.93,Tunis
Male,0,No,No,7,Yes,No,No,No internet service,No internet service,No internet service,No internet service,No internet service,Month-to-month,Yes,Mailed check,19.95,147.5,No,4,5,15.24,Sousse
Female,0,No,No,3,Yes,Yes,No,No internet service,No internet service,No internet service,No internet service,No internet service,Month-to-month,No,Mailed check,24.6,86.35,No,3,25,86.97,Nabeul
Male,0,No,No,8,Yes,No,DSL,Yes,No,Yes,No,Yes,Month-to-month,Yes,Electronic check,66.7,579.0,No,1,26,21.42,Sidi Bouzid
Male,0,No,Yes,1,Yes,No,No,No internet service,No internet service,No internet service,No internet service,No internet service,Month-to-month,Yes,Mailed check,19.45,19.45,Yes,4,1,9.63,Sousse
Male,0,Yes,Yes,32,Yes,No,Fiber optic,Yes,Yes,Yes,No,Yes,One year,No,Mailed check,94.8,3131.55,No,2,12,104.87,Mahdia
Male,0,Yes,Yes,60,Yes,No,DSL,Yes,Yes,Yes,No,No,One year,Yes,Bank transfer (automatic),65.85,3928.3,No,0,14,138.58,Sfax
Female,0,Yes,No,10,Yes,No,No,No internet service,No internet service,No internet service,No internet service,No internet service,Month-to-month,Yes,Bank transfer (automatic),19.95,187.75,No,4,30,132.75,Sfax
Female,0,Yes,No,71,Yes,Yes,No,No internet service,No internet service,No internet service,No internet service,No internet service,Two year,Yes,Bank transfer (automatic),24.65,1710.15,No,2,18,67.85,Sfax
Female,0,Yes,Yes,4,Yes,No,No,No internet service,No internet service,No internet service,No internet service,No internet service,Month-to-month,No,Mailed check,20.35,76.35,Yes,7,4,5.52,Tunis
Female,1,No,No,1,Yes,No,Fiber optic,No,No,No,No,No,Month-to-month,Yes,Electronic check,69.25,69.25,Yes,10,3,42.45,Kairouan
Female,0,Yes,Yes,43,No,No phone service,DSL,Yes,Yes,No,Yes,No,One year,Yes,Bank transfer (automatic),51.25,2151.6,No,1,24,109.85,Ariana
Male,0,Yes,No,59,Yes,Yes,Fiber optic,No,No,Yes,Yes,Yes,One year,Yes,Bank transfer (automatic),99.5,5961.1,Yes,4,0,17.95,Sfax
Female,0,Yes,No,23,Yes,No,DSL,No,No,Yes,No,No,Month-to-month,No,Electronic check,54.25,1221.55,No,4,26,55.7,Kasserine
Female,0,Yes,No,72,Yes,No,No,No internet service,No internet service,No internet service,No internet service,No internet service,Two year,No,Bank transfer (automatic),19.4,1496.45,No,4,24,104.58,Kairouan
Male,0,Yes,No,22,Yes,No,DSL,Yes,No,No,No,No,One year,Yes,Credit card (automatic),56.25,1292.2,No,4,19,56.18,Ariana
Female,0,No,No,1,No,No phone service,DSL,No,No,No,No,No,Month-to-month,Yes,Mailed check,25.15,25.15,No,2,9,96.67,Médiénine
Male,0,No,No,69,Yes,Yes,No,No internet service,No internet service,No internet service,No internet service,No internet service,Two year,No,Bank transfer (automatic),23.95,1713.1,No,1,5,96.98,Sfax
Male,0,No,No,50,No,No phone service,DSL,Yes,No,No,No,No,One year,Yes,Mailed check,35.4,1748.9,No,2,20,31.37,Kairouan
Female,1,No,No,1,No,No phone service,DSL,No,No,No,No,No,Month-to-month,Yes,Electronic check,25.2,25.2,Yes,7,1,15.68,Kef
Male,0,No,No,2,Yes,No,DSL,No,No,No,No,No,Month-to-month,Yes,Mailed check,45.0,96.45,Yes,8,1,43.43,Kasserine
Female,0,Yes,No,15,Yes,No,Fiber optic,No,Yes,No,No,No,Month-to-month,No,Bank transfer (automatic),75.35,1114.55,No,4,21,33.77,Gabès
Male,0,No,No,31,Yes,No,No,No internet service,No internet service,No internet service,No internet service,No internet service,Two year,No,Bank transfer (automatic),20.4,609.1,No,0,5,108.09,Sfax
Male,0,No,No,1,Yes,No,No,No internet service,No internet service,No internet service,No internet service,No internet service,Month-to-month,No,Mailed check,20.15,20.15,Yes,10,0,47.94,Sousse
Male,0,Yes,No,66,Yes,Yes,Fiber optic,No,Yes,Yes,Yes,Yes,Month-to-month,Yes,Credit card (automatic),105.0,7133.25,Yes,10,3,41.87,Tunis
Female,0,Yes,Yes,0,No,No phone service,DSL,Yes,Yes,Yes,Yes,No,Two year,No,Credit card (automatic),56.05,1397.475,No,1,14,57.21,Gabès
Male,0,No,Yes,3,Yes,No,DSL,No,No,No,Yes,No,Month-to-month,Yes,Credit card (automatic),54.7,169.45,Yes,5,4,8.42,Kasserine
Female,0,No,No,8,Yes,No,No,No internet service,No internet service,No internet service,No internet service,No internet service,Two year,No,Mailed check,20.0,141.6,No,3,26,50.16,Sfax
Male,0,Yes,Yes,64,Yes,No,DSL,Yes,No,Yes,Yes,Yes,One year,Yes,Credit card (automatic),73.05,4688.65,No,2,23,111.88,Sfax
Female,0,Yes,No,28,Yes,No,No,No internet service,No internet service,No internet service,No internet service,No internet service,Month-to-month,No,Mailed check,20.5,563.05,No,4,10,70.87,Kebili
Female,0,Yes,No,57,Yes,Yes,Fiber optic,No,No,Yes,Yes,Yes,One year,Yes,Credit card (automatic),100.75,5985.0,No,3,28,28.46,Kasserine
Female,0,Yes,Yes,14,Yes,Yes,Fiber optic,No,No,Yes,No,Yes,Month-to-month,Yes,Electronic check,87.25,1258.6,Yes,9,0,15.89,Tunis
Male,0,No,No,19,Yes,No,No,No internet service,No internet service,No internet service,No internet service,No internet service,Two year,Yes,Mailed check,19.95,373.5,No,3,17,97.01,Kairouan
Male,0,Yes,No,10,Yes,No,Fiber optic,No,No,No,Yes,No,Month-to-month,Yes,Electronic check,79.95,857.2,Yes,5,3,22.66,Monastir
Female,0,Yes,No,51,No,No phone service,DSL,No,Yes,No,Yes,Yes,Month-to-month,Yes,Electronic check,49.65,2553.35,No,4,10,48.38,Sfax
Female,0,Yes,No,67,Yes,Yes,DSL,Yes,Yes,Yes,No,No,Two year,No,Mailed check,65.65,4322.85,No,0,30,55.58,Ben Arous
Male,0,Yes,Yes,11,Yes,No,No,No internet service,No internet service,No internet service,No internet service,No internet service,Month-to-month,Yes,Electronic check,20.45,250.8,No,4,8,10.02,Nabeul
Male,0,Yes,Yes,72,No,No phone service,DSL,Yes,No,Yes,Yes,Yes,Two year,No,Bank transfer (automatic),60.95,4549.05,No,0,23,19.84,Tunis
Male,0,Yes,Yes,66,Yes,No,No,No internet service,No internet service,No internet service,No internet service,No internet service,One year,Yes,Electronic check,20.35,1359.5,No,3,18,100.0,Tunis
Female,0,No,No,18,Yes,Yes,Fiber optic,No,No,No,Yes,No,Month-to-month,Yes,Electronic check,88.35,1639.3,Yes,9,0,7.84,Nabeul
Female,0,No,No,9,Yes,No,No,No internet service,No internet service,No internet service,No internet service,No internet service,Month-to-month,Yes,Electronic check,19.5,178.85,No,1,9,119.99,Sousse
Female,0,No,No,9,Yes,Yes,Fiber optic,No,No,No,No,No,Month-to-month,Yes,Credit card (automatic),75.2,633.85,No,2,20,135.67,Nabeul
Male,0,Yes,No,48,Yes,Yes,Fiber optic,Yes,Yes,Yes,Yes,Yes,Month-to-month,Yes,Bank transfer (automatic),111.45,5315.1,No,4,9,119.92,Tunis
Male,0,No,No,10,Yes,No,Fiber optic,No,No,No,No,No,Month-to-month,No,Mailed check,70.15,735.5,No,3,28,146.95,Sousse
Female,0,No,No,9,Yes,Yes,Fiber optic,No,No,No,Yes,Yes,Month-to-month,Yes,Electronic check,94.75,889.9,Yes,6,0,44.71,Tunis
Female,1,No,No,13,Yes,Yes,Fiber optic,No,No,No,Yes,Yes,Month-to-month,Yes,Electronic check,95.05,1290.0,Yes,5,2,16.9,Nabeul
Male,0,No,No,4,Yes,Yes,Fiber optic,No,Yes,No,No,No,Month-to-month,No,Electronic check,78.45,330.05,Yes,6,2,7.36,Sousse
Male,0,No,No,4,Yes,No,Fiber optic,No,No,No,No,No,Month-to-month,Yes,Electronic check,70.2,237.95,Yes,10,1,45.58,Tunis
Female,0,Yes,No,72,Yes,Yes,DSL,Yes,Yes,Yes,Yes,Yes,Two year,No,Bank transfer (automatic),92.0,6474.4,No,0,29,65.21,Jendouba
Female,0,Yes,Yes,51,Yes,No,DSL,Yes,Yes,Yes,Yes,Yes,Two year,No,Credit card (automatic),85.5,4421.95,No,1,29,17.76,Médiénine
Male,0,Yes,No,59,No,No phone service,DSL,No,Yes,No,No,Yes,Month-to-month,Yes,Bank transfer (automatic),41.05,2452.7,Yes,8,5,24.78,Siliana
Male,0,Yes,No,10,Yes,Yes,Fiber optic,No,No,No,Yes,No,Month-to-month,Yes,Electronic check,85.6,813.85,Yes,9,5,3.17,Bizerte
Male,1,Yes,No,61,Yes,Yes,Fiber optic,No,Yes,No,No,No,Month-to-month,Yes,Electronic check,82.15,4904.85,No,1,10,91.26,Kairouan
Male,0,No,No,54,Yes,No,Fiber optic,Yes,No,Yes,No,No,One year,No,Electronic check,84.4,4484.05,No,3,29,118.01,Mahdia
Female,0,No,No,33,Yes,Yes,DSL,Yes,Yes,No,No,No,Month-to-month,Yes,Mailed check,60.9,2033.85,No,2,16,25.83,Jendouba
Female,0,No,No,27,Yes,No,No,No internet service,No internet service,No internet service,No internet service,No internet service,Two year,Yes,Bank transfer (automatic),20.25,538.2,No,4,26,121.23,Kairouan
Female,1,No,No,1,Yes,No,Fiber optic,No,No,No,Yes,No,Month-to-month,Yes,Electronic check,79.2,79.2,Yes,7,1,26.09,Tunis
Male,0,No,No,23,Yes,No,Fiber optic,No,Yes,No,Yes,Yes,Month-to-month,No,Mailed check,95.3,2192.9,No,0,9,100.31,Sousse
Male,0,No,Yes,1,Yes,No,No,No internet service,No internet service,No internet service,No internet service,No internet service,Month-to-month,No,Mailed check,19.85,19.85,No,4,7,145.91,Tunis
Male,0,Yes,Yes,45,Yes,No,DSL,Yes,Yes,Yes,Yes,Yes,Two year,Yes,Mailed check,84.35,3858.05,No,3,24,122.81,Sousse
Female,0,Yes,Yes,39,Yes,No,No,No internet service,No internet service,No internet service,No internet service,No internet service,Two year,Yes,Bank transfer (automatic),19.85,854.8,No,4,11,116.01,Kasserine
Male,0,No,No,5,Yes,No,DSL,No,No,Yes,Yes,Yes,One year,Yes,Mailed check,70.0,347.4,Yes,6,4,34.48,Gabès
Male,0,Yes,Yes,72,Yes,Yes,DSL,Yes,Yes,Yes,Yes,No,Two year,No,Bank transfer (automatic),82.3,5815.15,No,2,30,38.12,Tunis
Female,0,Yes,Yes,58,Yes,Yes,DSL,No,Yes,No,Yes,No,Month-to-month,Yes,Bank transfer (automatic),66.8,3970.4,No,0,14,28.21,Zaghouan
Female,0,No,No,70,No,No phone service,DSL,Yes,Yes,Yes,No,No,Two year,Yes,Bank transfer (automatic),44.6,3058.15,No,3,17,19.96,Bizerte
Male,0,Yes,Yes,61,Yes,No,Fiber optic,No,Yes,No,Yes,Yes,One year,Yes,Bank transfer (automatic),98.45,6145.2,No,1,13,109.27,Sidi Bouzid
Male,0,No,No,2,Yes,No,Fiber optic,No,No,No,No,No,Month-to-month,No,Mailed check,70.7,129.2,No,1,8,70.85,Sfax
Female,0,Yes,Yes,46,Yes,Yes,No,No internet service,No internet service,No internet service,No internet service,No internet service,One year,No,Mailed check,24.95,1165.9,No,4,27,12.9,Médiénine
Female,0,No,No,1,Yes,Yes,DSL,No,No,No,No,No,Month-to-month,Yes,Bank transfer (automatic),49.95,49.95,Yes,8,0,14.01,Tunis
Female,0,Yes,No,22,Yes,No,Fiber optic,No,No,No,No,No,Month-to-month,Yes,Electronic check,69.25,1554.0,Yes,9,2,44.55,Sousse
Female,0,No,No,48,Yes,No,Fiber optic,Yes,No,Yes,Yes,Yes,Two year,Yes,Credit card (automatic),102.5,4904.25,No,1,27,94.65,Monastir
Male,0,No,No,64,Yes,Yes,DSL,No,Yes,Yes,Yes,Yes,Two year,No,Credit card (automatic),86.55,5632.55,No,2,5,100.63,Mahdia
Male,0,Yes,Yes,72,Yes,Yes,No,No internet service,No internet service,No internet service,No internet service,No internet service,Two year,No,Bank transfer (automatic),24.3,1643.25,No,2,9,148.27,Ariana
Female,0,Yes,Yes,12,Yes,No,DSL,No,No,Yes,Yes,No,Month-to-month,Yes,Credit card (automatic),58.35,740.55,No,4,11,139.48,Sousse
Female,1,Yes,No,34,Yes,Yes,Fiber optic,No,Yes,Yes,No,Yes,Month-to-month,Yes,Electronic check,94.25,3217.55,Yes,4,2,23.26,Gabès
Female,0,Yes,Yes,72,Yes,No,DSL,Yes,Yes,Yes,No,Yes,Two year,No,Credit card (automatic),68.75,4888.2,No,0,24,77.18,Sidi Bouzid
Male,0,Yes,No,29,Yes,Yes,Fiber optic,No,Yes,Yes,No,No,Month-to-month,Yes,Electronic check,85.8,2440.25,No,0,20,63.21,Ben Arous
Male,0,Yes,Yes,33,Yes,No,No,No internet service,No internet service,No internet service,No internet service,No internet service,One year,No,Credit card (automatic),20.1,620.55,No,1,18,23.43,Gafsa
Female,0,No,No,1,Yes,No,No,No internet service,No internet service,No internet service,No internet service,No internet service,Month-to-month,No,Mailed check,20.35,20.35,No,1,10,61.22,Bizerte
Female,0,Yes,Yes,62,Yes,Yes,Fiber optic,No,Yes,Yes,Yes,Yes,One year,Yes,Electronic check,110.8,6840.95,No,3,30,129.18,Tunis
Male,0,Yes,No,41,Yes,Yes,DSL,No,No,Yes,Yes,Yes,One year,Yes,Electronic check,73.0,3001.2,Yes,8,3,16.2,Tunis
Female,0,No,No,64,Yes,Yes,Fiber optic,No,No,Yes,Yes,Yes,One year,Yes,Credit card (automatic),100.05,6254.2,Yes,9,2,20.51,Sfax
Female,0,No,No,4,Yes,No,Fiber optic,No,No,Yes,No,Yes,Month-to-month,Yes,Credit card (automatic),82.85,319.6,No,2,13,97.85,Sousse
Female,0,No,No,24,Yes,Yes,Fiber optic,Yes,No,No,No,No,Month-to-month,Yes,Electronic check,84.35,1938.05,No,2,6,61.55,Gabès
Female,0,Yes,Yes,14,Yes,No,No,No internet service,No internet service,No internet service,No internet service,No internet service,One year,No,Mailed check,19.55,294.5,No,3,17,66.91,Sfax
Male,0,No,Yes,3,Yes,No,No,No internet service,No internet service,No internet service,No internet service,No internet service,Month-to-month,No,Mailed check,19.95,58.3,No,0,27,104.39,Sfax
Female,1,No,No,4,Yes,No,Fiber optic,No,Yes,Yes,Yes,Yes,Month-to-month,Yes,Credit card (automatic),99.8,442.85,Yes,6,5,19.39,Sidi Bouzid
Female,0,No,Yes,18,No,No phone service,DSL,No,No,No,No,Yes,Month-to-month,Yes,Electronic check,35.0,553.0,Yes,8,0,34.19,Sidi Bouzid
Male,0,No,No,8,Yes,No,DSL,No,No,No,Yes,Yes,Month-to-month,Yes,Electronic check,66.25,546.45,No,0,11,75.63,Ariana
Female,0,No,No,35,Yes,Yes,No,No internet service,No internet service,No internet service,No internet service,No internet service,Two year,No,Bank transfer (automatic),23.3,797.1,No,2,11,20.75,Ben Arous
Female,0,No,No,1,Yes,Yes,Fiber optic,No,No,No,No,No,Month-to-month,No,Electronic check,76.0,76.0,Yes,5,1,30.18,Tunis
Male,0,No,Yes,66,Yes,Yes,No,No internet service,No internet service,No internet service,No internet service,No internet service,Two year,Yes,Credit card (automatic),25.3,1673.8,No,0,21,130.26,Tunis
Male,0,No,Yes,8,No,No phone service,DSL,Yes,No,No,No,Yes,Two year,Yes,Mailed check,44.55,343.45,No,2,8,70.87,Tunis
Female,0,Yes,No,71,Yes,Yes,Fiber optic,Yes,No,Yes,Yes,Yes,One year,Yes,Credit card (automatic),104.1,7412.25,No,0,18,13.26,Gafsa
Female,0,Yes,Yes,43,Yes,Yes,Fiber optic,No,No,Yes,No,Yes,Month-to-month,Yes,Bank transfer (automatic),92.55,4039.0,No,1,29,139.32,Tataouine
Female,1,No,No,2,Yes,Yes,Fiber optic,No,No,No,Yes,Yes,Month-to-month,Yes,Electronic check,93.85,170.85,Yes,5,1,19.72,Kairouan
Male,1,No,No,29,Yes,No,Fiber optic,No,Yes,Yes,Yes,Yes,Month-to-month,Yes,Bank transfer (automatic),101.45,2948.6,No,1,24,72.82,Tozeur
Female,0,Yes,No,15,Yes,No,Fiber optic,No,No,Yes,Yes,No,Month-to-month,Yes,Electronic check,84.3,1308.4,Yes,10,0,44.63,Sousse
Male,0,Yes,Yes,65,Yes,Yes,Fiber optic,Yes,Yes,Yes,No,No,Two year,No,Credit card (automatic),94.55,6078.75,No,4,25,66.3,Nabeul
Male,0,No,No,35,Yes,Yes,Fiber optic,No,No,Yes,Yes,No,Month-to-month,No,Electronic check,95.5,3418.2,No,0,28,83.57,Ariana
Male,0,No,No,64,Yes,No,Fiber optic,Yes,Yes,No,Yes,Yes,One year,Yes,Credit card (automatic),100.3,6603.8,No,3,13,81.74,Sfax
Female,0,Yes,Yes,58,No,No phone service,DSL,No,No,Yes,Yes,Yes,Two year,Yes,Credit card (automatic),55.5,3166.9,No,4,28,104.7,Tunis
Female,1,No,No,18,Yes,No,DSL,No,Yes,No,No,No,Month-to-month,Yes,Credit card (automatic),49.85,865.75,No,3,16,38.96,Manouba
Male,0,Yes,Yes,67,Yes,Yes,Fiber optic,No,Yes,No,No,Yes,Month-to-month,Yes,Bank transfer (automatic),89.55,6373.1,No,4,18,47.85,Sfax
Male,0,Yes,Yes,63,Yes,No,No,No internet service,No internet service,No internet service,No internet service,No internet service,Two year,Yes,Mailed check,19.15,1177.05,No,2,23,40.85,Sfax
Female,0,Yes,No,60,Yes,Yes,Fiber optic,No,Yes,No,Yes,Yes,Month-to-month,Yes,Electronic check,99.8,5985.75,No,4,19,53.32,Gabès
Male,1,No,No,9,Yes,Yes,Fiber optic,No,No,No,No,Yes,Month-to-month,Yes,Credit card (automatic),84.4,732.5,Yes,7,5,4.11,Sousse
Female,0,Yes,Yes,70,Yes,Yes,Fiber optic,Yes,Yes,Yes,Yes,Yes,Two year,Yes,Credit card (automatic),113.05,7869.05,No,3,22,18.55,Mahdia
Male,0,Yes,No,15,Yes,Yes,Fiber optic,No,No,Yes,Yes,Yes,Month-to-month,Yes,Electronic check,101.1,1504.05,Yes,10,2,13.12,Tunis
Female,0,No,Yes,48,Yes,No,No,No internet service,No internet service,No internet service,No internet service,No internet service,One year,No,Mailed check,19.95,936.7,No,0,12,117.11,Tunis
Male,0,Yes,No,12,Yes,No,DSL,No,No,Yes,Yes,Yes,Month-to-month,Yes,Electronic check,74.15,741.4,No,0,8,60.76,Zaghouan
Male,1,Yes,No,71,Yes,Yes,Fiber optic,Yes,Yes,Yes,No,No,One year,Yes,Electronic check,92.0,6585.2,No,1,7,27.1,Nabeul
Male,1,No,No,44,Yes,No,Fiber optic,No,No,Yes,No,No,Month-to-month,No,Electronic check,73.85,3122.4,No,1,15,66.04,Monastir
Male,0,No,No,1,Yes,Yes,DSL,No,No,No,No,No,Month-to-month,Yes,Electronic check,50.45,50.45,Yes,4,4,4.8,Sfax
Male,0,Yes,Yes,45,Yes,Yes,No,No internet service,No internet service,No internet service,No internet service,No internet service,Two year,No,Mailed check,24.45,1088.25,No,2,15,30.22,Gafsa
Female,0,No,No,23,Yes,Yes,No,No internet service,No internet service,No internet service,No internet service,No internet service,One year,No,Credit card (automatic),24.8,615.35,No,1,27,44.02,Kairouan
Female,0,Yes,No,43,Yes,Yes,DSL,No,No,No,Yes,No,One year,Yes,Bank transfer (automatic),64.85,2908.2,No,0,17,145.51,Sousse
Male,0,No,No,35,Yes,No,No,No internet service,No internet service,No internet service,No internet service,No internet service,Month-to-month,No,Bank transfer (automatic),20.75,739.9,No,2,25,68.75,Ariana
Male,0,Yes,No,9,Yes,No,DSL,Yes,Yes,No,Yes,No,Month-to-month,Yes,Mailed check,68.95,593.85,No,4,15,78.57,Nabeul
Male,0,No,No,12,Yes,Yes,Fiber optic,No,No,No,Yes,Yes,Month-to-month,Yes,Mailed check,99.95,1132.75,Yes,8,4,34.61,Tunis
Female,1,Yes,No,65,Yes,Yes,Fiber optic,Yes,Yes,Yes,Yes,Yes,Month-to-month,Yes,Credit card (automatic),109.4,7227.45,No,2,30,75.37,Ben Arous
Female,0,No,No,2,Yes,Yes,Fiber optic,No,No,Yes,Yes,No,Month-to-month,Yes,Electronic check,91.4,193.6,Yes,8,2,25.82,Gafsa
Male,0,No,No,27,Yes,Yes,DSL,No,No,No,No,No,Month-to-month,No,Mailed check,49.0,1291.35,No,4,24,97.96,Manouba
Female,0,No,No,40,Yes,No,DSL,No,No,Yes,No,No,One year,Yes,Mailed check,50.25,2023.55,No,3,29,30.67,Sousse
Female,1,No,No,5,Yes,No,Fiber optic,No,No,Yes,No,No,Month-to-month,Yes,Credit card (automatic),75.55,349.65,Yes,5,2,0.96,Sousse
Male,0,Yes,Yes,8,Yes,No,No,No internet service,No internet service,No internet service,No internet service,No internet service,One year,No,Credit card (automatic),19.9,153.95,No,3,29,38.3,Ariana
Female,1,Yes,No,58,Yes,Yes,Fiber optic,No,Yes,No,Yes,Yes,One year,Yes,Bank transfer (automatic),97.8,5458.8,No,1,7,135.1,Mahdia
Female,0,Yes,Yes,52,Yes,No,Fiber optic,Yes,No,Yes,Yes,Yes,One year,No,Electronic check,100.3,5244.45,No,2,23,79.51,Ben Arous
Male,0,Yes,No,3,Yes,No,DSL,No,No,Yes,No,No,Month-to-month,Yes,Mailed check,55.8,154.55,No,3,5,67.02,Tunis
Male,0,No,Yes,41,Yes,No,Fiber optic,Yes,Yes,Yes,Yes,Yes,Two year,Yes,Electronic check,111.15,4507.15,No,1,5,114.88,Gabès
Male,0,No,No,20,Yes,Yes,Fiber optic,No,No,No,Yes,Yes,Month-to-month,Yes,Mailed check,98.55,2031.95,No,3,22,72.38,Ben Arous
Male,0,No,Yes,1,Yes,Yes,DSL,No,No,No,No,No,Month-to-month,Yes,Electronic check,50.05,50.05,No,1,14,18.24,Nabeul
Male,0,No,Yes,4,Yes,Yes,Fiber optic,No,No,No,No,No,Month-to-month,No,Credit card (automatic),80.8,332.45,Yes,7,5,25.18,Gabès
Male,0,No,No,23,Yes,No,No,No internet service,No internet service,No internet service,No internet service,No internet service,Month-to-month,No,Electronic check,20.85,473.9,No,3,27,61.43,Bizerte
Female,1,No,No,6,Yes,No,No,No internet service,No internet service,No internet service,No internet service,No internet service,Month-to-month,No,Bank transfer (automatic),19.5,106.8,No,3,12,41.01,Gabès
Male,0,Yes,Yes,8,Yes,No,No,No internet service,No internet service,No internet service,No internet service,No internet service,Month-to-month,Yes,Mailed check,19.35,152.6,No,3,29,119.15,Kairouan
Male,0,No,No,18,Yes,Yes,DSL,Yes,No,Yes,Yes,No,Month-to-month,No,Mailed check,69.5,1199.4,No,4,20,14.27,Tunis
Male,1,No,No,52,No,No phone service,DSL,Yes,No,No,Yes,Yes,Month-to-month,Yes,Credit card (automatic),48.8,2555.05,No,2,28,63.12,Nabeul
Male,0,No,No,31,Yes,No,Fiber optic,No,Yes,No,Yes,Yes,Month-to-month,Yes,Electronic check,94.5,2979.2,No,1,9,62.39,Kasserine
Male,0,Yes,Yes,29,Yes,No,No,No internet service,No internet service,No internet service,No internet service,No internet service,Month-to-month,Yes,Mailed check,20.65,654.85,No,4,16,119.8,Sfax
Female,0,Yes,No,36,Yes,Yes,Fiber optic,Yes,Yes,Yes,No,Yes,Two year,Yes,Credit card (automatic),106.05,3834.4,No,2,25,141.99,Sfax
Female,0,Yes,No,16,Yes,Yes,Fiber optic,No,Yes,No,Yes,Yes,Month-to-month,Yes,Electronic check,100.0,1534.75,Yes,9,0,11.23,Tunis
Male,0,Yes,No,42,Yes,Yes,Fiber optic,No,No,Yes,Yes,Yes,One year,Yes,Electronic check,108.3,4586.15,No,2,19,74.31,Kairouan
Male,0,No,No,1,Yes,No,No,No internet service,No internet service,No internet service,No internet service,No internet service,Month-to-month,No,Electronic check,20.55,20.55,Yes,9,3,25.49,Médiénine
Female,0,No,No,60,Yes,No,Fiber optic,No,Yes,Yes,Yes,Yes,Two year,Yes,Electronic check,99.65,5941.05,No,2,13,106.96,Bizerte
Male,0,No,No,5,Yes,Yes,Fiber optic,No,Yes,Yes,No,No,Month-to-month,Yes,Electronic check,85.3,424.15,Yes,5,5,12.09,Bizerte
Male,0,Yes,No,22,Yes,Yes,Fiber optic,Yes,No,No,Yes,No,Month-to-month,No,Credit card (automatic),95.9,2234.95,No,2,17,57.85,Tunis
Male,0,Yes,No,36,Yes,No,No,No internet service,No internet service,No internet service,No internet service,No internet service,One year,No,Mailed check,20.0,666.75,No,1,15,113.75,Nabeul
Female,0,No,No,4,Yes,No,Fiber optic,No,No,No,No,No,Month-to-month,No,Electronic check,70.4,281.0,Yes,6,3,37.69,Bizerte
Male,0,No,No,9,Yes,No,DSL,Yes,No,No,No,Yes,Month-to-month,No,Mailed check,64.95,547.8,No,4,5,135.65,Gafsa
Male,0,Yes,Yes,1,Yes,No,Fiber optic,No,Yes,No,No,No,Month-to-month,No,Credit card (automatic),74.6,74.6,No,4,29,62.39,Kasserine
Male,0,Yes,Yes,12,Yes,No,DSL,Yes,No,No,No,No,Month-to-month,Yes,Electronic check,49.2,571.15,No,0,11,145.12,Nabeul
Female,0,No,No,23,Yes,Yes,DSL,No,No,No,Yes,Yes,One year,Yes,Mailed check,73.75,1756.6,No,2,9,127.8,Mahdia
Male,0,No,No,62,Yes,Yes,Fiber optic,Yes,Yes,No,No,Yes,One year,Yes,Bank transfer (automatic),92.3,5731.45,No,2,5,51.71,Siliana
Male,0,No,No,37,Yes,Yes,Fiber optic,No,No,No,Yes,Yes,Month-to-month,No,Bank transfer (automatic),98.8,3475.55,Yes,4,4,6.72,Sfax
Female,0,No,No,8,Yes,No,No,No internet service,No internet service,No internet service,No internet service,No internet service,Month-to-month,No,Mailed check,19.2,156.85,No,1,28,28.32,Sidi Bouzid
Male,0,Yes,No,31,Yes,Yes,Fiber optic,No,No,Yes,Yes,No,Month-to-month,No,Credit card (automatic),88.65,2683.2,No,1,29,59.19,Bizerte
Male,0,Yes,Yes,13,Yes,Yes,Fiber optic,No,No,No,No,No,Month-to-month,Yes,Credit card (automatic),74.4,896.75,Yes,10,0,10.45,Jendouba
Female,0,No,No,24,Yes,Yes,Fiber optic,No,No,Yes,Yes,Yes,Month-to-month,Yes,Electronic check,98.75,2407.3,Yes,10,5,36.94,Manouba
Male,0,Yes,Yes,45,Yes,Yes,Fiber optic,No,Yes,Yes,No,Yes,Month-to-month,Yes,Bank transfer (automatic),95.95,4456.65,No,4,25,120.55,Manouba
Female,1,Yes,No,69,Yes,Yes,Fiber optic,No,Yes,No,Yes,Yes,Two year,No,Credit card (automatic),105.4,6998.95,No,1,13,74.08,Béja
Male,0,No,No,2,Yes,No,No,No internet service,No internet service,No internet service,No internet service,No internet service,Month-to-month,No,Mailed check,20.25,36.8,No,4,20,136.87,Tataouine
Male,0,Yes,Yes,61,Yes,Yes,Fiber optic,Yes,Yes,No,Yes,Yes,One year,Yes,Electronic check,106.0,6547.7,Yes,5,5,40.14,Kasserine
Male,0,No,No,41,Yes,Yes,Fiber optic,No,Yes,Yes,Yes,Yes,Month-to-month,Yes,Electronic check,104.7,4346.4,Yes,10,0,47.12,Kairouan
Female,0,No,No,44,No,No phone service,DSL,No,No,Yes,Yes,Yes,One year,Yes,Electronic check,49.05,2265.0,No,0,15,71.85,Sousse
Male,0,No,No,39,No,No phone service,DSL,No,No,Yes,No,No,One year,No,Mailed check,35.55,1309.15,No,1,10,147.16,Zaghouan
Male,0,Yes,Yes,72,No,No phone service,DSL,Yes,Yes,Yes,Yes,Yes,Two year,Yes,Credit card (automatic),65.1,4754.3,No,2,14,67.37,Mahdia
Female,1,No,No,13,Yes,No,Fiber optic,No,No,Yes,Yes,Yes,Month-to-month,Yes,Electronic check,96.85,1235.55,No,2,29,130.95,Sfax
Female,0,Yes,Yes,51,Yes,No,DSL,Yes,Yes,No,No,Yes,One year,Yes,Credit card (automatic),69.75,3562.5,No,2,24,132.84,Kairouan
Female,1,Yes,No,71,Yes,No,Fiber optic,No,Yes,Yes,Yes,Yes,Two year,Yes,Electronic check,99.2,7213.75,No,3,27,106.79,Kasserine
Male,1,No,No,22,Yes,Yes,Fiber optic,No,No,No,Yes,Yes,Month-to-month,Yes,Electronic check,96.7,2082.95,Yes,8,4,23.29,Gabès
Female,0,No,No,2,Yes,No,DSL,No,Yes,No,No,No,Month-to-month,Yes,Credit card (automatic),55.05,102.75,Yes,4,5,13.33,Sousse
Female,0,No,No,56,Yes,Yes,Fiber optic,No,Yes,Yes,Yes,Yes,One year,Yes,Electronic check,106.8,5914.4,No,1,23,98.48,Gabès
Male,0,No,No,1,Yes,No,DSL,Yes,No,No,No,No,Month-to-month,No,Mailed check,51.25,51.25,No,4,18,89.57,Tunis
Female,0,Yes,Yes,23,Yes,No,DSL,Yes,Yes,No,No,No,One year,Yes,Mailed check,57.75,1282.85,No,0,30,93.21,Ben Arous
Female,1,Yes,No,66,Yes,Yes,DSL,No,Yes,Yes,Yes,No,One year,Yes,Bank transfer (automatic),70.85,4738.85,No,2,23,132.21,Sousse
Female,0,No,No,1,Yes,No,No,No internet service,No internet service,No internet service,No internet service,No internet service,Month-to-month,No,Mailed check,19.55,19.55,No,2,17,145.77,Sousse
Male,1,No,No,19,Yes,Yes,Fiber optic,No,Yes,No,Yes,No,Month-to-month,Yes,Electronic check,88.2,1775.8,Yes,6,3,35.53,Ariana
Male,0,No,No,11,Yes,No,Fiber optic,Yes,No,Yes,No,No,Month-to-month,Yes,Bank transfer (automatic),79.5,795.65,No,4,8,18.52,Tunis
Female,0,Yes,Yes,8,Yes,No,No,No internet service,No internet service,No internet service,No internet service,No internet service,One year,Yes,Mailed check,19.75,145.0,Yes,10,2,14.69,Kef
Female,0,Yes,Yes,52,Yes,Yes,Fiber optic,Yes,Yes,Yes,No,Yes,Month-to-month,No,Bank transfer (automatic),98.15,4993.4,No,0,19,117.45,Béja
Male,0,No,No,3,Yes,No,No,No internet service,No internet service,No internet service,No internet service,No internet service,Month-to-month,Yes,Electronic check,20.25,61.45,No,4,22,125.45,Médiénine
Female,0,Yes,Yes,51,Yes,No,Fiber optic,Yes,Yes,No,No,No,Month-to-month,Yes,Bank transfer (automatic),79.15,4018.55,No,4,25,118.49,Tataouine
Male,1,No,No,15,Yes,Yes,Fiber optic,No,No,No,No,No,Month-to-month,No,Electronic check,75.65,1146.65,Yes,4,1,20.12,Sfax
Male,1,Yes,No,64,Yes,Yes,Fiber optic,No,Yes,Yes,No,Yes,Month-to-month,Yes,Electronic check,94.25,6081.4,No,0,28,123.86,Sfax
Female,0,No,No,37,No,No phone service,DSL,No,No,Yes,No,Yes,Month-to-month,Yes,Credit card (automatic),40.2,1478.85,No,2,7,44.33,Sfax
Male,0,No,No,13,Yes,No,No,No internet service,No internet service,No internet service,No internet service,No internet service,Two year,No,Mailed check,19.95,243.65,No,1,7,28.97,Sidi Bouzid
Male,0,Yes,No,49,Yes,Yes,DSL,Yes,No,No,No,No,One year,Yes,Electronic check,55.35,2633.95,No,3,20,12.1,Kairouan
Female,1,No,No,45,Yes,Yes,Fiber optic,No,No,Yes,Yes,Yes,One year,Yes,Bank transfer (automatic),102.15,4735.35,No,0,14,94.79,Ben Arous
Female,0,No,No,18,Yes,No,Fiber optic,No,No,No,No,No,Month-to-month,Yes,Electronic check,71.1,1247.75,No,2,23,136.58,Mahdia
Male,1,No,No,1,Yes,Yes,Fiber optic,No,No,No,No,No,Month-to-month,Yes,Electronic check,74.7,74.7,Yes,5,3,26.69,Tataouine
Male,0,Yes,No,68,No,No phone service,DSL,Yes,No,Yes,Yes,Yes,Two year,Yes,Bank transfer (automatic),54.1,3794.5,No,1,12,57.4,Sfax
Male,0,No,No,54,Yes,No,No,No internet service,No internet service,No internet service,No internet service,No internet service,Two year,No,Credit card (automatic),19.65,1008.7,No,1,20,137.77,Nabeul
Female,1,Yes,Yes,23,Yes,No,Fiber optic,No,Yes,Yes,No,Yes,Month-to-month,Yes,Bank transfer (automatic),88.45,2130.55,No,0,7,121.67,Médiénine
Male,0,No,No,17,Yes,No,Fiber optic,No,No,Yes,No,No,Month-to-month,Yes,Electronic check,76.65,1313.55,Yes,10,2,32.36,Sfax
Male,0,Yes,No,71,Yes,Yes,DSL,Yes,Yes,Yes,No,Yes,Two year,No,Credit card (automatic),80.4,5727.15,No,4,17,146.09,Ariana
Female,0,Yes,Yes,67,Yes,No,No,No internet service,No internet service,No internet service,No internet service,No internet service,Two year,Yes,Bank transfer (automatic),19.25,1372.9,No,4,29,82.18,Bizerte
Female,0,Yes,Yes,14,Yes,Yes,Fiber optic,No,No,No,Yes,No,Month-to-month,Yes,Electronic check,84.8,1203.9,No,3,29,144.4,Médiénine
Female,1,No,No,1,No,No phone service,DSL,No,No,No,No,No,Month-to-month,Yes,Mailed check,25.8,25.8,Yes,8,4,44.08,Sfax
Female,0,No,Yes,63,Yes,No,No,No internet service,No internet service,No internet service,No internet service,No internet service,Two year,No,Credit card (automatic),19.5,1215.1,No,3,28,113.08,Tunis
Female,0,No,No,41,Yes,Yes,DSL,No,No,Yes,No,Yes,One year,Yes,Electronic check,68.6,2877.05,No,4,20,114.03,Béja
Female,0,Yes,No,17,Yes,Yes,Fiber optic,No,No,No,Yes,Yes,Month-to-month,No,Electronic check,92.6,1579.7,No,2,6,21.81,Béja
Male,0,Yes,No,56,Yes,Yes,Fiber optic,Yes,No,No,Yes,Yes,One year,Yes,Electronic check,100.55,5514.95,No,4,20,115.17,Kasserine
Female,0,No,No,5,Yes,No,No,No internet service,No internet service,No internet service,No internet service,No internet service,Month-to-month,No,Credit card (automatic),20.55,96.1,No,2,14,34.34,Sfax
Female,0,No,No,2,No,No phone service,DSL,Yes,Yes,No,No,Yes,Month-to-month,Yes,Electronic check,42.6,72.4,Yes,4,0,40.21,Médiénine
Female,0,Yes,No,3,Yes,No,No,No internet service,No internet service,No internet service,No internet service,No internet service,Month-to-month,Yes,Mailed check,19.6,55.25,No,1,12,83.01,Sfax
Male,0,No,No,37,Yes,Yes,DSL,Yes,Yes,Yes,No,No,One year,No,Electronic check,67.45,2443.3,No,1,17,68.92,Gabès
Female,0,No,No,29,Yes,No,DSL,Yes,Yes,Yes,No,Yes,Month-to-month,Yes,Bank transfer (automatic),68.85,1970.5,Yes,4,2,1.78,Sousse
Male,0,No,No,8,Yes,No,DSL,No,No,No,No,No,Month-to-month,No,Mailed check,43.55,335.4,No,3,6,139.76,Kef
Female,0,No,No,63,Yes,Yes,Fiber optic,No,Yes,Yes,Yes,Yes,Month-to-month,Yes,Credit card (automatic),109.85,7002.95,No,4,27,131.7,Sfax
Female,0,Yes,Yes,7,Yes,No,No,No internet service,No internet service,No internet service,No internet service,No internet service,Month-to-month,No,Mailed check,20.65,158.95,No,0,12,54.4,Tunis
Female,0,No,No,3,Yes,No,Fiber optic,No,Yes,No,Yes,Yes,Month-to-month,No,Electronic check,95.4,293.15,No,0,10,68.77,Kairouan
Male,0,Yes,Yes,72,Yes,No,No,No internet service,No internet service,No internet service,No internet service,No internet service,Two year,No,Bank transfer (automatic),21.0,1493.75,No,1,25,42.15,Monastir
Female,0,No,No,19,Yes,No,DSL,No,No,No,No,Yes,Month-to-month,Yes,Electronic check,56.2,1093.4,No,2,21,60.41,Tunis
Female,0,Yes,No,59,Yes,No,No,No internet service,No internet service,No internet service,No internet service,No internet service,Two year,No,Bank transfer (automatic),18.4,1057.85,No,4,25,22.27,Tunis
Male,0,Yes,Yes,2,Yes,No,Fiber optic,No,No,Yes,No,Yes,Month-to-month,No,Credit card (automatic),90.0,190.05,Yes,8,1,22.55,Siliana
Female,0,Yes,Yes,35,Yes,Yes,No,No internet service,No internet service,No internet service,No internet service,No internet service,Month-to-month,Yes,Electronic check,25.75,882.55,No,1,17,23.32,Kef
Male,0,No,No,14,Yes,No,No,No internet service,No internet service,No internet service,No internet service,No internet service,Month-to-month,No,Credit card (automatic),19.6,300.4,No,1,28,82.29,Sousse
Female,0,No,No,14,Yes,No,Fiber optic,No,No,Yes,No,No,Month-to-month,No,Electronic check,75.35,1025.95,Yes,5,0,5.13,Médiénine
Female,0,Yes,Yes,69,Yes,No,No,No internet service,No internet service,No internet service,No internet service,No internet service,Two year,No,Credit card (automatic),19.8,1436.95,No,3,18,18.44,Mahdia
Male,1,Yes,No,7,Yes,Yes,DSL,Yes,Yes,No,No,No,Month-to-month,No,Electronic check,64.2,475.0,No,2,9,103.44,Sidi Bouzid
Male,0,Yes,Yes,69,Yes,No,DSL,Yes,Yes,Yes,Yes,No,Two year,Yes,Bank transfer (automatic),75.75,5388.15,No,1,20,144.85,Sidi Bouzid
Female,0,Yes,Yes,72,Yes,Yes,DSL,No,Yes,No,Yes,Yes,Two year,Yes,Electronic check,78.95,5730.15,No,0,13,145.92,Tunis
Male,0,No,No,8,Yes,Yes,Fiber optic,No,Yes,No,Yes,Yes,Month-to-month,No,Electronic check,100.85,819.55,Yes,5,3,4.17,Sousse
Female,0,Yes,Yes,4,Yes,No,DSL,Yes,No,No,No,No,Month-to-month,No,Electronic check,50.3,217.1,No,4,21,114.36,Tunis
Male,0,Yes,Yes,63,Yes,No,Fiber optic,No,Yes,Yes,No,No,Month-to-month,Yes,Credit card (automatic),80.3,4896.35,No,4,17,94.82,Sidi Bouzid
Male,0,No,No,72,Yes,No,No,No internet service,No internet service,No internet service,No internet service,No internet service,Two year,No,Bank transfer (automatic),19.85,1434.1,No,2,21,46.57,Tunis
Female,0,No,No,46,Yes,No,No,No internet service,No internet service,No internet service,No internet service,No internet service,Two year,Yes,Electronic check,21.1,937.1,No,4,22,80.03,Tunis
Female,0,Yes,No,5,Yes,No,Fiber optic,No,No,No,No,No,Month-to-month,No,Electronic check,69.95,330.15,Yes,7,1,31.03,Tunis
Male,0,Yes,No,30,Yes,No,DSL,No,No,Yes,No,No,Month-to-month,Yes,Mailed check,50.0,1474.9,No,4,11,95.52,Sidi Bouzid
Male,0,No,No,63,Yes,Yes,Fiber optic,No,Yes,Yes,Yes,Yes,Two year,Yes,Bank transfer (automatic),104.75,6536.5,No,4,19,67.18,Sfax
Female,0,No,No,60,Yes,No,No,No internet service,No internet service,No internet service,No internet service,No internet service,Two year,No,Bank transfer (automatic),19.85,1128.1,No,4,8,92.45,Tunis
Female,0,Yes,No,63,Yes,Yes,Fiber optic,No,Yes,Yes,Yes,Yes,One year,Yes,Electronic check,107.5,6873.75,Yes,7,3,6.69,Sousse
Male,0,Yes,Yes,25,Yes,No,Fiber optic,No,No,No,Yes,No,Month-to-month,No,Electronic check,85.9,2199.05,No,3,16,144.28,Tunis
Male,0,No,No,1,Yes,No,DSL,No,No,No,No,No,Month-to-month,Yes,Mailed check,45.85,45.85,Yes,10,1,44.48,Sfax
Male,1,Yes,No,6,Yes,Yes,Fiber optic,No,No,Yes,No,No,Month-to-month,Yes,Electronic check,80.8,457.1,No,0,18,117.92,Manouba
Male,0,No,No,22,Yes,Yes,No,No internet service,No internet service,No internet service,No internet service,No internet service,Two year,No,Mailed check,25.25,566.5,No,3,15,65.88,Bizerte
Female,0,Yes,Yes,31,Yes,Yes,DSL,No,Yes,No,Yes,Yes,Two year,No,Bank transfer (automatic),80.55,2471.6,No,0,30,48.11,Kairouan
Female,0,Yes,Yes,39,Yes,No,Fiber optic,No,No,Yes,No,No,Month-to-month,Yes,Bank transfer (automatic),81.5,3107.3,No,1,20,69.57,Sousse
Male,0,No,No,26,Yes,No,No,No internet service,No internet service,No internet service,No internet service,No internet service,Month-to-month,No,Mailed check,20.9,518.3,No,2,29,146.61,Zaghouan
Female,0,Yes,No,53,Yes,No,Fiber optic,Yes,Yes,Yes,Yes,Yes,One year,Yes,Bank transfer (automatic),106.1,5769.75,Yes,5,1,27.24,Tunis
Female,0,No,No,1,Yes,No,Fiber optic,No,Yes,No,Yes,No,Month-to-month,No,Electronic check,91.7,91.7,Yes,10,5,11.22,Tunis
Male,0,No,No,12,Yes,Yes,DSL,Yes,Yes,No,No,No,Month-to-month,Yes,Electronic check,67.25,832.3,No,3,28,24.78,Kasserine
Female,0,No,No,16,Yes,Yes,Fiber optic,No,Yes,Yes,No,Yes,Month-to-month,Yes,Credit card (automatic),95.6,1555.65,Yes,7,2,15.66,Bizerte
Female,0,No,No,2,Yes,No,No,No internet service,No internet service,No internet service,No internet service,No internet service,Month-to-month,No,Mailed check,20.35,45.3,No,2,9,96.16,Sfax
Male,0,No,Yes,39,No,No phone service,DSL,Yes,No,No,Yes,No,One year,No,Bank transfer (automatic),45.05,1790.6,No,2,8,31.1,Ariana
Male,0,No,No,1,Yes,Yes,Fiber optic,No,No,No,No,No,Month-to-month,Yes,Electronic check,74.95,74.95,Yes,10,5,34.31,Kasserine
Female,0,Yes,Yes,7,No,No phone service,DSL,Yes,No,No,No,No,Month-to-month,No,Mailed check,34.65,246.6,No,4,27,84.58,Tunis
Male,1,No,No,4,Yes,No,Fiber optic,No,No,No,No,No,Month-to-month,No,Electronic check,69.35,261.65,No,1,26,122.65,Jendouba
Male,1,No,No,10,Yes,Yes,Fiber optic,No,No,No,Yes,Yes,Month-to-month,Yes,Electronic check,95.35,898.35,Yes,4,5,28.12,Kairouan
Female,0,No,No,55,Yes,No,Fiber optic,No,Yes,Yes,No,No,Month-to-month,Yes,Electronic check,81.55,4509.5,No,4,27,133.06,Mahdia
Male,0,Yes,Yes,72,Yes,No,DSL,No,Yes,Yes,Yes,Yes,Two year,Yes,Bank transfer (automatic),75.4,5480.25,No,2,13,86.75,Tataouine
Female,0,Yes,No,10,Yes,No,DSL,No,No,Yes,Yes,Yes,Month-to-month,Yes,Credit card (automatic),67.8,653.15,No,0,10,132.14,Monastir
Male,1,No,No,11,Yes,Yes,Fiber optic,No,Yes,Yes,Yes,Yes,Month-to-month,Yes,Electronic check,111.4,1183.05,No,0,22,41.83,Sidi Bouzid
Female,0,Yes,Yes,15,Yes,No,DSL,No,No,No,No,No,Month-to-month,No,Electronic check,46.3,639.45,No,1,6,19.03,Tunis
Female,0,Yes,Yes,23,Yes,No,No,No internet service,No internet service,No internet service,No internet service,No internet service,Two year,No,Bank transfer (automatic),20.4,478.75,No,0,30,34.05,Tunis
Male,0,No,Yes,1,Yes,No,No,No internet service,No internet service,No internet service,No internet service,No internet service,Month-to-month,No,Mailed check,20.05,20.05,No,4,17,146.28,Nabeul
Female,1,No,No,3,Yes,No,DSL,No,No,No,No,No,Month-to-month,No,Electronic check,45.0,127.1,Yes,6,5,33.43,Sfax
Male,0,Yes,Yes,47,Yes,No,Fiber optic,Yes,Yes,Yes,No,Yes,One year,Yes,Electronic check,96.1,4391.45,No,0,30,24.89,Sfax
Female,0,No,Yes,15,Yes,No,No,No internet service,No internet service,No internet service,No internet service,No internet service,One year,No,Mailed check,19.65,270.6,No,3,9,40.96,Tozeur
Male,0,No,No,66,Yes,No,Fiber optic,No,Yes,Yes,Yes,Yes,Month-to-month,No,Electronic check,99.5,6710.5,Yes,4,3,27.26,Kairouan
Female,1,Yes,No,68,Yes,No,DSL,No,Yes,Yes,No,No,One year,Yes,Bank transfer (automatic),60.65,3975.9,No,4,14,93.81,Nabeul
Female,0,Yes,Yes,17,Yes,No,Fiber optic,No,No,Yes,Yes,Yes,One year,No,Bank transfer (automatic),98.6,1704.95,Yes,5,4,16.46,Ben Arous
Female,0,No,No,7,Yes,No,DSL,No,No,No,Yes,No,Month-to-month,Yes,Mailed check,59.5,415.95,Yes,7,0,15.89,Monastir
Male,1,Yes,No,12,Yes,No,Fiber optic,No,No,No,No,Yes,Month-to-month,Yes,Electronic check,80.45,950.2,Yes,5,4,35.05,Sfax
Female,1,Yes,No,21,Yes,Yes,DSL,No,Yes,Yes,No,Yes,One year,No,Bank transfer (automatic),71.7,1497.05,No,0,29,59.08,Sfax
Male,0,No,No,21,No,No phone service,DSL,No,Yes,No,No,No,Month-to-month,Yes,Mailed check,36.0,780.15,No,4,23,136.35,Tunis
Female,0,Yes,Yes,56,Yes,Yes,DSL,Yes,No,No,Yes,No,One year,No,Bank transfer (automatic),65.2,3512.15,No,4,18,147.45,Ariana
Female,0,Yes,Yes,6,Yes,Yes,DSL,No,No,No,No,No,Month-to-month,Yes,Credit card (automatic),48.95,273.25,No,2,14,120.81,Bizerte
Female,1,No,No,65,No,No phone service,DSL,No,Yes,Yes,Yes,Yes,Two year,Yes,Bank transfer (automatic),53.5,3517.9,No,4,20,106.18,Mahdia
Male,0,Yes,No,42,Yes,Yes,DSL,Yes,No,No,Yes,Yes,One year,No,Credit card (automatic),80.45,3375.9,No,3,18,123.24,Sfax
Female,0,Yes,Yes,68,Yes,Yes,Fiber optic,Yes,No,Yes,Yes,Yes,Two year,Yes,Bank transfer (automatic),109.05,7508.55,No,4,19,93.29,Sousse
Male,0,Yes,Yes,48,Yes,Yes,No,No internet service,No internet service,No internet service,No internet service,No internet service,Two year,No,Bank transfer (automatic),26.3,1245.05,No,4,21,126.46,Sidi Bouzid
Female,1,No,No,50,Yes,Yes,Fiber optic,No,Yes,No,Yes,Yes,One year,Yes,Electronic check,106.8,5347.95,No,1,16,88.66,Bizerte
Female,1,No,No,7,Yes,No,DSL,No,Yes,Yes,Yes,No,Month-to-month,Yes,Electronic check,64.95,493.65,No,4,10,114.32,Bizerte
Female,0,Yes,Yes,63,Yes,No,No,No internet service,No internet service,No internet service,No internet service,No internet service,Two year,No,Electronic check,19.35,1263.85,No,3,8,83.26,Sfax
Male,0,No,No,17,Yes,No,No,No internet service,No internet service,No internet service,No internet service,No internet service,Month-to-month,No,Credit card (automatic),21.1,385.55,No,0,5,38.28,Mahdia
Female,0,Yes,Yes,42,Yes,No,Fiber optic,No,No,No,Yes,No,Month-to-month,Yes,Credit card (automatic),77.95,3384.0,Yes,9,2,21.39,Ariana
Male,0,Yes,Yes,4,Yes,No,No,No internet service,No internet service,No internet service,No internet service,No internet service,Month-to-month,No,Mailed check,18.85,84.2,No,2,26,110.43,Médiénine
Female,0,No,Yes,62,Yes,Yes,No,No internet service,No internet service,No internet service,No internet service,No internet service,Two year,No,Bank transfer (automatic),26.0,1638.7,No,1,23,34.85,Monastir
Male,1,No,No,2,Yes,No,Fiber optic,No,Yes,No,No,No,Month-to-month,Yes,Electronic check,74.7,165.4,Yes,9,0,27.25,Bizerte
Female,0,Yes,No,2,Yes,No,Fiber optic,No,No,No,No,No,Month-to-month,Yes,Electronic check,70.35,120.25,No,4,26,64.48,Médiénine
Male,0,Yes,No,48,Yes,Yes,Fiber optic,Yes,Yes,Yes,Yes,No,Two year,Yes,Bank transfer (automatic),96.9,4473.45,No,4,22,47.44,Sousse
Male,0,Yes,No,27,Yes,No,No,No internet service,No internet service,No internet service,No internet service,No internet service,Two year,No,Bank transfer (automatic),19.55,520.55,No,3,9,111.05,Sfax
Female,0,Yes,Yes,70,Yes,No,DSL,No,Yes,Yes,Yes,Yes,Two year,Yes,Bank transfer (automatic),80.4,5717.85,No,4,11,135.45,Tunis
Male,1,No,No,1,Yes,Yes,Fiber optic,No,No,Yes,Yes,No,Month-to-month,Yes,Electronic check,88.8,88.8,Yes,8,0,3.7,Kairouan
Male,0,Yes,No,46,Yes,Yes,Fiber optic,No,Yes,Yes,Yes,No,One year,Yes,Electronic check,94.65,4312.5,No,2,25,91.87,Sousse
Male,0,No,No,30,Yes,No,Fiber optic,No,No,No,Yes,Yes,Month-to-month,Yes,Electronic check,90.25,2755.35,Yes,5,5,9.92,Tunis
Female,0,No,No,15,Yes,Yes,DSL,Yes,No,No,No,Yes,Month-to-month,Yes,Bank transfer (automatic),64.65,994.55,Yes,5,2,20.72,Sousse
Male,0,Yes,Yes,69,Yes,Yes,Fiber optic,No,Yes,Yes,Yes,No,One year,No,Credit card (automatic),95.75,6511.25,No,1,26,96.91,Kebili
Male,0,No,No,65,Yes,No,No,No internet service,No internet service,No internet service,No internet service,No internet service,Two year,Yes,Credit card (automatic),19.55,1218.65,No,0,16,80.74,Gabès
Male,1,Yes,Yes,72,Yes,No,Fiber optic,Yes,No,Yes,Yes,Yes,Two year,Yes,Credit card (automatic),104.1,7447.7,No,4,23,81.08,Tataouine
Male,1,Yes,No,13,Yes,No,Fiber optic,No,Yes,No,No,Yes,Month-to-month,Yes,Bank transfer (automatic),89.05,1169.35,Yes,9,0,20.94,Mahdia
Male,0,No,No,17,Yes,No,No,No internet service,No internet service,No internet service,No internet service,No internet service,One year,Yes,Mailed check,20.1,279.5,No,1,6,26.35,Médiénine
Male,0,Yes,No,51,Yes,Yes,Fiber optic,Yes,No,Yes,Yes,Yes,One year,Yes,Electronic check,111.55,5720.35,No,1,17,88.1,Tunis
Male,0,Yes,Yes,51,Yes,No,DSL,Yes,Yes,No,No,No,Two year,No,Credit card (automatic),60.5,3121.45,No,0,25,34.14,Sousse
Female,0,Yes,No,72,Yes,Yes,DSL,Yes,Yes,Yes,Yes,Yes,Two year,Yes,Bank transfer (automatic),90.95,6468.6,No,3,7,122.37,Kairouan
Male,0,Yes,Yes,67,Yes,Yes,Fiber optic,No,Yes,Yes,No,No,One year,No,Electronic check,87.4,5918.8,Yes,4,4,31.6,Sfax
Male,0,No,No,34,Yes,No,No,No internet service,No internet service,No internet service,No internet service,No internet service,Month-to-month,No,Mailed check,19.7,675.6,No,1,26,124.39,Sousse
Male,0,Yes,No,67,No,No phone service,DSL,Yes,Yes,No,No,Yes,Two year,Yes,Bank transfer (automatic),50.95,3521.7,No,1,16,124.57,Tunis
Female,0,Yes,No,49,Yes,No,No,No internet service,No internet service,No internet service,No internet service,No internet service,One year,Yes,Bank transfer (automatic),20.05,923.1,No,2,11,35.59,Jendouba
Male,0,Yes,Yes,53,Yes,No,No,No internet service,No internet service,No internet service,No internet service,No internet service,Two year,Yes,Mailed check,19.4,1110.35,No,4,17,131.25,Sousse
Male,0,No,No,27,Yes,Yes,DSL,No,No,Yes,No,No,Month-to-month,No,Electronic check,59.45,1611.65,No,4,21,91.8,Gabès
Female,1,No,No,23,Yes,No,Fiber optic,No,Yes,No,Yes,Yes,Month-to-month,Yes,Electronic check,94.75,2293.6,Yes,4,2,46.01,Ben Arous
Male,0,No,No,69,Yes,Yes,DSL,Yes,Yes,Yes,No,Yes,Two year,Yes,Credit card (automatic),81.5,5553.25,No,2,8,86.1,Gafsa
Female,0,Yes,Yes,2,No,No phone service,DSL,No,No,No,No,No,Month-to-month,No,Bank transfer (automatic),29.05,44.75,No,2,16,131.21,Ariana
Female,0,No,No,35,Yes,Yes,Fiber optic,No,No,No,Yes,No,Month-to-month,Yes,Electronic check,86.45,3029.1,Yes,5,0,25.63,Gafsa
Female,0,Yes,No,46,Yes,No,DSL,Yes,Yes,No,No,Yes,One year,No,Mailed check,70.6,3231.05,No,0,14,63.51,Béja
Female,0,No,No,54,Yes,Yes,Fiber optic,No,Yes,No,Yes,Yes,Two year,Yes,Bank transfer (automatic),97.2,5129.45,No,0,28,52.51,Sousse
Female,0,Yes,No,56,Yes,Yes,Fiber optic,No,Yes,No,Yes,Yes,One year,Yes,Electronic check,98.25,5508.35,Yes,6,3,10.96,Tunis
Female,0,Yes,No,9,Yes,No,Fiber optic,No,No,Yes,No,No,Month-to-month,Yes,Bank transfer (automatic),75.75,655.9,Yes,10,0,35.82,Tunis
Male,0,No,No,20,Yes,Yes,DSL,Yes,No,No,No,No,Month-to-month,No,Bank transfer (automatic),59.2,1191.2,No,1,18,32.44,Kasserine
Male,0,No,No,11,Yes,No,Fiber optic,No,Yes,No,No,No,Month-to-month,Yes,Mailed check,75.9,866.4,No,2,22,32.97,Tataouine
Female,1,Yes,No,30,Yes,Yes,Fiber optic,No,Yes,No,Yes,No,Month-to-month,Yes,Electronic check,90.05,2627.2,No,2,5,63.26,Mahdia
Male,0,Yes,No,68,Yes,No,DSL,Yes,Yes,Yes,No,Yes,Two year,No,Bank transfer (automatic),70.95,4741.45,No,1,28,87.91,Zaghouan
Male,1,Yes,No,38,Yes,Yes,Fiber optic,No,Yes,Yes,Yes,Yes,Month-to-month,Yes,Electronic check,102.6,4009.2,No,2,6,50.86,Siliana
Female,1,Yes,No,17,Yes,Yes,Fiber optic,Yes,No,Yes,No,No,Month-to-month,Yes,Bank transfer (automatic),85.35,1463.45,Yes,4,4,23.28,Sousse
Male,0,No,No,48,Yes,Yes,Fiber optic,No,Yes,Yes,Yes,Yes,One year,Yes,Credit card (automatic),106.1,5082.8,Yes,6,3,21.53,Monastir
Female,0,No,No,1,Yes,No,DSL,No,No,No,No,No,Month-to-month,No,Electronic check,43.8,43.8,No,2,14,103.69,Monastir
Male,0,Yes,Yes,63,No,No phone service,DSL,Yes,Yes,Yes,Yes,Yes,Two year,No,Electronic check,59.0,3707.6,No,0,18,106.67,Ariana
Female,0,No,No,3,Yes,No,DSL,No,No,Yes,Yes,Yes,One year,Yes,Electronic check,69.95,220.45,No,0,20,15.03,Jendouba
Female,0,No,No,48,Yes,Yes,No,No internet service,No internet service,No internet service,No internet service,No internet service,One year,No,Bank transfer (automatic),24.35,1133.7,No,3,22,97.01,Zaghouan
Male,0,No,No,66,No,No phone service,DSL,No,No,No,No,No,One year,No,Credit card (automatic),29.45,1983.15,No,3,13,62.43,Kef
Female,0,Yes,Yes,68,Yes,Yes,Fiber optic,No,Yes,Yes,No,No,Two year,Yes,Credit card (automatic),84.4,5746.75,No,3,14,131.94,Tunis
Male,1,No,No,17,Yes,No,DSL,No,No,No,No,No,Month-to-month,Yes,Electronic check,45.05,770.6,Yes,7,4,32.16,Ariana
Female,0,Yes,Yes,7,Yes,No,No,No internet service,No internet service,No internet service,No internet service,No internet service,One year,No,Mailed check,20.65,134.05,No,2,17,18.03,Sidi Bouzid
Male,0,Yes,No,72,Yes,Yes,DSL,Yes,Yes,Yes,Yes,Yes,Two year,Yes,Bank transfer (automatic),87.1,6230.1,No,3,9,93.26,Nabeul
Female,0,Yes,No,29,Yes,No,No,No internet service,No internet service,No internet service,No internet service,No internet service,Month-to-month,No,Mailed check,19.85,573.05,No,0,9,36.73,Tunis
Male,0,Yes,No,37,Yes,No,Fiber optic,No,No,Yes,No,Yes,Month-to-month,Yes,Electronic check,90.35,3419.3,No,4,21,41.84,Sousse
Female,0,No,No,34,Yes,Yes,Fiber optic,Yes,Yes,Yes,Yes,Yes,Month-to-month,Yes,Mailed check,109.8,3587.25,Yes,10,5,11.75,Mahdia
Female,1,No,No,42,Yes,Yes,Fiber optic,No,No,No,Yes,No,Month-to-month,Yes,Electronic check,84.65,3541.35,Yes,9,2,12.89,Ariana
Female,0,Yes,Yes,59,Yes,Yes,DSL,Yes,Yes,No,No,No,One year,No,Mailed check,65.5,3801.3,No,0,12,133.67,Ben Arous
Male,0,Yes,Yes,11,Yes,No,Fiber optic,No,No,No,Yes,No,Month-to-month,Yes,Bank transfer (automatic),79.5,868.5,Yes,9,5,1.73,Ariana
Male,1,Yes,Yes,60,Yes,Yes,Fiber optic,Yes,No,No,No,No,Month-to-month,Yes,Electronic check,80.95,4859.1,No,0,7,49.76,Sfax
Female,0,No,No,27,Yes,No,DSL,No,Yes,No,No,No,Month-to-month,Yes,Mailed check,56.15,1439.35,No,4,6,105.19,Jendouba
Female,0,No,No,1,Yes,Yes,Fiber optic,No,No,No,No,Yes,Month-to-month,No,Mailed check,85.8,85.8,Yes,6,3,16.47,Kairouan
Male,1,No,No,1,Yes,No,Fiber optic,No,No,No,Yes,No,Month-to-month,Yes,Electronic check,79.1,79.1,Yes,7,0,20.47,Nabeul
Male,0,Yes,No,17,No,No phone service,DSL,Yes,No,Yes,No,No,Month-to-month,No,Mailed check,34.4,592.75,No,0,15,23.94,Tataouine
Male,0,Yes,No,58,Yes,No,No,No internet service,No internet service,No internet service,No internet service,No internet service,Two year,No,Mailed check,20.75,1185.95,No,4,6,144.36,Ben Arous
Male,0,Yes,Yes,1,Yes,No,No,No internet service,No internet service,No internet service,No internet service,No internet service,One year,No,Mailed check,18.8,18.8,No,4,30,15.43,Jendouba
Female,0,Yes,Yes,3,Yes,No,DSL,No,No,No,No,No,Month-to-month,No,Mailed check,44.3,134.5,Yes,6,0,29.99,Kairouan
Female,0,No,No,53,Yes,Yes,Fiber optic,Yes,Yes,Yes,No,No,Month-to-month,No,Electronic check,90.8,4921.2,No,0,27,13.29,Bizerte
Male,0,No,No,35,Yes,Yes,No,No internet service,No internet service,No internet service,No internet service,No internet service,Month-to-month,Yes,Electronic check,25.6,901.25,No,2,11,22.77,Sfax
Male,0,Yes,Yes,50,Yes,Yes,Fiber optic,Yes,No,Yes,Yes,Yes,Month-to-month,No,Credit card (automatic),105.95,5341.8,Yes,6,0,24.14,Tunis
Male,0,Yes,Yes,68,Yes,Yes,DSL,No,Yes,No,No,Yes,Two year,No,Credit card (automatic),70.8,4859.95,No,4,6,20.02,Jendouba
Male,0,Yes,No,47,Yes,Yes,No,No internet service,No internet service,No internet service,No internet service,No internet service,Month-to-month,No,Electronic check,25.4,1139.2,No,2,19,103.49,Sfax
Female,1,Yes,No,65,Yes,Yes,Fiber optic,No,Yes,Yes,Yes,Yes,Month-to-month,Yes,Bank transfer (automatic),108.8,7082.45,No,2,18,139.56,Ariana
Male,0,No,No,5,Yes,No,Fiber optic,No,No,No,No,No,Month-to-month,Yes,Electronic check,69.75,324.6,Yes,8,3,30.11,Sousse
Male,0,Yes,No,51,Yes,Yes,Fiber optic,No,No,No,Yes,Yes,Month-to-month,Yes,Electronic check,94.65,4812.75,Yes,4,0,8.29,Tunis
Female,0,No,No,46,Yes,Yes,Fiber optic,No,No,No,Yes,Yes,Month-to-month,No,Bank transfer (automatic),96.05,4399.5,Yes,7,3,6.06,Nabeul
Female,0,No,No,9,Yes,Yes,Fiber optic,No,No,No,No,No,Month-to-month,Yes,Electronic check,76.85,663.55,No,0,21,24.83,Ben Arous
Female,0,No,No,8,Yes,No,No,No internet service,No internet service,No internet service,No internet service,No internet service,Two year,No,Mailed check,20.25,174.65,No,4,7,135.99,Sidi Bouzid
Male,0,No,No,14,Yes,Yes,No,No internet service,No internet service,No internet service,No internet service,No internet service,One year,Yes,Credit card (automatic),24.8,321.7,No,4,14,103.16,Kebili
Female,0,No,No,45,Yes,Yes,Fiber optic,Yes,Yes,Yes,Yes,Yes,Month-to-month,Yes,Electronic check,115.65,5125.5,No,0,8,117.48,Tunis
Female,0,No,No,8,Yes,Yes,Fiber optic,No,No,No,No,No,Month-to-month,Yes,Credit card (automatic),74.6,548.9,No,0,23,64.92,Mahdia
Male,1,No,Yes,1,Yes,No,DSL,No,No,Yes,No,No,Month-to-month,Yes,Mailed check,50.15,50.15,Yes,9,5,17.15,Sfax
Male,0,Yes,Yes,66,Yes,No,Fiber optic,Yes,Yes,Yes,Yes,Yes,One year,Yes,Bank transfer (automatic),103.15,7031.3,No,4,25,99.06,Sfax
Male,0,Yes,Yes,72,Yes,Yes,DSL,Yes,Yes,Yes,No,No,Two year,No,Credit card (automatic),72.1,5016.65,No,1,9,145.55,Sfax
Female,0,Yes,No,41,Yes,Yes,Fiber optic,Yes,Yes,Yes,Yes,Yes,Month-to-month,Yes,Bank transfer (automatic),113.6,4594.95,Yes,5,3,27.88,Kairouan
Female,0,Yes,Yes,23,Yes,Yes,No,No internet service,No internet service,No internet service,No internet service,No internet service,Two year,No,Mailed check,25.1,611.45,No,1,23,68.42,Manouba
Female,0,No,No,29,Yes,No,Fiber optic,No,No,No,Yes,No,Month-to-month,Yes,Electronic check,78.9,2384.15,Yes,8,1,37.52,Médiénine
Female,0,No,No,4,Yes,Yes,Fiber optic,Yes,No,No,No,No,Month-to-month,Yes,Electronic check,80.15,319.85,No,0,12,77.46,Médiénine
Male,0,Yes,Yes,6,Yes,Yes,No,No internet service,No internet service,No internet service,No internet service,No internet service,Two year,No,Mailed check,25.4,153.3,No,0,16,40.5,Sfax
Female,1,Yes,No,67,Yes,Yes,Fiber optic,Yes,Yes,Yes,No,Yes,One year,Yes,Credit card (automatic),105.4,7035.6,No,1,17,147.65,Tunis
Male,1,No,Yes,7,Yes,No,DSL,No,No,No,No,No,Month-to-month,Yes,Mailed check,45.75,344.2,No,2,25,52.72,Kairouan
Male,0,Yes,Yes,56,Yes,Yes,No,No internet service,No internet service,No internet service,No internet service,No internet service,One year,Yes,Mailed check,24.45,1431.65,No,4,19,78.14,Sousse
Female,0,Yes,No,72,Yes,Yes,No,No internet service,No internet service,No internet service,No internet service,No internet service,Two year,No,Credit card (automatic),25.0,1849.2,No,1,18,42.89,Mahdia
Male,0,Yes,No,72,Yes,Yes,DSL,Yes,Yes,Yes,Yes,Yes,Two year,Yes,Electronic check,85.25,6083.1,No,4,13,52.0,Sousse
Male,0,Yes,Yes,23,Yes,No,No,No internet service,No internet service,No internet service,No internet service,No internet service,Two year,No,Credit card (automatic),19.6,426.65,No,1,8,122.9,Tunis
Female,0,No,Yes,35,Yes,Yes,DSL,No,No,No,No,No,Month-to-month,No,Mailed check,50.15,1655.35,No,4,26,11.62,Zaghouan
Male,1,Yes,No,27,Yes,No,Fiber optic,No,No,No,No,No,Month-to-month,Yes,Electronic check,70.55,1943.9,No,1,6,112.76,Ariana
Female,0,Yes,Yes,26,Yes,Yes,DSL,No,Yes,No,No,No,Month-to-month,Yes,Electronic check,60.05,1616.15,Yes,5,3,8.3,Kairouan
Male,0,Yes,Yes,12,Yes,Yes,No,No internet service,No internet service,No internet service,No internet service,No internet service,One year,No,Mailed check,26.4,314.95,No,1,23,56.29,Sfax
Female,0,No,No,40,Yes,No,No,No internet service,No internet service,No internet service,No internet service,No internet service,Two year,No,Mailed check,20.15,804.85,No,0,14,126.78,Tunis
Male,0,Yes,Yes,7,No,No phone service,DSL,Yes,Yes,Yes,Yes,Yes,Month-to-month,No,Mailed check,58.85,465.7,No,2,24,113.24,Kairouan
Male,0,Yes,Yes,70,Yes,Yes,Fiber optic,Yes,Yes,No,Yes,No,Month-to-month,Yes,Credit card (automatic),97.55,6669.05,No,2,24,34.92,Ben Arous
Male,0,Yes,Yes,60,Yes,No,No,No internet service,No internet service,No internet service,No internet service,No internet service,Two year,No,Credit card (automatic),19.65,1161.75,No,4,27,125.72,Tunis
Male,0,Yes,Yes,39,No,No phone service,DSL,No,No,No,No,No,One year,Yes,Credit card (automatic),25.25,947.75,No,4,16,55.24,Sfax
Male,0,Yes,No,72,Yes,Yes,Fiber optic,Yes,Yes,Yes,Yes,Yes,Two year,No,Credit card (automatic),114.45,8375.05,No,4,8,86.15,Tunis
Female,0,No,No,1,No,No phone service,DSL,No,No,No,Yes,No,Month-to-month,Yes,Electronic check,34.7,34.7,Yes,8,4,34.87,Kasserine
Male,0,Yes,Yes,54,Yes,Yes,DSL,No,Yes,No,Yes,No,One year,Yes,Electronic check,70.7,3770.0,No,0,9,122.35,Gabès
Male,0,No,No,3,Yes,Yes,Fiber optic,No,No,No,No,Yes,Month-to-month,Yes,Electronic check,85.3,264.8,Yes,7,5,37.99,Ben Arous
Female,0,Yes,Yes,63,Yes,No,DSL,Yes,Yes,Yes,Yes,No,Two year,No,Credit card (automatic),75.55,4707.85,No,2,10,59.03,Tunis
Male,0,Yes,Yes,71,Yes,Yes,Fiber optic,No,Yes,No,No,No,Two year,Yes,Electronic check,84.8,6152.4,No,2,25,29.65,Jendouba
Female,0,No,No,42,Yes,No,No,No internet service,No internet service,No internet service,No internet service,No internet service,One year,Yes,Mailed check,20.65,958.1,No,0,28,126.37,Tunis
Male,0,No,No,47,Yes,No,No,No internet service,No internet service,No internet service,No internet service,No internet service,Two year,No,Bank transfer (automatic),20.45,943.0,No,4,25,22.97,Zaghouan
Female,0,Yes,Yes,66,Yes,Yes,Fiber optic,No,Yes,Yes,Yes,Yes,One year,Yes,Credit card (automatic),102.45,6615.15,Yes,7,0,14.25,Kairouan
Female,0,Yes,No,21,Yes,Yes,Fiber optic,Yes,No,Yes,Yes,Yes,Month-to-month,Yes,Bank transfer (automatic),104.4,2200.25,Yes,10,2,41.79,Mahdia
Male,0,No,No,11,No,No phone service,DSL,No,Yes,No,No,No,Month-to-month,Yes,Electronic check,35.65,425.1,No,4,19,58.74,Nabeul
Male,0,No,Yes,1,Yes,Yes,Fiber optic,No,No,Yes,Yes,Yes,Month-to-month,Yes,Electronic check,99.75,99.75,Yes,8,0,38.09,Gabès
Female,1,Yes,No,55,Yes,Yes,Fiber optic,No,Yes,Yes,No,No,Month-to-month,No,Electronic check,90.45,5044.8,No,2,28,101.03,Siliana
Male,0,No,No,69,Yes,Yes,Fiber optic,No,Yes,Yes,Yes,No,Two year,Yes,Credit card (automatic),97.65,6743.55,No,1,22,122.8,Jendouba
Female,1,No,No,3,Yes,No,Fiber optic,No,No,Yes,No,No,Month-to-month,No,Electronic check,73.85,196.4,No,3,10,56.79,Sousse
Male,0,No,No,4,Yes,No,DSL,No,No,Yes,Yes,Yes,Month-to-month,Yes,Electronic check,74.4,299.7,Yes,9,5,40.83,Kairouan
Male,1,No,No,30,Yes,Yes,DSL,No,No,Yes,Yes,No,Two year,Yes,Credit card (automatic),69.1,2093.9,No,3,29,43.69,Kebili
Female,0,No,No,5,Yes,Yes,Fiber optic,No,No,Yes,No,No,Month-to-month,Yes,Electronic check,82.75,417.75,No,0,15,132.77,Sfax
Female,0,Yes,No,71,Yes,Yes,No,No internet service,No internet service,No internet service,No internet service,No internet service,Two year,Yes,Credit card (automatic),24.4,1725.4,No,0,18,26.68,Mahdia
Female,0,No,No,29,Yes,Yes,DSL,No,Yes,No,No,No,One year,Yes,Electronic check,55.25,1620.2,No,4,30,146.41,Gabès
Male,0,Yes,No,52,Yes,Yes,DSL,No,Yes,No,No,No,Month-to-month,No,Bank transfer (automatic),61.35,3169.55,No,0,24,67.92,Médiénine
Male,0,No,No,68,Yes,Yes,DSL,Yes,Yes,Yes,No,Yes,One year,No,Credit card (automatic),76.75,5233.25,No,2,10,55.28,Sfax
Female,0,Yes,Yes,46,Yes,No,No,No internet service,No internet service,No internet service,No internet service,No internet service,Two year,No,Mailed check,19.4,967.85,No,0,25,100.93,Jendouba
Male,0,No,No,8,Yes,No,DSL,No,No,No,No,Yes,Month-to-month,Yes,Credit card (automatic),54.75,438.05,No,3,21,45.56,Tunis
Male,0,Yes,No,72,Yes,No,No,No internet service,No internet service,No internet service,No internet service,No internet service,Two year,No,Credit card (automatic),19.7,1421.9,No,0,10,74.84,Nabeul
Female,0,No,No,17,Yes,No,No,No internet service,No internet service,No internet service,No internet service,No internet service,One year,No,Bank transfer (automatic),19.9,323.15,No,2,26,60.69,Sfax
Male,0,No,No,3,Yes,No,Fiber optic,No,Yes,Yes,Yes,Yes,Month-to-month,Yes,Electronic check,107.95,318.6,No,4,12,28.16,Bizerte
Female,1,No,No,2,Yes,No,Fiber optic,No,Yes,No,Yes,No,Month-to-month,Yes,Bank transfer (automatic),83.8,163.7,No,2,8,75.43,Gabès
Female,0,No,No,9,Yes,No,Fiber optic,Yes,No,No,No,No,Month-to-month,Yes,Credit card (automatic),74.25,639.65,Yes,10,0,16.16,Siliana
Female,0,No,No,51,No,No phone service,DSL,No,Yes,Yes,Yes,Yes,One year,Yes,Credit card (automatic),56.4,2928.5,No,0,5,61.88,Sidi Bouzid
Female,0,Yes,Yes,6,Yes,No,No,No internet service,No internet service,No internet service,No internet service,No internet service,Two year,No,Mailed check,20.1,100.35,No,2,8,22.5,Sfax
Female,0,Yes,No,3,Yes,Yes,Fiber optic,No,No,No,Yes,Yes,Month-to-month,No,Electronic check,94.9,273.2,No,2,23,76.33,Kairouan
Female,1,No,No,17,Yes,Yes,Fiber optic,No,No,No,Yes,Yes,Month-to-month,Yes,Electronic check,94.2,1608.15,No,0,30,106.27,Manouba
Male,0,Yes,No,30,Yes,Yes,DSL,No,No,No,No,No,Month-to-month,No,Electronic check,49.9,1441.95,No,3,11,103.45,Sfax
Male,0,No,No,31,Yes,Yes,DSL,No,Yes,No,Yes,No,Month-to-month,Yes,Electronic check,71.05,2168.15,No,1,9,66.1,Kairouan
Female,0,No,No,45,Yes,No,DSL,Yes,No,Yes,Yes,Yes,Two year,No,Bank transfer (automatic),81.65,3618.7,No,0,12,32.8,Sfax
Male,0,Yes,No,64,Yes,Yes,Fiber optic,Yes,Yes,Yes,No,No,One year,No,Bank transfer (automatic),89.45,5692.65,No,4,24,37.25,Siliana
Male,0,No,No,1,Yes,Yes,DSL,No,No,No,Yes,No,Month-to-month,Yes,Electronic check,59.85,59.85,Yes,4,5,33.84,Sfax
Female,1,No,No,1,Yes,No,Fiber optic,No,No,No,No,No,Month-to-month,Yes,Electronic check,69.6,69.6,Yes,7,2,15.1,Sidi Bouzid
Male,1,Yes,Yes,61,Yes,Yes,Fiber optic,No,Yes,No,Yes,Yes,One year,No,Electronic check,99.0,5969.3,No,0,16,11.85,Ariana
Male,0,No,No,1,Yes,No,No,No internet service,No internet service,No internet service,No internet service,No internet service,Month-to-month,No,Mailed check,19.05,19.05,No,2,18,56.4,Ben Arous
Male,0,No,No,9,No,No phone service,DSL,No,No,No,Yes,Yes,Month-to-month,Yes,Electronic check,45.4,418.8,Yes,7,2,34.92,Médiénine
Male,0,Yes,Yes,72,Yes,Yes,Fiber optic,Yes,Yes,Yes,Yes,Yes,Two year,No,Bank transfer (automatic),114.45,8100.55,No,2,22,25.88,Bizerte
Female,0,No,No,1,Yes,No,No,No internet service,No internet service,No internet service,No internet service,No internet service,Month-to-month,No,Mailed check,19.5,19.5,Yes,7,4,11.97,Siliana
Female,0,Yes,No,7,Yes,No,DSL,No,No,No,No,No,Month-to-month,Yes,Mailed check,44.25,313.45,No,3,11,93.27,Jendouba
Female,0,Yes,No,66,Yes,Yes,Fiber optic,No,Yes,Yes,No,No,One year,Yes,Bank transfer (automatic),90.55,6130.95,No,1,19,139.89,Kairouan
Male,0,No,No,1,Yes,No,Fiber optic,No,No,No,No,No,Month-to-month,Yes,Electronic check,69.9,69.9,Yes,5,2,9.6,Mahdia
Male,0,Yes,Yes,40,Yes,No,No,No internet service,No internet service,No internet service,No internet service,No internet service,Month-to-month,Yes,Bank transfer (automatic),20.4,745.3,No,3,20,100.65,Tunis
Male,0,No,No,16,Yes,Yes,DSL,No,Yes,Yes,No,Yes,Month-to-month,Yes,Bank transfer (automatic),71.4,1212.1,No,2,22,36.3,Tunis
Female,0,No,No,2,Yes,No,Fiber optic,No,Yes,No,Yes,No,Month-to-month,Yes,Bank transfer (automatic),87.15,183.75,Yes,9,4,14.55,Béja
Male,0,Yes,No,67,Yes,Yes,No,No internet service,No internet service,No internet service,No internet service,No internet service,Two year,No,Credit card (automatic),24.85,1583.5,No,0,6,17.34,Médiénine
Female,0,Yes,No,41,Yes,No,Fiber optic,Yes,Yes,Yes,Yes,Yes,One year,Yes,Bank transfer (automatic),104.45,4162.05,No,0,30,111.98,Nabeul
Female,0,Yes,Yes,56,Yes,No,No,No internet service,No internet service,No internet service,No internet service,No internet service,Two year,Yes,Credit card (automatic),19.8,1119.9,No,2,15,108.68,Bizerte
Female,0,No,No,72,Yes,Yes,Fiber optic,Yes,Yes,Yes,Yes,Yes,Two year,Yes,Bank transfer (automatic),116.45,8013.55,No,3,22,27.38,Kairouan
Female,0,Yes,Yes,3,Yes,Yes,Fiber optic,No,No,No,No,Yes,Month-to-month,Yes,Bank transfer (automatic),84.75,264.85,Yes,4,0,27.88,Ben Arous
Female,0,Yes,No,54,Yes,No,No,No internet service,No internet service,No internet service,No internet service,No internet service,Two year,No,Credit card (automatic),20.05,1102.4,No,2,30,81.13,Ben Arous
Male,1,No,No,52,Yes,Yes,Fiber optic,No,Yes,Yes,Yes,Yes,Month-to-month,Yes,Electronic check,110.75,5832.0,No,2,18,18.77,Sidi Bouzid
Female,0,No,No,50,Yes,No,Fiber optic,No,No,Yes,No,Yes,Two year,Yes,Bank transfer (automatic),89.7,4304.5,No,0,29,112.48,Gafsa
Male,0,No,No,14,Yes,Yes,Fiber optic,No,No,No,Yes,No,Month-to-month,Yes,Electronic check,89.95,1178.4,Yes,9,0,6.2,Sidi Bouzid
Male,0,Yes,No,27,Yes,No,DSL,Yes,No,No,No,No,One year,No,Credit card (automatic),48.7,1421.75,No,1,21,136.44,Kairouan
Female,1,Yes,No,72,Yes,Yes,Fiber optic,Yes,Yes,Yes,No,No,Two year,Yes,Bank transfer (automatic),96.6,6827.5,No,3,29,122.87,Gafsa
Male,0,No,No,62,Yes,No,DSL,Yes,Yes,No,Yes,Yes,One year,Yes,Credit card (automatic),74.3,4698.05,No,4,20,104.02,Sousse
Female,0,No,No,12,Yes,No,DSL,No,Yes,No,No,No,Month-to-month,Yes,Electronic check,54.3,654.5,No,1,17,52.07,Bizerte
Female,1,No,No,44,Yes,No,DSL,No,No,Yes,Yes,Yes,One year,No,Bank transfer (automatic),74.85,3268.05,No,2,24,140.34,Bizerte
Male,0,Yes,Yes,54,Yes,No,Fiber optic,No,Yes,No,No,No,Two year,Yes,Bank transfer (automatic),79.95,4362.05,No,3,27,14.38,Tunis
Female,0,No,No,68,Yes,No,No,No internet service,No internet service,No internet service,No internet service,No internet service,Two year,No,Bank transfer (automatic),20.05,1386.9,No,2,21,25.17,Monastir
Male,0,No,No,20,Yes,No,No,No internet service,No internet service,No internet service,No internet service,No internet service,Month-to-month,No,Mailed check,19.4,415.4,No,3,15,124.88,Kairouan
Male,0,Yes,Yes,50,Yes,Yes,DSL,No,No,Yes,No,No,One year,No,Bank transfer (automatic),54.9,2614.1,No,0,18,65.72,Ben Arous
Male,0,No,No,58,Yes,Yes,No,No internet service,No internet service,No internet service,No internet service,No internet service,Two year,Yes,Credit card (automatic),24.45,1513.6,No,2,9,87.92,Kairouan
Male,0,Yes,Yes,35,Yes,Yes,Fiber optic,No,Yes,No,Yes,No,Month-to-month,Yes,Bank transfer (automatic),89.65,3161.6,No,4,27,77.91,Ariana
Female,0,No,No,2,Yes,No,DSL,No,No,No,No,No,Month-to-month,Yes,Electronic check,45.4,80.95,No,2,16,100.87,Ariana
Male,0,Yes,Yes,63,Yes,Yes,DSL,Yes,No,Yes,No,Yes,Two year,No,Mailed check,75.7,4676.7,No,0,19,82.75,Tunis
Female,0,Yes,No,58,Yes,Yes,Fiber optic,Yes,Yes,Yes,Yes,Yes,One year,Yes,Credit card (automatic),110.65,6526.65,No,4,16,106.49,Nabeul
Female,0,Yes,Yes,27,Yes,No,No,No internet service,No internet service,No internet service,No internet service,No internet service,One year,Yes,Mailed check,20.55,583.3,No,0,25,111.98,Tunis
Female,0,Yes,No,71,Yes,Yes,Fiber optic,Yes,Yes,Yes,Yes,Yes,Two year,Yes,Credit card (automatic),115.15,8078.1,No,1,7,92.34,Tunis
Female,0,No,No,63,Yes,No,DSL,No,No,Yes,No,Yes,One year,No,Credit card (automatic),58.55,3503.5,No,3,25,121.73,Médiénine
Male,0,Yes,No,71,Yes,Yes,Fiber optic,No,Yes,Yes,No,Yes,Month-to-month,Yes,Bank transfer (automatic),93.25,6669.45,No,0,22,17.63,Sousse
Female,1,No,No,41,Yes,Yes,Fiber optic,Yes,Yes,Yes,Yes,Yes,Month-to-month,Yes,Electronic check,113.2,4689.5,Yes,5,2,32.34,Nabeul
Male,1,No,No,13,Yes,No,Fiber optic,No,No,No,Yes,Yes,Month-to-month,Yes,Electronic check,90.5,1201.15,Yes,5,4,19.48,Kairouan
Male,0,No,No,2,Yes,No,Fiber optic,No,No,No,Yes,No,Month-to-month,No,Electronic check,79.0,143.65,Yes,4,3,26.77,Ariana
Female,0,Yes,Yes,68,Yes,No,No,No internet service,No internet service,No internet service,No internet service,No internet service,Two year,Yes,Bank transfer (automatic),19.35,1292.65,No,3,20,87.95,Tunis
Male,0,Yes,Yes,1,Yes,No,DSL,Yes,No,No,No,No,Month-to-month,Yes,Mailed check,48.75,48.75,No,0,29,36.03,Ben Arous
Male,1,No,No,65,Yes,Yes,Fiber optic,Yes,No,Yes,Yes,Yes,Two year,Yes,Electronic check,109.05,7108.2,No,1,16,54.84,Sfax
Male,1,Yes,No,72,Yes,Yes,No,No internet service,No internet service,No internet service,No internet service,No internet service,Two year,Yes,Bank transfer (automatic),25.0,1802.55,No,2,26,97.7,Gabès
Female,0,No,No,28,Yes,Yes,DSL,No,No,No,No,No,Month-to-month,Yes,Credit card (automatic),54.9,1505.15,No,1,19,60.85,Gafsa
Male,0,Yes,Yes,72,Yes,Yes,No,No internet service,No internet service,No internet service,No internet service,No internet service,Two year,No,Credit card (automatic),24.75,1859.1,No,0,13,36.65,Monastir
Female,0,No,No,2,Yes,No,Fiber optic,Yes,Yes,No,Yes,No,Month-to-month,Yes,Electronic check,91.15,168.5,No,1,29,107.67,Bizerte
Female,0,No,Yes,18,Yes,No,No,No internet service,No internet service,No internet service,No internet service,No internet service,One year,No,Bank transfer (automatic),20.15,390.85,Yes,8,4,13.26,Tunis
Male,1,Yes,No,60,Yes,Yes,Fiber optic,No,Yes,Yes,Yes,Yes,One year,Yes,Electronic check,104.35,6339.45,No,0,23,26.38,Tunis
Female,1,No,No,26,Yes,Yes,DSL,No,No,No,No,Yes,Month-to-month,Yes,Electronic check,66.05,1652.4,No,0,14,29.94,Sfax
Male,0,No,Yes,1,Yes,No,Fiber optic,No,No,No,No,No,Month-to-month,Yes,Electronic check,71.65,71.65,Yes,8,1,27.48,Tunis
Female,0,No,No,4,Yes,No,No,No internet service,No internet service,No internet service,No internet service,No internet service,Month-to-month,No,Mailed check,20.35,77.5,Yes,8,5,36.37,Sousse
Male,0,Yes,Yes,68,Yes,Yes,DSL,Yes,Yes,Yes,Yes,Yes,Two year,Yes,Credit card (automatic),92.2,6392.85,No,3,30,72.3,Monastir
Female,0,No,No,38,Yes,No,Fiber optic,No,Yes,Yes,No,No,Month-to-month,Yes,Credit card (automatic),84.25,3264.5,Yes,8,1,21.1,Ben Arous
Female,1,Yes,No,42,Yes,Yes,Fiber optic,Yes,No,Yes,Yes,Yes,One year,Yes,Bank transfer (automatic),105.2,4599.15,No,3,11,43.56,Ben Arous
Female,0,Yes,No,57,Yes,No,No,No internet service,No internet service,No internet service,No internet service,No internet service,Two year,Yes,Bank transfer (automatic),19.6,1134.25,No,2,5,64.08,Tunis
Male,0,Yes,No,54,No,No phone service,DSL,No,Yes,No,No,No,Month-to-month,No,Electronic check,30.4,1621.35,No,1,18,42.43,Monastir
Female,0,No,No,12,Yes,No,Fiber optic,No,No,No,No,Yes,Month-to-month,No,Bank transfer (automatic),78.1,947.3,Yes,9,5,34.58,Sidi Bouzid
Female,0,Yes,No,44,Yes,No,DSL,Yes,Yes,Yes,No,No,One year,Yes,Mailed check,61.5,2722.2,No,4,22,67.6,Monastir
Male,0,Yes,Yes,42,Yes,Yes,DSL,Yes,Yes,No,Yes,No,Month-to-month,Yes,Bank transfer (automatic),69.4,3058.3,No,2,20,42.75,Mahdia
Male,0,Yes,Yes,72,Yes,Yes,No,No internet service,No internet service,No internet service,No internet service,No internet service,Two year,No,Bank transfer (automatic),24.75,1769.6,No,4,10,19.5,Ariana
Female,0,Yes,Yes,71,Yes,Yes,DSL,Yes,Yes,Yes,Yes,Yes,Two year,No,Mailed check,91.05,6293.75,No,1,9,20.94,Sousse
Female,0,Yes,No,19,Yes,Yes,Fiber optic,No,No,Yes,No,Yes,Month-to-month,No,Mailed check,89.65,1761.05,Yes,4,0,10.87,Jendouba
Female,0,Yes,No,23,Yes,Yes,DSL,No,No,No,Yes,Yes,Month-to-month,Yes,Credit card (automatic),73.65,1642.75,No,0,12,109.48,Kasserine
Female,0,No,No,30,Yes,No,No,No internet service,No internet service,No internet service,No internet service,No internet service,Two year,No,Credit card (automatic),19.4,578.5,No,2,6,101.61,Kef
Male,0,No,No,35,Yes,Yes,No,No internet service,No internet service,No internet service,No internet service,No internet service,One year,No,Bank transfer (automatic),26.2,954.9,No,4,29,81.95,Bizerte
Female,0,No,No,10,Yes,Yes,Fiber optic,Yes,No,No,Yes,Yes,Month-to-month,Yes,Electronic check,98.7,973.25,Yes,6,2,24.18,Tunis
Male,0,No,No,1,Yes,No,DSL,No,No,No,No,No,Month-to-month,Yes,Bank transfer (automatic),43.85,43.85,No,1,9,44.94,Ben Arous
Male,0,No,No,22,Yes,No,Fiber optic,No,No,No,No,No,Month-to-month,Yes,Mailed check,69.7,1490.4,No,1,21,130.78,Tunis
Male,0,Yes,Yes,7,No,No phone service,DSL,Yes,Yes,Yes,No,No,Two year,No,Mailed check,38.55,280.0,No,1,17,66.93,Béja
Female,0,No,No,36,No,No phone service,DSL,Yes,Yes,Yes,No,Yes,Two year,Yes,Mailed check,53.1,1901.25,No,3,16,65.84,Tunis
Female,0,Yes,Yes,34,Yes,No,No,No internet service,No internet service,No internet service,No internet service,No internet service,Month-to-month,No,Mailed check,20.65,716.4,No,2,24,42.51,Médiénine
Male,0,Yes,Yes,72,Yes,Yes,DSL,Yes,Yes,Yes,No,No,Two year,No,Credit card (automatic),64.45,4720.0,No,4,5,56.58,Kasserine
Male,0,Yes,Yes,36,Yes,Yes,No,No internet service,No internet service,No internet service,No internet service,No internet service,Two year,No,Credit card (automatic),25.1,930.95,No,1,15,59.97,Gabès
Female,0,No,No,1,Yes,No,Fiber optic,No,No,Yes,No,No,Month-to-month,No,Electronic check,76.35,76.35,Yes,5,5,1.73,Ben Arous
Female,0,No,No,23,Yes,Yes,Fiber optic,No,Yes,No,No,No,Month-to-month,Yes,Electronic check,79.15,1676.95,Yes,7,1,21.7,Kasserine
Male,1,Yes,No,32,Yes,Yes,Fiber optic,No,No,No,No,Yes,Month-to-month,Yes,Electronic check,85.0,2642.05,Yes,9,3,13.29,Mahdia
Female,0,Yes,Yes,71,Yes,Yes,Fiber optic,Yes,Yes,Yes,No,No,One year,Yes,Credit card (automatic),95.15,6770.85,No,3,17,97.19,Siliana
Female,1,No,No,23,Yes,Yes,Fiber optic,No,No,Yes,No,No,Month-to-month,Yes,Mailed check,79.35,1835.3,No,3,13,147.01,Médiénine
Male,0,Yes,No,17,Yes,No,Fiber optic,No,No,Yes,Yes,Yes,One year,Yes,Bank transfer (automatic),96.65,1588.25,No,0,24,116.09,Sfax
Male,0,No,No,1,Yes,No,DSL,No,No,Yes,Yes,Yes,Month-to-month,Yes,Electronic check,75.5,75.5,No,3,29,149.17,Kef
Male,0,Yes,Yes,12,Yes,No,No,No internet service,No internet service,No internet service,No internet service,No internet service,Two year,No,Mailed check,19.7,258.35,No,1,10,60.41,Monastir
Female,0,Yes,No,72,Yes,No,No,No internet service,No internet service,No internet service,No internet service,No internet service,Two year,No,Credit card (automatic),20.5,1502.25,No,1,24,149.61,Bizerte
Male,0,No,No,1,Yes,No,No,No internet service,No internet service,No internet service,No internet service,No internet service,Month-to-month,No,Mailed check,19.2,19.2,No,3,25,98.77,Médiénine
Male,1,Yes,No,72,Yes,Yes,Fiber optic,No,Yes,No,Yes,Yes,Two year,No,Bank transfer (automatic),98.35,6929.4,No,3,13,33.46,Béja
Male,0,Yes,Yes,60,Yes,Yes,Fiber optic,No,No,No,No,No,Month-to-month,No,Bank transfer (automatic),74.35,4453.3,No,3,10,137.25,Tunis
Female,0,Yes,Yes,61,No,No phone service,DSL,No,Yes,Yes,Yes,No,Two year,No,Credit card (automatic),51.35,3244.4,No,2,12,43.46,Tozeur
Female,0,Yes,No,6,Yes,No,DSL,No,No,No,No,No,Month-to-month,No,Mailed check,45.65,323.45,No,4,16,20.86,Kasserine
Male,1,Yes,No,32,Yes,Yes,Fiber optic,No,No,No,No,Yes,Month-to-month,No,Electronic check,85.3,2661.1,Yes,7,0,9.1,Kairouan
Female,0,No,Yes,31,Yes,Yes,Fiber optic,No,No,No,Yes,No,Month-to-month,Yes,Credit card (automatic),86.55,2697.4,Yes,10,2,21.78,Mahdia
Male,0,No,No,19,Yes,No,Fiber optic,No,Yes,No,No,No,Month-to-month,Yes,Credit card (automatic),73.85,1424.5,Yes,5,0,10.17,Kasserine
Male,0,Yes,Yes,72,Yes,No,No,No internet service,No internet service,No internet service,No internet service,No internet service,Two year,No,Bank transfer (automatic),20.3,1401.15,No,1,14,104.48,Kairouan
Female,0,No,No,32,Yes,Yes,DSL,No,Yes,No,No,No,Month-to-month,Yes,Electronic check,54.2,1739.6,No,3,22,24.81,Sfax
Male,0,Yes,No,65,Yes,Yes,Fiber optic,No,Yes,No,No,Yes,Month-to-month,Yes,Electronic check,90.65,5931.0,No,0,28,15.52,Sousse
Female,0,Yes,Yes,45,No,No phone service,DSL,Yes,No,No,Yes,Yes,Month-to-month,Yes,Bank transfer (automatic),50.9,2333.85,No,3,21,44.6,Tunis
Male,0,No,No,42,Yes,Yes,No,No internet service,No internet service,No internet service,No internet service,No internet service,One year,No,Electronic check,25.05,949.85,No,3,15,20.65,Tunis
Male,0,No,No,8,Yes,Yes,Fiber optic,No,No,No,No,No,Month-to-month,Yes,Electronic check,74.85,572.45,No,1,19,145.4,Sousse
Male,0,No,Yes,32,Yes,No,No,No internet service,No internet service,No internet service,No internet service,No internet service,Two year,No,Mailed check,20.5,696.8,No,2,11,122.26,Ariana
Female,1,Yes,No,22,Yes,Yes,DSL,Yes,Yes,No,No,No,Month-to-month,Yes,Mailed check,63.55,1381.8,No,1,28,39.56,Tunis
Male,1,Yes,No,57,No,No phone service,DSL,No,No,No,Yes,Yes,Month-to-month,Yes,Electronic check,44.85,2572.95,Yes,5,0,26.34,Nabeul
Male,0,No,No,1,Yes,No,DSL,Yes,No,No,No,No,Month-to-month,No,Electronic check,47.95,47.95,No,3,17,143.35,Tunis
Male,1,No,No,1,Yes,No,DSL,No,No,No,No,No,Month-to-month,No,Electronic check,45.1,45.1,Yes,6,0,18.75,Jendouba
Female,0,Yes,No,1,Yes,No,DSL,No,No,No,No,No,Month-to-month,Yes,Electronic check,45.0,45.0,No,2,13,62.76,Kairouan
Male,0,No,No,24,Yes,No,Fiber optic,No,No,No,Yes,Yes,Month-to-month,Yes,Electronic check,96.0,2122.45,Yes,7,2,43.67,Gabès
Male,0,No,No,1,Yes,No,No,No internet service,No internet service,No internet service,No internet service,No internet service,Month-to-month,No,Bank transfer (automatic),20.05,20.05,Yes,9,3,30.28,Kairouan
Male,1,No,No,54,Yes,Yes,Fiber optic,No,Yes,No,No,Yes,Month-to-month,Yes,Electronic check,90.05,4931.8,No,3,28,126.06,Nabeul
Female,0,No,No,4,Yes,Yes,No,No internet service,No internet service,No internet service,No internet service,No internet service,Two year,Yes,Credit card (automatic),25.3,116.95,No,0,29,71.86,Sidi Bouzid
Male,0,Yes,Yes,65,Yes,Yes,Fiber optic,Yes,No,Yes,Yes,Yes,Two year,No,Bank transfer (automatic),108.65,6937.95,Yes,7,2,40.12,Ariana
Female,0,Yes,No,56,Yes,Yes,No,No internet service,No internet service,No internet service,No internet service,No internet service,One year,No,Electronic check,24.3,1261.7,No,0,21,57.66,Gabès
Male,0,No,No,45,Yes,No,DSL,Yes,No,Yes,Yes,Yes,Month-to-month,Yes,Electronic check,75.95,3273.8,No,0,7,66.08,Nabeul
Female,0,Yes,Yes,71,Yes,No,No,No internet service,No internet service,No internet service,No internet service,No internet service,Two year,No,Credit card (automatic),19.7,1415.85,No,0,8,35.54,Zaghouan
Male,0,Yes,No,59,Yes,No,DSL,Yes,Yes,Yes,Yes,No,One year,No,Credit card (automatic),66.4,3958.2,No,1,15,13.09,Sousse
Male,0,No,No,69,No,No phone service,DSL,No,Yes,Yes,No,No,One year,Yes,Bank transfer (automatic),35.75,2492.25,No,4,5,81.82,Sfax
Male,0,No,No,19,Yes,No,No,No internet service,No internet service,No internet service,No internet service,No internet service,One year,No,Mailed check,18.8,279.2,No,4,9,138.45,Sfax
Female,0,Yes,Yes,55,Yes,No,No,No internet service,No internet service,No internet service,No internet service,No internet service,Two year,No,Credit card (automatic),19.4,1083.0,No,3,17,142.4,Sfax
Female,0,No,No,38,Yes,No,No,No internet service,No internet service,No internet service,No internet service,No internet service,One year,No,Mailed check,19.3,755.5,No,4,26,32.43,Kasserine
Male,0,No,No,10,Yes,No,DSL,No,No,No,No,No,Month-to-month,Yes,Electronic check,45.55,402.6,Yes,10,3,36.16,Tunis
Female,1,Yes,No,47,Yes,Yes,DSL,Yes,Yes,Yes,No,No,Month-to-month,Yes,Credit card (automatic),67.45,3252.0,No,2,9,90.31,Sfax
Female,0,Yes,No,2,No,No phone service,DSL,No,No,No,No,Yes,Month-to-month,Yes,Electronic check,35.1,68.75,Yes,5,4,21.19,Jendouba
Male,0,No,No,1,Yes,No,DSL,No,No,No,No,No,Month-to-month,No,Credit card (automatic),46.2,46.2,Yes,10,2,4.62,Médiénine
Female,0,No,No,1,Yes,No,DSL,No,No,No,No,No,Month-to-month,No,Electronic check,45.15,45.15,Yes,6,2,37.46,Sfax
Male,1,No,No,1,No,No phone service,DSL,No,Yes,Yes,No,Yes,Month-to-month,Yes,Electronic check,43.3,43.3,Yes,6,3,40.4,Sfax
Male,0,Yes,Yes,46,Yes,No,No,No internet service,No internet service,No internet service,No internet service,No internet service,Two year,Yes,Mailed check,20.1,936.85,No,0,22,84.63,Kairouan
Female,1,No,No,38,Yes,No,DSL,Yes,Yes,No,No,No,Month-to-month,Yes,Credit card (automatic),57.15,2250.65,Yes,8,0,16.92,Monastir
Female,0,Yes,No,65,Yes,No,DSL,Yes,No,Yes,No,No,Two year,No,Credit card (automatic),58.9,3857.1,No,3,7,138.45,Gabès
Female,0,Yes,No,19,Yes,No,Fiber optic,Yes,No,No,No,No,Month-to-month,Yes,Electronic check,73.2,1441.1,Yes,8,4,19.46,Kasserine
Male,0,No,No,52,Yes,No,Fiber optic,No,Yes,No,No,Yes,Month-to-month,Yes,Electronic check,85.35,4338.6,Yes,8,5,6.55,Sousse
Male,0,Yes,Yes,71,Yes,No,No,No internet service,No internet service,No internet service,No internet service,No internet service,Two year,No,Mailed check,19.45,1378.45,No,3,7,93.87,Nabeul
Female,0,No,No,1,Yes,No,DSL,No,No,No,No,No,Month-to-month,No,Mailed check,45.95,45.95,Yes,4,3,5.32,Bizerte
Female,1,No,No,52,No,No phone service,DSL,No,Yes,Yes,Yes,No,Month-to-month,Yes,Electronic check,50.5,2566.3,No,4,18,128.03,Ben Arous
Male,0,Yes,No,6,Yes,Yes,No,No internet service,No internet service,No internet service,No internet service,No internet service,One year,No,Mailed check,25.1,171.0,No,0,25,28.82,Monastir
Female,1,Yes,No,26,Yes,No,DSL,No,No,Yes,No,Yes,One year,No,Mailed check,60.7,1597.4,No,4,9,135.03,Bizerte
Male,1,No,No,48,Yes,Yes,Fiber optic,No,Yes,No,Yes,Yes,One year,Yes,Electronic check,99.0,4744.35,No,2,16,114.25,Kairouan
Female,0,Yes,Yes,64,Yes,Yes,Fiber optic,Yes,No,No,Yes,Yes,One year,Yes,Bank transfer (automatic),104.4,6721.6,No,2,22,147.08,Nabeul
Female,0,No,No,3,Yes,No,Fiber optic,No,Yes,No,Yes,No,Month-to-month,No,Electronic check,83.75,247.25,Yes,9,2,46.79,Tataouine
Male,0,No,No,1,Yes,No,DSL,No,No,No,No,No,Month-to-month,Yes,Bank transfer (automatic),44.05,44.05,No,3,22,101.25,Ben Arous
Male,0,Yes,Yes,72,Yes,Yes,No,No internet service,No internet service,No internet service,No internet service,No internet service,Two year,No,Credit card (automatic),24.1,1734.65,No,0,5,122.78,Kasserine
Male,0,No,No,1,Yes,No,DSL,No,No,No,No,No,Month-to-month,Yes,Mailed check,45.55,45.55,No,3,25,72.29,Tunis
Female,0,Yes,Yes,51,Yes,Yes,Fiber optic,Yes,Yes,No,No,Yes,Month-to-month,Yes,Electronic check,93.8,4539.35,No,1,25,118.48,Bizerte
Female,0,Yes,Yes,41,Yes,No,No,No internet service,No internet service,No internet service,No internet service,No internet service,Two year,No,Bank transfer (automatic),19.7,804.25,No,4,17,79.21,Tunis
Female,0,Yes,Yes,72,Yes,No,DSL,Yes,Yes,Yes,Yes,No,Two year,Yes,Credit card (automatic),70.65,5011.15,No,1,7,60.67,Sousse
Female,0,Yes,No,43,Yes,Yes,DSL,Yes,Yes,No,Yes,Yes,Two year,No,Credit card (automatic),86.45,3574.5,No,1,19,61.7,Sousse
Male,0,Yes,No,72,Yes,Yes,Fiber optic,Yes,Yes,Yes,Yes,Yes,Two year,Yes,Credit card (automatic),114.1,8086.4,No,2,23,48.18,Monastir
Male,0,Yes,No,47,Yes,Yes,Fiber optic,No,No,No,Yes,Yes,One year,Yes,Credit card (automatic),95.2,4563.0,No,4,19,56.82,Siliana
Male,0,No,No,72,Yes,Yes,DSL,Yes,Yes,Yes,Yes,Yes,Two year,No,Credit card (automatic),88.55,6362.35,No,3,12,25.82,Gabès
Male,0,No,No,3,Yes,No,No,No internet service,No internet service,No internet service,No internet service,No internet service,Month-to-month,Yes,Credit card (automatic),20.75,67.1,No,2,18,32.52,Sfax
Male,0,No,No,1,Yes,No,Fiber optic,No,No,No,No,No,Month-to-month,Yes,Electronic check,70.05,70.05,Yes,8,4,3.95,Bizerte
Male,0,No,No,2,Yes,Yes,Fiber optic,No,No,No,No,Yes,Month-to-month,Yes,Electronic check,86.0,165.45,Yes,8,1,15.21,Kairouan
Male,0,No,No,26,No,No phone service,DSL,Yes,Yes,No,No,Yes,Month-to-month,Yes,Bank transfer (automatic),44.65,1156.55,No,0,13,26.2,Tunis
Male,0,Yes,Yes,29,Yes,No,DSL,Yes,No,No,No,Yes,Month-to-month,Yes,Mailed check,60.2,1834.15,No,1,28,100.48,Tunis
Female,1,Yes,No,35,Yes,Yes,Fiber optic,Yes,Yes,No,Yes,No,Month-to-month,Yes,Bank transfer (automatic),100.5,3653.35,Yes,4,1,9.24,Médiénine
Male,0,No,No,27,Yes,No,DSL,Yes,Yes,No,No,No,One year,No,Bank transfer (automatic),55.45,1477.65,No,2,9,40.53,Sidi Bouzid
Male,0,Yes,Yes,24,Yes,No,DSL,Yes,Yes,No,No,Yes,Month-to-month,Yes,Credit card (automatic),70.3,1706.45,No,4,10,41.98,Tunis
Male,0,Yes,Yes,67,Yes,No,DSL,Yes,No,Yes,No,No,Two year,Yes,Bank transfer (automatic),60.4,3953.7,No,4,27,85.33,Tunis
Female,0,No,No,16,Yes,Yes,Fiber optic,No,No,No,No,No,Month-to-month,No,Electronic check,72.65,1194.3,Yes,9,3,19.44,Monastir
Female,0,No,No,23,Yes,No,DSL,No,Yes,Yes,No,No,One year,No,Bank transfer (automatic),55.8,1327.85,No,0,12,130.01,Monastir
Male,0,No,No,14,No,No phone service,DSL,No,Yes,No,No,No,Month-to-month,Yes,Mailed check,31.1,419.7,No,4,18,117.61,Sousse
Female,0,Yes,Yes,1,Yes,No,No,No internet service,No internet service,No internet service,No internet service,No internet service,Month-to-month,Yes,Electronic check,21.0,21.0,Yes,7,5,49.96,Tunis
Female,1,No,No,1,Yes,No,DSL,No,No,No,No,No,Month-to-month,No,Mailed check,45.1,45.1,Yes,8,5,1.35,Tunis
Male,1,No,No,4,No,No phone service,DSL,No,Yes,No,Yes,Yes,Month-to-month,Yes,Credit card (automatic),50.95,207.35,No,1,8,119.91,Sidi Bouzid
Male,0,No,Yes,16,Yes,Yes,DSL,Yes,Yes,No,No,Yes,Month-to-month,Yes,Electronic check,69.1,1083.7,No,3,6,122.96,Tunis
Female,0,Yes,No,46,No,No phone service,DSL,No,No,No,Yes,Yes,Month-to-month,Yes,Electronic check,43.95,2007.85,No,4,6,39.33,Gabès
Male,0,No,Yes,68,Yes,Yes,DSL,Yes,Yes,No,Yes,Yes,Two year,Yes,Bank transfer (automatic),86.5,5882.75,No,3,7,143.32,Jendouba
Male,0,No,No,38,Yes,Yes,DSL,Yes,Yes,Yes,No,No,Month-to-month,No,Electronic check,69.95,2657.55,No,1,11,38.06,Tunis
Male,1,Yes,No,30,Yes,No,DSL,No,Yes,No,No,No,Month-to-month,Yes,Bank transfer (automatic),50.4,1527.5,Yes,9,2,24.59,Jendouba
Female,1,No,No,5,Yes,No,Fiber optic,No,No,No,No,Yes,Month-to-month,No,Electronic check,78.95,378.4,Yes,9,4,19.85,Ariana
Male,0,No,No,17,Yes,No,Fiber optic,No,Yes,Yes,No,Yes,Month-to-month,Yes,Credit card (automatic),90.95,1612.2,No,0,23,11.47,Nabeul
Male,0,Yes,Yes,4,Yes,No,No,No internet service,No internet service,No internet service,No internet service,No internet service,Two year,No,Mailed check,19.9,76.65,No,0,25,79.53,Ariana
Female,0,No,No,12,Yes,No,No,No internet service,No internet service,No internet service,No internet service,No internet service,One year,No,Electronic check,20.15,260.7,No,1,29,33.89,Nabeul
Male,0,Yes,Yes,72,Yes,Yes,DSL,Yes,Yes,Yes,Yes,Yes,Two year,Yes,Credit card (automatic),90.6,6441.85,No,1,7,43.15,Ben Arous
Male,0,No,No,3,Yes,No,Fiber optic,No,No,No,Yes,Yes,Month-to-month,Yes,Electronic check,92.0,266.8,No,1,18,57.85,Ben Arous
Male,0,No,No,56,Yes,Yes,Fiber optic,No,Yes,No,No,Yes,Month-to-month,Yes,Electronic check,94.45,5124.6,Yes,7,0,12.13,Nabeul
Female,0,No,No,41,Yes,Yes,No,No internet service,No internet service,No internet service,No internet service,No internet service,One year,Yes,Mailed check,24.85,962.25,No,0,23,28.88,Sidi Bouzid
Male,0,No,No,40,No,No phone service,DSL,No,Yes,No,No,No,One year,No,Credit card (automatic),36.0,1382.9,No,4,25,27.2,Béja
Female,0,No,No,7,Yes,No,DSL,Yes,Yes,No,Yes,Yes,Month-to-month,Yes,Electronic check,78.5,571.05,No,3,6,19.58,Tunis
Male,0,No,No,69,Yes,No,No,No internet service,No internet service,No internet service,No internet service,No internet service,Two year,No,Credit card (automatic),19.95,1399.35,No,4,8,131.92,Bizerte
Male,0,Yes,Yes,7,Yes,No,No,No internet service,No internet service,No internet service,No internet service,No internet service,One year,No,Mailed check,20.65,150.0,No,0,10,139.2,Monastir
Female,0,Yes,Yes,5,No,No phone service,DSL,No,Yes,No,No,No,Month-to-month,Yes,Electronic check,30.5,167.2,No,2,28,49.51,Tunis
Female,0,Yes,Yes,72,Yes,Yes,Fiber optic,Yes,Yes,Yes,Yes,No,Two year,No,Credit card (automatic),106.1,7657.4,No,4,10,39.28,Tunis
Male,0,Yes,Yes,44,Yes,No,No,No internet service,No internet service,No internet service,No internet service,No internet service,One year,Yes,Bank transfer (automatic),20.5,865.05,No,0,26,96.44,Nabeul
Female,0,No,No,65,Yes,Yes,Fiber optic,No,Yes,Yes,Yes,No,One year,Yes,Electronic check,95.5,6153.85,No,2,20,33.08,Sfax
Female,0,No,No,3,Yes,Yes,DSL,No,No,No,Yes,No,Month-to-month,No,Electronic check,64.6,174.2,No,3,17,114.26,Sousse
Male,0,No,No,24,Yes,No,DSL,No,No,No,No,No,Month-to-month,Yes,Credit card (automatic),51.1,1269.6,No,4,6,29.65,Tunis
Female,0,No,No,44,Yes,Yes,Fiber optic,No,Yes,Yes,No,No,Month-to-month,Yes,Bank transfer (automatic),84.8,3862.55,Yes,8,4,26.75,Nabeul
Female,1,Yes,No,72,Yes,Yes,DSL,Yes,Yes,Yes,Yes,Yes,Two year,No,Credit card (automatic),89.1,6352.4,No,4,25,36.47,Sfax
Male,0,No,No,24,Yes,No,DSL,Yes,No,No,No,No,Month-to-month,No,Electronic check,54.95,1348.5,No,3,13,44.21,Médiénine
Male,0,No,No,1,Yes,No,DSL,No,No,Yes,No,No,Month-to-month,No,Mailed check,50.9,50.9,Yes,6,1,8.92,Tunis
Male,0,Yes,No,22,Yes,No,No,No internet service,No internet service,No internet service,No internet service,No internet service,Month-to-month,Yes,Bank transfer (automatic),20.45,471.55,No,4,21,47.79,Médiénine
Male,0,Yes,Yes,70,Yes,Yes,DSL,No,Yes,Yes,Yes,Yes,Two year,Yes,Credit card (automatic),85.95,5931.75,No,1,24,13.65,Nabeul
Male,0,Yes,Yes,25,Yes,Yes,DSL,No,No,No,Yes,No,Month-to-month,No,Electronic check,60.35,1404.65,No,3,8,141.53,Tunis
Male,0,Yes,Yes,37,Yes,No,No,No internet service,No internet service,No internet service,No internet service,No internet service,Two year,No,Bank transfer (automatic),19.8,726.1,No,2,20,60.55,Kairouan
Female,1,Yes,Yes,22,Yes,Yes,Fiber optic,No,No,No,Yes,No,Month-to-month,No,Bank transfer (automatic),85.35,1961.6,No,3,15,68.84,Jendouba
Female,0,Yes,Yes,59,Yes,Yes,DSL,No,No,Yes,Yes,No,Two year,Yes,Bank transfer (automatic),72.1,4194.85,No,1,11,34.98,Ben Arous
Male,0,Yes,Yes,49,Yes,Yes,Fiber optic,No,No,Yes,Yes,Yes,Month-to-month,Yes,Electronic check,99.8,4872.45,Yes,10,1,44.9,Ben Arous
Male,0,Yes,Yes,47,Yes,Yes,Fiber optic,No,No,Yes,Yes,Yes,Month-to-month,Yes,Bank transfer (automatic),107.35,5118.95,Yes,8,4,32.27,Nabeul
Female,0,Yes,Yes,31,Yes,No,No,No internet service,No internet service,No internet service,No internet service,No internet service,Month-to-month,Yes,Mailed check,19.55,658.95,Yes,9,5,15.08,Manouba
Male,0,Yes,Yes,1,Yes,No,Fiber optic,No,No,No,No,Yes,Month-to-month,Yes,Electronic check,81.05,81.05,No,3,21,60.59,Tunis
Male,0,No,No,3,Yes,No,No,No internet service,No internet service,No internet service,No internet service,No internet service,Month-to-month,Yes,Electronic check,20.5,76.95,No,1,18,115.85,Nabeul
Female,0,Yes,No,53,Yes,Yes,Fiber optic,No,Yes,Yes,Yes,Yes,One year,Yes,Bank transfer (automatic),111.8,5809.75,No,1,14,138.11,Sousse
Male,0,No,No,1,Yes,No,No,No internet service,No internet service,No internet service,No internet service,No internet service,Month-to-month,No,Mailed check,20.2,20.2,No,3,23,23.68,Tunis
Male,0,No,No,20,Yes,No,No,No internet service,No internet service,No internet service,No internet service,No internet service,One year,Yes,Mailed check,19.7,415.9,No,2,15,57.91,Siliana
Female,0,No,No,3,Yes,No,Fiber optic,Yes,Yes,No,No,No,Month-to-month,Yes,Electronic check,79.1,246.5,Yes,8,2,48.76,Sidi Bouzid
Female,0,No,No,51,Yes,No,No,No internet service,No internet service,No internet service,No internet service,No internet service,One year,Yes,Bank transfer (automatic),19.85,996.95,No,1,29,25.89,Kef
Female,0,Yes,No,51,Yes,No,DSL,Yes,Yes,No,No,No,One year,Yes,Bank transfer (automatic),60.5,3145.15,No,3,8,84.68,Monastir
Female,0,Yes,Yes,13,Yes,No,No,No internet service,No internet service,No internet service,No internet service,No internet service,Two year,No,Mailed check,19.55,265.3,No,4,26,35.48,Kairouan
Female,0,No,No,1,Yes,No,No,No internet service,No internet service,No internet service,No internet service,No internet service,Month-to-month,No,Mailed check,20.9,20.9,No,0,9,69.0,Bizerte
Male,0,No,Yes,1,Yes,No,No,No internet service,No internet service,No internet service,No internet service,No internet service,Month-to-month,Yes,Mailed check,21.05,21.05,No,0,18,21.21,Tunis
Male,0,No,No,63,Yes,Yes,DSL,Yes,Yes,Yes,No,No,One year,No,Electronic check,71.5,4576.3,No,3,30,139.27,Bizerte
Male,0,No,No,3,Yes,No,DSL,No,No,No,No,Yes,Month-to-month,No,Mailed check,54.65,189.1,No,0,30,88.32,Gafsa
Male,0,No,No,46,Yes,No,No,No internet service,No internet service,No internet service,No internet service,No internet service,Two year,No,Credit card (automatic),19.2,908.15,No,3,16,149.6,Sousse
Male,0,No,No,1,Yes,Yes,DSL,No,No,No,No,No,Month-to-month,Yes,Credit card (automatic),49.8,49.8,No,1,7,93.76,Tunis
Male,0,No,Yes,8,No,No phone service,DSL,No,No,No,No,No,Month-to-month,No,Mailed check,25.5,215.2,Yes,9,4,39.13,Kairouan
Female,0,Yes,Yes,71,Yes,No,No,No internet service,No internet service,No internet service,No internet service,No internet service,Two year,No,Bank transfer (automatic),20.5,1500.95,No,3,6,70.62,Médiénine
Male,0,Yes,Yes,55,Yes,Yes,Fiber optic,No,No,Yes,Yes,No,Month-to-month,Yes,Credit card (automatic),90.4,5099.15,No,1,29,107.91,Kairouan
Female,0,No,No,70,Yes,Yes,Fiber optic,No,Yes,Yes,No,No,One year,Yes,Bank transfer (automatic),90.25,6385.95,No,3,18,72.47,Monastir
Female,0,No,No,2,Yes,No,Fiber optic,No,No,No,No,Yes,Month-to-month,No,Electronic check,80.75,159.45,Yes,8,5,41.49,Monastir
Male,0,Yes,Yes,67,Yes,Yes,Fiber optic,Yes,No,No,Yes,Yes,Two year,No,Bank transfer (automatic),104.6,6885.75,No,3,23,140.53,Ben Arous
Male,0,Yes,No,65,Yes,Yes,Fiber optic,No,Yes,No,Yes,No,Month-to-month,Yes,Bank transfer (automatic),91.85,5940.85,Yes,9,1,27.17,Tunis
Male,0,Yes,No,14,Yes,No,DSL,No,No,Yes,No,No,Month-to-month,No,Credit card (automatic),50.2,668.85,No,3,16,19.54,Sousse
Female,0,Yes,Yes,20,Yes,Yes,Fiber optic,No,No,Yes,No,Yes,Month-to-month,Yes,Bank transfer (automatic),95.5,1916.2,No,2,5,48.32,Tunis
Male,0,No,Yes,1,Yes,No,Fiber optic,No,Yes,No,No,No,Month-to-month,Yes,Electronic check,75.35,75.35,Yes,10,1,40.84,Gabès
Male,0,No,No,1,Yes,Yes,Fiber optic,No,No,No,No,No,Month-to-month,Yes,Electronic check,75.45,75.45,Yes,10,0,15.32,Ben Arous
Female,0,Yes,Yes,49,Yes,Yes,Fiber optic,No,No,No,Yes,Yes,Month-to-month,Yes,Bank transfer (automatic),95.4,4613.95,No,2,10,40.1,Jendouba
Female,0,No,No,72,Yes,Yes,Fiber optic,Yes,Yes,Yes,Yes,No,Two year,Yes,Bank transfer (automatic),101.3,7261.25,No,0,8,77.52,Kairouan
Female,0,Yes,No,46,Yes,Yes,DSL,Yes,No,No,No,No,Month-to-month,No,Electronic check,53.1,2459.8,No,2,26,80.59,Mahdia
Male,0,No,No,24,Yes,Yes,Fiber optic,No,Yes,Yes,No,No,Month-to-month,Yes,Bank transfer (automatic),84.85,2048.8,No,3,29,94.42,Kairouan
Female,0,Yes,Yes,5,No,No phone service,DSL,No,Yes,No,No,No,Month-to-month,No,Electronic check,34.25,163.55,No,3,14,41.33,Gabès
Female,0,Yes,Yes,33,Yes,Yes,Fiber optic,No,Yes,Yes,No,No,Month-to-month,No,Credit card (automatic),88.6,2888.7,No,3,25,53.76,Ariana
Female,0,No,No,42,Yes,Yes,DSL,Yes,Yes,No,No,No,One year,Yes,Bank transfer (automatic),60.15,2421.6,No,4,22,105.64,Bizerte
Male,0,No,No,23,Yes,No,Fiber optic,Yes,No,Yes,Yes,Yes,One year,Yes,Credit card (automatic),99.95,2292.75,No,1,18,77.66,Ariana
Male,0,No,No,8,Yes,No,Fiber optic,No,No,No,No,No,Month-to-month,No,Bank transfer (automatic),70.7,553.4,No,3,7,142.68,Bizerte
Male,0,No,No,66,Yes,No,DSL,Yes,Yes,No,No,No,One year,Yes,Mailed check,54.8,3465.7,No,4,12,48.77,Médiénine
Male,0,No,No,24,Yes,No,DSL,Yes,No,No,No,No,Month-to-month,Yes,Bank transfer (automatic),49.55,1210.4,Yes,5,1,11.09,Kairouan
Male,1,No,No,24,Yes,Yes,DSL,No,Yes,No,No,No,Month-to-month,No,Credit card (automatic),54.8,1291.3,No,3,18,11.88,Monastir
Male,0,No,No,69,Yes,Yes,DSL,Yes,Yes,Yes,No,Yes,One year,Yes,Credit card (automatic),78.6,5356.45,Yes,10,2,17.9,Tunis
Female,0,No,No,53,Yes,No,Fiber optic,No,Yes,Yes,Yes,Yes,One year,Yes,Mailed check,100.3,5200.8,No,4,23,72.23,Sousse
Female,0,No,No,60,No,No phone service,DSL,Yes,No,Yes,Yes,Yes,Two year,No,Electronic check,53.6,3237.05,No,2,18,55.76,Tunis
Female,0,Yes,No,7,Yes,No,Fiber optic,No,No,No,Yes,No,Month-to-month,Yes,Electronic check,81.1,576.65,Yes,10,3,6.75,Kairouan
Female,0,No,No,20,Yes,No,No,No internet service,No internet service,No internet service,No internet service,No internet service,One year,Yes,Credit card (automatic),19.35,433.75,No,2,15,132.08,Tunis
Female,0,Yes,Yes,23,Yes,Yes,Fiber optic,No,No,No,No,Yes,Month-to-month,No,Electronic check,85.6,1868.4,No,2,19,12.35,Ben Arous
Male,0,Yes,Yes,72,Yes,No,DSL,Yes,No,Yes,Yes,Yes,Two year,Yes,Electronic check,80.8,5728.55,No,1,19,121.92,Sousse
Male,0,Yes,No,11,Yes,Yes,Fiber optic,No,No,No,No,No,Month-to-month,Yes,Electronic check,74.95,825.7,Yes,6,4,22.44,Ariana
Male,0,No,No,21,Yes,No,No,No internet service,No internet service,No internet service,No internet service,No internet service,Two year,No,Mailed check,19.6,390.4,No,2,10,113.72,Tataouine
Male,1,No,No,1,Yes,Yes,Fiber optic,No,No,No,Yes,Yes,Month-to-month,Yes,Electronic check,93.55,93.55,Yes,6,1,1.25,Gafsa
Male,1,No,No,31,Yes,Yes,Fiber optic,No,Yes,No,Yes,No,Month-to-month,Yes,Electronic check,90.7,2845.15,No,3,12,97.05,Tunis
Female,0,No,No,57,Yes,No,DSL,No,Yes,Yes,Yes,No,Two year,No,Mailed check,69.75,3894.4,No,0,24,23.18,Sidi Bouzid
Female,0,Yes,Yes,45,Yes,No,No,No internet service,No internet service,No internet service,No internet service,No internet service,Two year,Yes,Bank transfer (automatic),20.0,886.4,No,1,13,113.22,Tunis
Male,0,No,No,10,Yes,Yes,Fiber optic,No,Yes,Yes,No,Yes,Month-to-month,Yes,Electronic check,95.25,1021.55,No,0,28,103.6,Tunis
Female,0,Yes,No,58,Yes,Yes,Fiber optic,No,No,Yes,Yes,Yes,Month-to-month,Yes,Credit card (automatic),102.1,5885.4,Yes,8,5,8.08,Siliana
Male,0,No,Yes,14,Yes,No,No,No internet service,No internet service,No internet service,No internet service,No internet service,Month-to-month,No,Mailed check,19.95,268.4,No,2,27,45.49,Zaghouan
Male,0,Yes,No,27,Yes,Yes,DSL,Yes,No,No,Yes,Yes,One year,No,Mailed check,80.85,2204.35,No,3,30,102.01,Kairouan
Female,0,Yes,Yes,14,Yes,Yes,Fiber optic,No,Yes,No,No,Yes,Month-to-month,Yes,Bank transfer (automatic),90.9,1259.0,Yes,6,3,9.31,Bizerte
Female,0,Yes,Yes,12,No,No phone service,DSL,No,Yes,No,No,No,Month-to-month,No,Mailed check,29.2,309.1,Yes,10,3,4.61,Jendouba
Female,0,Yes,Yes,69,Yes,Yes,Fiber optic,No,Yes,No,No,Yes,Two year,Yes,Bank transfer (automatic),93.3,6398.05,No,2,24,94.44,Ben Arous
Female,0,Yes,Yes,25,Yes,No,Fiber optic,No,Yes,Yes,Yes,No,Month-to-month,Yes,Bank transfer (automatic),89.15,2257.75,Yes,5,1,4.41,Siliana
Male,1,Yes,No,58,Yes,Yes,Fiber optic,Yes,Yes,Yes,Yes,Yes,One year,Yes,Electronic check,108.85,6287.25,Yes,4,1,11.38,Kasserine
Female,0,Yes,Yes,35,No,No phone service,DSL,Yes,No,No,Yes,No,Two year,Yes,Credit card (automatic),46.35,1662.05,No,2,7,107.77,Ben Arous
Female,1,No,No,16,Yes,Yes,Fiber optic,No,No,No,Yes,No,Month-to-month,Yes,Electronic check,84.75,1350.15,Yes,9,0,46.87,Kairouan
Male,0,Yes,Yes,45,Yes,Yes,DSL,No,Yes,Yes,Yes,Yes,One year,No,Credit card (automatic),78.75,3600.65,No,1,29,31.83,Tunis
Female,0,No,No,17,Yes,No,Fiber optic,No,Yes,No,Yes,No,Month-to-month,Yes,Electronic check,83.55,1329.15,No,0,10,32.2,Kasserine
Female,0,Yes,Yes,1,Yes,No,DSL,No,No,No,No,No,Month-to-month,Yes,Electronic check,45.7,45.7,Yes,9,5,44.2,Ariana
Male,0,No,No,22,Yes,No,No,No internet service,No internet service,No internet service,No internet service,No internet service,One year,No,Mailed check,19.6,422.5,No,0,23,94.11,Nabeul
Female,1,No,No,1,Yes,No,Fiber optic,No,No,No,No,No,Month-to-month,Yes,Electronic check,69.95,69.95,Yes,9,4,48.38,Médiénine
Male,0,Yes,Yes,67,Yes,No,DSL,Yes,No,Yes,No,Yes,Two year,No,Mailed check,67.85,4627.65,No,4,23,24.25,Tunis
Female,0,Yes,Yes,67,Yes,Yes,Fiber optic,No,No,Yes,Yes,Yes,Two year,Yes,Bank transfer (automatic),105.65,6717.9,No,0,24,143.75,Sfax
Female,0,Yes,No,2,No,No phone service,DSL,No,No,No,Yes,Yes,Month-to-month,No,Electronic check,44.6,97.1,Yes,4,0,12.97,Gabès
Male,0,No,No,23,Yes,Yes,Fiber optic,No,No,No,No,No,Month-to-month,Yes,Electronic check,74.95,1710.45,Yes,5,1,1.35,Tunis
Female,1,No,No,9,Yes,No,Fiber optic,No,No,Yes,No,No,Month-to-month,No,Credit card (automatic),75.5,637.4,No,1,15,138.99,Sousse
Female,0,No,No,5,Yes,No,No,No internet service,No internet service,No internet service,No internet service,No internet service,Month-to-month,No,Mailed check,20.15,117.95,No,4,12,38.76,Kairouan
Male,0,No,No,54,No,No phone service,DSL,Yes,No,No,Yes,No,Two year,No,Credit card (automatic),45.2,2460.55,No,3,30,26.69,Sousse
Female,0,No,No,57,Yes,No,Fiber optic,No,No,Yes,Yes,Yes,Two year,Yes,Electronic check,95.25,5464.65,Yes,5,1,28.72,Bizerte
Male,0,No,No,24,Yes,Yes,Fiber optic,No,No,Yes,Yes,No,Month-to-month,Yes,Mailed check,89.85,2165.05,Yes,10,3,45.96,Tunis
Female,0,Yes,Yes,49,Yes,Yes,Fiber optic,No,Yes,No,Yes,Yes,One year,No,Mailed check,100.45,4941.8,Yes,8,5,45.35,Béja
Male,0,No,No,5,Yes,Yes,DSL,No,No,No,No,No,Month-to-month,No,Electronic check,47.15,223.15,Yes,4,1,42.78,Monastir
Male,0,No,No,2,Yes,No,Fiber optic,No,No,No,No,Yes,Month-to-month,Yes,Electronic check,80.2,181.1,Yes,5,0,6.65,Kasserine
Female,0,No,Yes,4,Yes,Yes,Fiber optic,No,No,Yes,No,No,Month-to-month,Yes,Mailed check,87.1,341.45,Yes,4,4,6.03,Kairouan
Male,0,Yes,Yes,70,Yes,Yes,DSL,Yes,Yes,Yes,Yes,No,Two year,Yes,Bank transfer (automatic),79.25,5731.85,No,0,8,57.46,Nabeul
Male,0,No,No,5,Yes,Yes,Fiber optic,No,No,No,No,No,Month-to-month,Yes,Bank transfer (automatic),75.9,357.75,Yes,7,4,15.5,Gabès
Male,0,Yes,Yes,53,Yes,Yes,DSL,Yes,No,Yes,Yes,Yes,Month-to-month,No,Electronic check,85.7,4616.1,No,4,19,106.62,Monastir
Female,0,Yes,No,47,Yes,Yes,Fiber optic,Yes,Yes,Yes,Yes,No,Month-to-month,Yes,Electronic check,98.75,4533.7,Yes,7,2,8.74,Médiénine
Female,0,No,Yes,31,Yes,No,No,No internet service,No internet service,No internet service,No internet service,No internet service,One year,No,Credit card (automatic),20.1,589.25,No,2,25,104.64,Gabès
Male,0,Yes,Yes,13,Yes,No,DSL,No,Yes,Yes,No,No,Month-to-month,No,Bank transfer (automatic),61.8,750.1,No,1,17,88.28,Tunis
Female,0,Yes,Yes,28,Yes,Yes,DSL,No,No,No,No,No,Month-to-month,No,Mailed check,49.9,1410.25,No,3,6,55.83,Sfax
Female,0,No,No,10,Yes,Yes,Fiber optic,No,No,No,No,Yes,Month-to-month,No,Electronic check,86.45,830.85,Yes,9,1,34.46,Nabeul
Male,0,Yes,No,38,Yes,No,No,No internet service,No internet service,No internet service,No internet service,No internet service,Two year,No,Bank transfer (automatic),20.4,743.5,No,2,10,72.14,Siliana
Female,0,No,No,1,Yes,No,DSL,No,No,No,No,No,Month-to-month,Yes,Mailed check,45.3,45.3,Yes,5,0,39.47,Gabès
Male,0,Yes,No,67,Yes,Yes,Fiber optic,No,Yes,Yes,Yes,Yes,One year,No,Electronic check,104.1,7040.85,Yes,6,5,10.58,Manouba
Male,0,Yes,No,52,Yes,No,DSL,Yes,Yes,No,Yes,Yes,One year,Yes,Mailed check,75.4,3865.45,No,3,29,123.05,Siliana
Male,0,Yes,Yes,62,Yes,No,Fiber optic,Yes,Yes,Yes,Yes,Yes,Two year,No,Mailed check,108.15,6825.65,No,2,7,145.84,Nabeul
Female,0,No,No,16,Yes,No,Fiber optic,No,Yes,No,No,Yes,Month-to-month,Yes,Electronic check,86.25,1340.1,No,0,8,79.73,Sousse
Female,1,Yes,No,5,Yes,Yes,Fiber optic,No,Yes,No,No,No,Month-to-month,Yes,Electronic check,81.0,371.65,Yes,5,0,31.93,Tunis
Male,0,No,No,12,Yes,No,Fiber optic,No,No,Yes,Yes,Yes,One year,No,Electronic check,95.7,1184.0,No,0,21,123.28,Kasserine
Female,0,Yes,Yes,72,Yes,Yes,Fiber optic,Yes,Yes,Yes,Yes,Yes,Two year,Yes,Bank transfer (automatic),116.85,8477.7,No,1,24,145.55,Bizerte
Male,1,No,No,71,Yes,Yes,Fiber optic,No,Yes,No,Yes,Yes,One year,No,Bank transfer (automatic),105.75,7382.85,No,4,6,24.8,Siliana
Female,0,Yes,No,24,Yes,No,No,No internet service,No internet service,No internet service,No internet service,No internet service,One year,No,Mailed check,20.15,456.85,No,1,15,124.42,Sousse
Female,0,No,No,15,Yes,No,No,No internet service,No internet service,No internet service,No internet service,No internet service,Two year,No,Mailed check,19.6,331.6,No,2,29,68.14,Kasserine
Male,0,Yes,No,67,Yes,No,Fiber optic,Yes,Yes,No,No,Yes,One year,Yes,Credit card (automatic),90.6,6056.15,Yes,6,3,29.44,Sidi Bouzid
Male,0,No,Yes,2,Yes,Yes,DSL,Yes,Yes,No,No,No,Month-to-month,No,Bank transfer (automatic),60.95,134.6,No,3,12,131.33,Sfax
Female,0,Yes,Yes,5,No,No phone service,DSL,No,No,No,No,No,Month-to-month,No,Mailed check,25.05,125.5,No,4,24,46.95,Ariana
Female,0,Yes,No,15,Yes,No,Fiber optic,No,No,No,Yes,Yes,Month-to-month,No,Electronic check,88.15,1390.6,Yes,5,2,43.25,Jendouba
Male,0,No,No,1,Yes,No,No,No internet service,No internet service,No internet service,No internet service,No internet service,Month-to-month,Yes,Mailed check,20.2,20.2,Yes,9,1,1.52,Gabès
Male,0,Yes,Yes,41,Yes,No,DSL,Yes,Yes,Yes,No,No,One year,Yes,Bank transfer (automatic),60.3,2511.3,No,0,9,132.82,Sousse
Female,0,No,Yes,43,Yes,No,DSL,Yes,Yes,No,No,Yes,Month-to-month,Yes,Electronic check,63.95,2737.05,No,1,30,28.52,Ben Arous
Male,1,Yes,No,1,Yes,Yes,Fiber optic,No,No,No,No,No,Month-to-month,No,Electronic check,74.3,74.3,No,2,11,49.71,Mahdia
Female,1,No,No,1,Yes,No,Fiber optic,No,No,No,No,No,Month-to-month,Yes,Mailed check,70.6,70.6,No,1,12,113.92,Sfax
Female,0,Yes,Yes,26,Yes,No,Fiber optic,No,No,No,Yes,Yes,Month-to-month,Yes,Electronic check,90.8,2361.8,Yes,4,3,19.08,Tunis
Male,0,No,No,22,Yes,Yes,Fiber optic,No,Yes,No,No,No,Month-to-month,Yes,Electronic check,79.35,1730.35,Yes,9,2,17.68,Ariana
Male,0,Yes,No,71,Yes,Yes,DSL,Yes,Yes,Yes,Yes,Yes,Two year,No,Bank transfer (automatic),90.55,6404.0,No,0,14,89.56,Nabeul
Male,0,No,No,7,Yes,No,No,No internet service,No internet service,No internet service,No internet service,No internet service,Two year,No,Mailed check,19.45,165.35,No,0,21,131.78,Kasserine
Female,1,No,No,28,Yes,Yes,DSL,No,Yes,Yes,No,No,Month-to-month,No,Bank transfer (automatic),64.45,1867.6,No,2,11,34.87,Ben Arous
Male,1,No,No,16,Yes,No,Fiber optic,No,No,No,No,No,Month-to-month,No,Electronic check,69.65,1043.3,No,3,6,12.16,Kairouan
Male,0,No,No,7,Yes,No,No,No internet service,No internet service,No internet service,No internet service,No internet service,One year,No,Mailed check,19.5,128.6,No,0,16,56.98,Zaghouan
Female,0,No,No,69,Yes,Yes,Fiber optic,No,Yes,Yes,Yes,Yes,Two year,Yes,Bank transfer (automatic),110.5,7455.45,No,0,15,37.21,Gabès
Female,0,No,Yes,1,No,No phone service,DSL,No,No,No,No,No,Month-to-month,No,Mailed check,24.7,24.7,No,4,5,88.64,Tunis
Male,0,No,No,3,Yes,No,DSL,Yes,No,Yes,Yes,Yes,Month-to-month,Yes,Electronic check,77.4,206.15,No,0,11,59.7,Bizerte
Male,1,No,No,21,Yes,No,Fiber optic,No,No,Yes,Yes,Yes,Month-to-month,Yes,Bank transfer (automatic),96.8,2030.3,Yes,8,3,42.64,Gafsa
Female,0,Yes,No,69,Yes,Yes,Fiber optic,No,Yes,Yes,No,No,Month-to-month,Yes,Bank transfer (automatic),85.4,5869.4,No,3,20,33.86,Ariana
Female,0,Yes,No,71,No,No phone service,DSL,Yes,Yes,Yes,No,No,Two year,Yes,Bank transfer (automatic),47.6,3377.8,No,0,5,148.81,Mahdia
Female,0,Yes,Yes,69,Yes,No,No,No internet service,No internet service,No internet service,No internet service,No internet service,Two year,No,Mailed check,19.4,1346.2,No,4,25,39.55,Tunis
Female,0,No,No,48,Yes,Yes,Fiber optic,No,No,Yes,Yes,Yes,Month-to-month,Yes,Electronic check,103.85,4946.05,No,2,15,144.1,Sfax
Male,0,Yes,No,47,Yes,Yes,Fiber optic,No,Yes,Yes,No,No,Month-to-month,Yes,Bank transfer (automatic),83.35,4065.0,Yes,5,1,42.81,Gabès
Female,0,No,No,2,Yes,Yes,DSL,No,No,No,No,No,Month-to-month,Yes,Electronic check,49.4,106.55,Yes,7,2,16.51,Kasserine
Male,0,No,No,45,Yes,Yes,Fiber optic,Yes,No,Yes,Yes,Yes,Month-to-month,Yes,Credit card (automatic),108.45,4964.7,No,0,22,125.46,Sfax
Male,0,No,No,51,Yes,Yes,Fiber optic,No,Yes,No,No,No,Month-to-month,No,Bank transfer (automatic),81.0,4085.75,No,1,8,51.43,Kef
Female,0,Yes,No,22,Yes,Yes,DSL,Yes,No,No,Yes,Yes,Month-to-month,Yes,Electronic check,79.2,1742.75,Yes,7,4,34.39,Sousse
Male,0,No,No,72,Yes,Yes,DSL,Yes,Yes,Yes,Yes,Yes,Two year,No,Bank transfer (automatic),86.65,6224.8,No,3,25,21.45,Kasserine
Male,0,Yes,Yes,37,Yes,Yes,Fiber optic,No,Yes,Yes,Yes,No,Month-to-month,Yes,Electronic check,92.95,3415.25,No,4,26,21.13,Gafsa
Male,0,Yes,Yes,71,Yes,Yes,DSL,Yes,Yes,Yes,Yes,Yes,Two year,No,Electronic check,90.35,6325.25,No,3,18,127.24,Kef
Male,0,Yes,Yes,7,Yes,No,DSL,No,No,Yes,No,No,Month-to-month,No,Electronic check,48.7,340.25,Yes,8,2,32.28,Sfax
Female,0,No,No,66,Yes,Yes,No,No internet service,No internet service,No internet service,No internet service,No internet service,Two year,Yes,Credit card (automatic),25.15,1683.6,No,2,6,94.15,Ariana
Male,0,Yes,Yes,51,Yes,No,DSL,Yes,No,No,Yes,Yes,One year,Yes,Bank transfer (automatic),76.4,3966.3,No,0,16,14.73,Nabeul
Female,0,Yes,Yes,30,Yes,No,No,No internet service,No internet service,No internet service,No internet service,No internet service,One year,No,Bank transfer (automatic),19.55,608.5,No,1,14,105.35,Sidi Bouzid
Female,0,No,No,34,Yes,Yes,Fiber optic,No,No,No,Yes,No,Month-to-month,No,Electronic check,85.35,2896.6,No,0,29,73.72,Bizerte
Male,0,Yes,Yes,64,Yes,Yes,No,No internet service,No internet service,No internet service,No internet service,No internet service,Two year,Yes,Mailed check,24.8,1514.85,No,3,16,113.05,Bizerte
Male,1,Yes,No,65,Yes,Yes,Fiber optic,No,Yes,Yes,Yes,Yes,One year,Yes,Bank transfer (automatic),103.15,6792.45,No,1,19,118.32,Siliana
Male,0,No,No,47,Yes,Yes,Fiber optic,Yes,Yes,No,Yes,No,Month-to-month,No,Mailed check,100.75,4669.2,No,0,19,147.97,Sfax
Female,0,No,No,1,Yes,No,Fiber optic,Yes,No,No,Yes,Yes,Month-to-month,Yes,Electronic check,95.6,95.6,Yes,10,0,12.04,Tunis
Female,0,No,No,49,Yes,Yes,DSL,Yes,Yes,No,No,No,Month-to-month,Yes,Credit card (automatic),59.75,2934.3,Yes,4,3,38.17,Nabeul
Female,0,Yes,Yes,67,Yes,Yes,Fiber optic,No,Yes,No,Yes,No,Two year,No,Credit card (automatic),94.1,6302.8,No,0,14,145.83,Kef
Male,0,No,Yes,39,Yes,No,No,No internet service,No internet service,No internet service,No internet service,No internet service,One year,No,Bank transfer (automatic),19.35,779.2,No,0,17,32.56,Monastir
Male,0,No,No,14,Yes,No,No,No internet service,No internet service,No internet service,No internet service,No internet service,Month-to-month,No,Mailed check,19.9,283.75,No,3,24,32.1,Sfax
Female,1,No,No,43,Yes,No,Fiber optic,Yes,Yes,No,Yes,Yes,Month-to-month,Yes,Credit card (automatic),108.15,4600.7,Yes,4,1,26.26,Kairouan
Male,1,No,No,56,Yes,Yes,Fiber optic,No,No,Yes,Yes,Yes,Month-to-month,Yes,Electronic check,101.05,5594.0,No,2,23,137.6,Tunis
Female,0,No,No,14,Yes,No,DSL,No,No,No,No,Yes,One year,No,Credit card (automatic),59.1,772.85,No,0,26,108.01,Ariana
Female,0,No,No,1,Yes,No,Fiber optic,No,No,No,No,No,Month-to-month,No,Electronic check,71.35,71.35,Yes,7,5,49.2,Sfax
Male,0,Yes,Yes,16,Yes,No,DSL,Yes,Yes,No,No,No,One year,Yes,Mailed check,55.85,857.8,No,3,14,112.77,Sfax
Male,0,Yes,Yes,70,Yes,Yes,Fiber optic,Yes,Yes,No,Yes,Yes,Month-to-month,Yes,Electronic check,106.05,7554.05,No,3,9,111.46,Ariana
Male,1,Yes,No,72,Yes,Yes,DSL,Yes,Yes,Yes,Yes,Yes,Two year,Yes,Credit card (automatic),84.1,5981.65,No,4,18,149.63,Nabeul
Female,0,Yes,Yes,23,Yes,No,Fiber optic,No,No,Yes,No,No,Month-to-month,Yes,Credit card (automatic),75.3,1702.9,No,4,16,41.69,Monastir
Male,0,No,Yes,21,Yes,Yes,No,No internet service,No internet service,No internet service,No internet service,No internet service,Month-to-month,No,Mailed check,24.7,467.15,No,3,23,46.77,Gabès
Female,0,No,No,1,Yes,No,No,No internet service,No internet service,No internet service,No internet service,No internet service,Month-to-month,Yes,Mailed check,20.15,20.15,Yes,4,1,4.1,Ben Arous
Male,0,No,Yes,1,Yes,No,Fiber optic,No,No,No,No,No,Month-to-month,No,Bank transfer (automatic),69.75,69.75,Yes,5,2,30.9,Tunis
Female,1,Yes,No,32,Yes,Yes,Fiber optic,No,No,No,Yes,Yes,Month-to-month,Yes,Electronic check,93.2,2931.0,Yes,8,0,26.61,Monastir
Male,0,Yes,Yes,17,Yes,No,Fiber optic,No,No,No,Yes,No,Month-to-month,No,Electronic check,80.85,1400.85,Yes,5,3,14.3,Ben Arous
Female,0,No,No,4,No,No phone service,DSL,Yes,Yes,No,No,No,Month-to-month,Yes,Electronic check,33.65,137.85,Yes,5,5,32.51,Tunis
Female,0,No,No,36,Yes,Yes,DSL,No,No,Yes,No,No,One year,No,Electronic check,55.8,1941.5,No,3,9,12.61,Manouba
Female,0,No,No,50,No,No phone service,DSL,No,Yes,Yes,No,No,Two year,No,Credit card (automatic),39.7,1932.75,No,3,24,15.52,Bizerte
Female,0,Yes,Yes,48,No,No phone service,DSL,No,No,No,No,No,Month-to-month,Yes,Credit card (automatic),29.5,1423.05,No,3,24,81.72,Kairouan
Female,0,No,Yes,50,Yes,No,No,No internet service,No internet service,No internet service,No internet service,No internet service,Two year,No,Credit card (automatic),20.15,970.85,No,2,18,140.7,Monastir
Male,0,Yes,No,72,Yes,Yes,DSL,Yes,Yes,Yes,No,Yes,Two year,No,Credit card (automatic),79.55,5810.9,No,3,8,57.57,Tunis
Male,0,No,Yes,10,Yes,Yes,No,No internet service,No internet service,No internet service,No internet service,No internet service,Month-to-month,No,Credit card (automatic),24.8,223.9,No,1,11,45.5,Nabeul
Female,0,No,No,18,Yes,No,No,No internet service,No internet service,No internet service,No internet service,No internet service,Month-to-month,No,Mailed check,19.65,391.7,No,4,5,41.02,Ariana
Male,0,No,No,1,Yes,No,Fiber optic,No,No,No,Yes,No,Month-to-month,Yes,Electronic check,79.95,79.95,Yes,5,3,18.93,Gafsa
Female,0,No,No,1,Yes,No,No,No internet service,No internet service,No internet service,No internet service,No internet service,Month-to-month,No,Electronic check,19.3,19.3,Yes,4,3,0.89,Jendouba
Male,0,No,No,9,Yes,No,Fiber optic,No,No,Yes,Yes,Yes,Month-to-month,Yes,Electronic check,94.05,811.65,No,3,10,53.89,Tunis
Male,0,No,No,2,Yes,Yes,Fiber optic,Yes,No,No,No,Yes,Month-to-month,No,Mailed check,90.75,174.75,No,0,10,63.34,Gabès
Female,0,Yes,No,40,Yes,Yes,Fiber optic,No,No,No,No,No,Month-to-month,Yes,Credit card (automatic),78.85,3126.85,No,2,19,93.98,Tunis
Male,0,Yes,No,69,Yes,Yes,Fiber optic,No,No,Yes,Yes,Yes,One year,No,Bank transfer (automatic),99.5,6841.45,No,2,21,78.26,Ariana
Female,0,Yes,No,37,Yes,Yes,Fiber optic,Yes,No,Yes,No,Yes,One year,Yes,Electronic check,99.2,3754.6,Yes,10,4,47.33,Tunis
Male,0,No,Yes,18,Yes,Yes,Fiber optic,No,No,Yes,No,No,Month-to-month,Yes,Credit card (automatic),80.55,1406.65,No,2,13,36.21,Bizerte
Male,1,Yes,No,11,Yes,No,Fiber optic,No,No,No,No,No,Month-to-month,Yes,Electronic check,70.2,834.7,No,4,20,66.7,Kasserine
Female,0,Yes,No,8,Yes,Yes,Fiber optic,No,No,No,No,Yes,Month-to-month,Yes,Credit card (automatic),85.2,627.4,Yes,10,2,44.19,Gabès
Female,0,No,No,3,Yes,Yes,Fiber optic,No,No,No,No,No,Month-to-month,No,Electronic check,75.25,242.0,Yes,8,3,28.77,Sousse
Male,0,Yes,Yes,55,Yes,No,DSL,Yes,No,No,No,Yes,One year,No,Credit card (automatic),59.45,3157.0,No,0,14,49.25,Ben Arous
Male,0,Yes,No,33,Yes,Yes,Fiber optic,No,Yes,Yes,No,Yes,Month-to-month,Yes,Electronic check,93.35,3092.0,No,4,22,80.62,Médiénine
Female,0,No,No,46,Yes,No,DSL,No,No,No,No,No,Month-to-month,No,Bank transfer (automatic),44.95,2168.9,No,1,15,44.62,Tunis
Male,0,No,No,34,Yes,Yes,No,No internet service,No internet service,No internet service,No internet service,No internet service,Two year,No,Bank transfer (automatic),26.1,980.35,No,2,13,104.26,Kairouan
Female,0,No,No,3,Yes,No,No,No internet service,No internet service,No internet service,No internet service,No internet service,Month-to-month,No,Electronic check,20.2,65.95,No,0,23,109.47,Monastir
Male,0,Yes,Yes,30,Yes,No,No,No internet service,No internet service,No internet service,No internet service,No internet service,Two year,No,Mailed check,21.25,711.9,No,4,5,61.36,Ariana
Female,0,No,No,33,Yes,Yes,DSL,Yes,No,No,No,No,One year,No,Electronic check,59.4,1952.8,No,4,28,82.6,Tunis
Male,0,Yes,Yes,45,Yes,Yes,Fiber optic,No,Yes,Yes,No,Yes,One year,Yes,Credit card (automatic),95.0,4368.85,No,2,10,57.24,Tunis
Male,0,No,No,40,Yes,No,DSL,Yes,Yes,No,No,No,Month-to-month,Yes,Mailed check,61.9,2647.1,No,3,23,93.94,Sfax
Female,0,No,No,71,Yes,Yes,Fiber optic,Yes,Yes,Yes,Yes,Yes,Two year,Yes,Electronic check,118.65,8477.6,No,4,14,18.7,Bizerte
Male,0,No,No,1,Yes,Yes,DSL,No,No,Yes,No,No,Month-to-month,No,Electronic check,54.35,54.35,Yes,4,3,18.8,Sfax
Female,0,Yes,Yes,72,No,No phone service,DSL,Yes,Yes,Yes,Yes,Yes,Two year,No,Bank transfer (automatic),64.45,4528.0,No,4,10,134.03,Tunis
Female,0,Yes,Yes,22,Yes,No,Fiber optic,No,No,No,No,Yes,Month-to-month,Yes,Electronic check,80.15,1790.65,No,4,17,68.4,Tunis
Male,0,Yes,Yes,46,Yes,No,No,No internet service,No internet service,No internet service,No internet service,No internet service,One year,Yes,Bank transfer (automatic),20.2,845.6,No,0,15,114.92,Tunis
Female,0,Yes,Yes,55,Yes,No,No,No internet service,No internet service,No internet service,No internet service,No internet service,Two year,No,Mailed check,21.0,1210.3,No,1,13,56.39,Ben Arous
Male,0,No,No,1,Yes,No,No,No internet service,No internet service,No internet service,No internet service,No internet service,Month-to-month,No,Mailed check,20.45,20.45,No,4,27,143.98,Kairouan
Female,0,No,No,12,Yes,Yes,DSL,No,No,No,Yes,Yes,One year,Yes,Mailed check,75.85,854.45,No,0,6,82.97,Kasserine
Male,0,No,No,31,Yes,Yes,Fiber optic,No,Yes,No,No,No,Month-to-month,Yes,Electronic check,80.45,2429.1,No,1,19,126.73,Kasserine
Male,0,Yes,No,5,No,No phone service,DSL,No,No,No,No,No,Month-to-month,Yes,Electronic check,24.95,100.4,Yes,6,2,34.06,Kairouan
Female,0,Yes,Yes,67,Yes,Yes,DSL,Yes,No,No,Yes,Yes,Two year,Yes,Electronic check,75.5,5229.45,No,0,13,112.04,Monastir
Male,0,No,No,1,Yes,No,DSL,No,No,No,No,No,Month-to-month,No,Mailed check,44.45,44.45,No,1,20,122.06,Monastir
Male,0,Yes,No,40,No,No phone service,DSL,Yes,Yes,Yes,No,No,One year,Yes,Electronic check,42.35,1716.45,Yes,6,4,40.68,Sfax
Male,0,Yes,Yes,41,Yes,Yes,DSL,Yes,Yes,Yes,Yes,No,Month-to-month,Yes,Credit card (automatic),74.55,3023.55,No,2,30,35.5,Kasserine
Male,0,No,No,1,Yes,Yes,Fiber optic,No,No,No,No,No,Month-to-month,Yes,Electronic check,75.3,75.3,Yes,8,2,40.98,Médiénine
Male,0,No,No,51,Yes,Yes,Fiber optic,Yes,Yes,No,Yes,No,One year,Yes,Electronic check,94.8,4837.6,Yes,7,2,37.62,Kasserine
Male,0,Yes,Yes,42,No,No phone service,DSL,Yes,No,Yes,Yes,No,Two year,No,Credit card (automatic),48.15,2032.3,No,0,18,61.92,Ariana
Male,0,Yes,Yes,23,Yes,No,No,No internet service,No internet service,No internet service,No internet service,No internet service,One year,No,Mailed check,19.65,436.9,No,1,25,99.8,Sfax
Female,1,No,No,1,Yes,No,Fiber optic,No,No,No,No,No,Month-to-month,Yes,Electronic check,70.55,70.55,Yes,10,0,5.56,Kairouan
Female,0,No,No,1,Yes,No,No,No internet service,No internet service,No internet service,No internet service,No internet service,Month-to-month,No,Mailed check,20.15,20.15,No,0,12,99.16,Ben Arous
Female,0,No,No,56,Yes,Yes,Fiber optic,Yes,Yes,No,Yes,Yes,Month-to-month,Yes,Credit card (automatic),106.6,5893.95,No,4,5,34.3,Bizerte
Male,0,No,Yes,15,Yes,Yes,Fiber optic,No,Yes,No,Yes,No,Month-to-month,Yes,Electronic check,91.0,1430.05,No,0,22,106.78,Kasserine
Male,0,Yes,Yes,12,Yes,Yes,No,No internet service,No internet service,No internet service,No internet service,No internet service,Two year,Yes,Bank transfer (automatic),25.4,313.0,No,1,12,138.81,Sidi Bouzid
Female,0,Yes,Yes,54,Yes,No,DSL,Yes,No,Yes,No,Yes,Two year,No,Bank transfer (automatic),69.95,3871.85,No,0,16,140.16,Ben Arous
Female,0,No,No,7,Yes,No,DSL,No,No,No,Yes,Yes,Month-to-month,Yes,Electronic check,66.85,458.1,No,4,6,96.37,Nabeul
Female,0,Yes,Yes,33,Yes,Yes,Fiber optic,No,No,No,No,Yes,Month-to-month,No,Credit card (automatic),86.15,2745.7,Yes,10,2,27.33,Ariana
Male,0,Yes,Yes,16,Yes,No,No,No internet service,No internet service,No internet service,No internet service,No internet service,Month-to-month,No,Electronic check,20.15,341.35,No,4,17,68.28,Béja
Female,0,No,Yes,21,Yes,No,DSL,Yes,No,Yes,No,Yes,One year,No,Mailed check,64.85,1336.8,No,2,10,38.21,Sfax
Male,1,Yes,No,30,Yes,Yes,DSL,No,No,Yes,Yes,Yes,Two year,No,Electronic check,74.85,2181.75,No,0,6,48.94,Sfax
Male,0,No,No,3,Yes,No,DSL,No,No,No,No,No,Month-to-month,Yes,Mailed check,50.5,147.75,No,1,10,14.74,Tozeur
Male,0,No,No,11,Yes,No,Fiber optic,No,No,Yes,No,No,Month-to-month,No,Electronic check,72.9,818.45,No,3,13,25.15,Tataouine
Female,0,No,No,62,Yes,Yes,Fiber optic,Yes,Yes,Yes,Yes,Yes,One year,Yes,Credit card (automatic),115.05,7133.45,No,4,27,32.66,Ariana
Male,0,No,No,18,Yes,No,No,No internet service,No internet service,No internet service,No internet service,No internet service,Month-to-month,No,Electronic check,19.0,348.8,No,4,12,136.11,Gafsa
Male,0,No,Yes,6,Yes,No,No,No internet service,No internet service,No internet service,No internet service,No internet service,Month-to-month,No,Mailed check,19.55,128.6,No,1,10,48.98,Médiénine
Female,0,No,No,46,Yes,Yes,Fiber optic,No,No,Yes,Yes,Yes,One year,Yes,Electronic check,101.1,4674.4,No,0,12,28.97,Sousse
Male,0,No,No,21,Yes,Yes,Fiber optic,No,No,No,No,Yes,Month-to-month,Yes,Electronic check,84.1,1737.45,No,0,10,60.59,Sousse
Male,0,No,No,68,Yes,Yes,No,No internet service,No internet service,No internet service,No internet service,No internet service,Two year,Yes,Bank transfer (automatic),24.15,1498.85,No,0,23,138.29,Tataouine
Female,0,No,No,1,Yes,Yes,DSL,No,No,No,No,No,Month-to-month,Yes,Electronic check,50.1,50.1,No,3,18,77.42,Kasserine
Female,0,Yes,No,25,Yes,No,Fiber optic,No,No,Yes,No,No,Month-to-month,Yes,Electronic check,74.6,1797.75,No,2,30,104.07,Kasserine
Female,0,No,Yes,24,Yes,No,No,No internet service,No internet service,No internet service,No internet service,No internet service,Two year,No,Mailed check,19.75,498.1,No,4,8,68.34,Kairouan
Female,0,Yes,No,30,Yes,Yes,Fiber optic,No,No,No,No,Yes,Month-to-month,Yes,Electronic check,85.0,2624.25,Yes,5,2,31.22,Mahdia
Female,0,No,No,2,Yes,No,Fiber optic,No,No,No,No,Yes,Month-to-month,No,Electronic check,80.55,184.1,Yes,10,2,43.39,Bizerte
Male,0,Yes,No,51,Yes,Yes,Fiber optic,No,Yes,Yes,Yes,Yes,One year,Yes,Bank transfer (automatic),106.8,5498.8,No,2,26,102.6,Jendouba
Female,0,Yes,Yes,57,Yes,Yes,DSL,Yes,No,Yes,Yes,Yes,Two year,Yes,Electronic check,84.5,4845.4,No,2,14,36.28,Nabeul
Female,0,No,No,15,Yes,Yes,No,No internet service,No internet service,No internet service,No internet service,No internet service,Two year,No,Bank transfer (automatic),25.05,369.1,No,1,12,53.34,Tunis
Female,0,Yes,Yes,72,Yes,No,DSL,Yes,Yes,Yes,Yes,Yes,Two year,Yes,Bank transfer (automatic),83.7,6096.9,No,1,29,133.88,Sousse
Female,0,No,No,2,Yes,No,Fiber optic,No,No,Yes,No,No,Month-to-month,Yes,Electronic check,75.8,160.75,Yes,7,4,46.76,Gafsa
Male,0,Yes,No,28,Yes,Yes,Fiber optic,No,Yes,Yes,Yes,No,Month-to-month,No,Credit card (automatic),96.6,2684.35,No,0,30,102.87,Sousse
Male,1,Yes,No,29,Yes,Yes,Fiber optic,No,No,Yes,Yes,Yes,Month-to-month,Yes,Electronic check,98.5,3004.15,Yes,4,4,8.57,Sousse
Male,0,Yes,Yes,70,Yes,No,Fiber optic,Yes,Yes,Yes,Yes,No,Two year,Yes,Credit card (automatic),101.1,6994.8,No,2,21,46.37,Tunis
Female,0,No,No,13,Yes,No,No,No internet service,No internet service,No internet service,No internet service,No internet service,One year,No,Mailed check,20.2,273.25,No,3,23,142.52,Nabeul
Female,1,Yes,No,59,Yes,Yes,Fiber optic,Yes,Yes,Yes,No,No,One year,Yes,Electronic check,94.05,5483.9,No,0,5,148.87,Sidi Bouzid
Male,1,Yes,No,13,Yes,Yes,Fiber optic,No,No,No,Yes,Yes,Month-to-month,Yes,Electronic check,95.25,1233.65,Yes,5,0,18.13,Manouba
Male,1,Yes,No,7,Yes,Yes,Fiber optic,No,No,No,No,No,Month-to-month,Yes,Mailed check,74.4,527.9,Yes,8,4,25.43,Gabès
Female,0,Yes,No,62,Yes,No,DSL,Yes,No,Yes,Yes,Yes,Two year,No,Mailed check,81.0,4985.9,No,1,15,70.57,Bizerte
Female,0,No,No,21,Yes,No,DSL,Yes,No,Yes,No,No,One year,Yes,Electronic check,60.25,1258.35,No,4,24,82.94,Tozeur
Female,0,No,No,2,Yes,No,DSL,No,No,Yes,No,Yes,Month-to-month,No,Electronic check,60.85,111.4,No,1,24,132.85,Sidi Bouzid
Female,0,No,No,1,Yes,No,DSL,No,No,No,No,No,Month-to-month,No,Credit card (automatic),43.95,43.95,No,2,28,83.52,Ben Arous
Male,0,No,No,4,Yes,No,Fiber optic,No,No,Yes,No,Yes,Month-to-month,No,Electronic check,86.05,308.1,No,0,25,70.13,Bizerte
Female,0,No,No,19,Yes,No,No,No internet service,No internet service,No internet service,No internet service,No internet service,One year,No,Credit card (automatic),20.25,383.65,No,2,29,77.06,Kef
Female,0,No,No,30,Yes,No,Fiber optic,No,No,No,Yes,No,Month-to-month,No,Electronic check,85.15,2555.9,Yes,4,4,34.92,Nabeul
Male,0,Yes,Yes,67,Yes,No,No,No internet service,No internet service,No internet service,No internet service,No internet service,Two year,Yes,Credit card (automatic),19.4,1284.2,No,4,27,44.49,Tunis
Male,1,Yes,No,72,Yes,Yes,Fiber optic,Yes,Yes,Yes,No,Yes,Two year,Yes,Credit card (automatic),102.65,7550.3,No,0,27,69.44,Médiénine
Male,0,Yes,No,53,Yes,No,No,No internet service,No internet service,No internet service,No internet service,No internet service,Two year,No,Credit card (automatic),19.9,1110.05,No,3,15,82.98,Sfax
Female,0,No,No,5,Yes,No,No,No internet service,No internet service,No internet service,No internet service,No internet service,One year,No,Electronic check,19.55,99.6,No,1,8,84.07,Sfax
Male,1,Yes,No,71,Yes,No,Fiber optic,No,Yes,Yes,No,Yes,Two year,Yes,Credit card (automatic),95.5,6707.15,No,1,19,38.48,Monastir
Female,0,Yes,Yes,50,Yes,Yes,DSL,No,Yes,Yes,Yes,Yes,One year,Yes,Credit card (automatic),84.15,4164.4,No,2,30,128.39,Tunis
Male,0,Yes,Yes,56,Yes,Yes,Fiber optic,No,No,Yes,Yes,Yes,Two year,Yes,Electronic check,103.2,5873.75,No,3,28,88.06,Tunis
Male,0,No,No,2,Yes,No,DSL,No,No,No,No,No,Month-to-month,Yes,Credit card (automatic),50.2,109.25,No,3,13,69.09,Sfax
Female,1,No,No,2,Yes,Yes,Fiber optic,No,No,Yes,No,Yes,Month-to-month,Yes,Electronic check,88.55,179.25,Yes,4,5,29.27,Kasserine
Male,0,Yes,Yes,24,Yes,Yes,DSL,Yes,No,No,No,No,Month-to-month,No,Electronic check,54.75,1338.15,Yes,5,0,40.08,Tunis
Male,0,Yes,Yes,46,Yes,No,No,No internet service,No internet service,No internet service,No internet service,No internet service,Two year,No,Credit card (automatic),19.95,862.4,No,0,28,121.71,Sousse
Male,0,Yes,No,71,Yes,Yes,Fiber optic,Yes,Yes,Yes,Yes,Yes,Two year,Yes,Electronic check,116.25,8564.75,No,3,10,26.03,Sfax
Female,0,No,No,29,No,No phone service,DSL,No,No,No,No,No,Month-to-month,Yes,Electronic check,31.2,926.2,No,4,19,51.07,Sousse
Male,0,Yes,Yes,69,Yes,Yes,No,No internet service,No internet service,No internet service,No internet service,No internet service,Two year,No,Bank transfer (automatic),24.45,1718.2,No,2,9,131.66,Manouba
Male,0,Yes,No,71,Yes,Yes,DSL,No,Yes,Yes,Yes,Yes,Two year,No,Credit card (automatic),84.2,5956.85,No,3,24,73.56,Kairouan
Female,1,No,No,1,Yes,No,Fiber optic,No,No,No,Yes,Yes,Month-to-month,Yes,Electronic check,91.3,91.3,Yes,8,2,3.08,Sidi Bouzid
Male,1,Yes,No,56,Yes,No,DSL,Yes,Yes,Yes,Yes,Yes,Two year,Yes,Bank transfer (automatic),85.65,4824.45,No,2,9,54.96,Sfax
Male,0,No,Yes,56,Yes,No,No,No internet service,No internet service,No internet service,No internet service,No internet service,One year,Yes,Mailed check,21.2,1238.65,No,4,8,27.91,Tunis
Male,0,No,No,1,Yes,No,Fiber optic,No,No,No,Yes,No,Month-to-month,Yes,Electronic check,79.5,79.5,Yes,8,1,2.84,Tunis
Female,0,Yes,No,28,Yes,Yes,No,No internet service,No internet service,No internet service,No internet service,No internet service,One year,No,Mailed check,25.55,672.2,No,3,9,89.74,Monastir
Female,0,Yes,Yes,19,Yes,No,No,No internet service,No internet service,No internet service,No internet service,No internet service,Month-to-month,No,Mailed check,20.2,382.2,No,0,23,94.48,Tunis
Male,0,Yes,No,66,Yes,Yes,DSL,No,No,No,No,Yes,Month-to-month,No,Electronic check,63.85,4264.6,No,3,19,35.26,Ariana
Female,0,Yes,Yes,17,Yes,Yes,DSL,No,No,Yes,No,No,One year,Yes,Mailed check,61.95,1070.7,No,2,22,23.32,Bizerte
Male,0,Yes,Yes,52,Yes,Yes,No,No internet service,No internet service,No internet service,No internet service,No internet service,Two year,No,Mailed check,25.75,1345.85,No,2,15,131.6,Jendouba
Female,0,No,No,19,Yes,No,DSL,No,Yes,No,Yes,No,One year,No,Electronic check,58.2,1045.25,No,4,20,142.24,Ben Arous
Female,0,No,No,36,Yes,No,DSL,Yes,Yes,Yes,Yes,Yes,One year,No,Bank transfer (automatic),85.85,3003.55,No,2,6,55.85,Kairouan
Male,1,Yes,No,7,Yes,No,Fiber optic,No,No,No,No,No,Month-to-month,Yes,Mailed check,70.1,467.55,Yes,8,1,22.84,Sousse
Male,0,Yes,Yes,72,Yes,Yes,Fiber optic,Yes,Yes,Yes,No,Yes,One year,Yes,Credit card (automatic),104.9,7537.5,No,4,16,127.08,Tunis
Male,0,Yes,Yes,67,Yes,Yes,Fiber optic,Yes,Yes,Yes,Yes,Yes,One year,Yes,Electronic check,111.3,7482.1,Yes,10,5,11.19,Monastir
Male,1,No,No,34,Yes,No,Fiber optic,No,Yes,Yes,Yes,Yes,One year,Yes,Electronic check,99.85,3343.15,No,2,5,10.05,Gabès
Male,1,Yes,No,57,Yes,Yes,Fiber optic,No,Yes,Yes,No,Yes,Month-to-month,Yes,Bank transfer (automatic),95.25,5427.05,Yes,7,1,4.86,Nabeul
Female,0,Yes,No,7,Yes,No,Fiber optic,No,No,Yes,Yes,No,Month-to-month,Yes,Electronic check,86.25,587.1,Yes,6,0,6.65,Monastir
Female,1,Yes,No,1,Yes,Yes,Fiber optic,No,No,Yes,Yes,Yes,Month-to-month,Yes,Electronic check,100.8,100.8,Yes,4,3,25.26,Tunis
Male,0,Yes,No,8,Yes,No,No,No internet service,No internet service,No internet service,No internet service,No internet service,Month-to-month,Yes,Bank transfer (automatic),19.55,161.15,No,3,8,77.78,Ariana
Female,0,No,No,69,Yes,Yes,Fiber optic,No,No,Yes,Yes,Yes,Two year,No,Electronic check,104.0,7028.5,No,2,24,142.15,Sfax
Female,0,Yes,No,50,Yes,Yes,Fiber optic,Yes,No,Yes,Yes,Yes,One year,Yes,Mailed check,104.4,5232.9,No,2,28,131.62,Sidi Bouzid
Male,0,No,No,10,Yes,No,No,No internet service,No internet service,No internet service,No internet service,No internet service,One year,No,Mailed check,19.5,225.85,No,3,7,81.98,Tunis
Female,0,Yes,Yes,12,Yes,Yes,No,No internet service,No internet service,No internet service,No internet service,No internet service,Two year,No,Credit card (automatic),25.25,274.7,No,3,18,99.4,Tunis
Female,0,No,No,14,Yes,No,Fiber optic,No,Yes,No,No,Yes,Month-to-month,Yes,Electronic check,86.3,1180.95,Yes,6,4,32.8,Nabeul
Female,0,Yes,No,70,No,No phone service,DSL,Yes,No,Yes,No,Yes,Two year,Yes,Bank transfer (automatic),49.85,3370.2,No,0,24,19.26,Kasserine
Female,1,No,No,64,Yes,Yes,Fiber optic,Yes,No,Yes,Yes,Yes,Month-to-month,Yes,Bank transfer (automatic),108.95,7111.3,No,1,10,15.81,Bizerte
Female,0,Yes,Yes,66,Yes,Yes,DSL,Yes,Yes,Yes,Yes,Yes,Two year,No,Credit card (automatic),89.9,5958.85,No,2,26,36.44,Ben Arous
Female,0,Yes,Yes,71,Yes,No,DSL,Yes,No,Yes,Yes,Yes,Two year,Yes,Credit card (automatic),82.0,5999.85,No,3,14,147.65,Nabeul
Male,1,No,No,20,Yes,No,Fiber optic,No,No,No,Yes,Yes,Month-to-month,No,Electronic check,89.95,1648.45,No,2,11,114.62,Jendouba
Male,0,Yes,No,72,Yes,No,DSL,Yes,Yes,No,Yes,Yes,Two year,Yes,Bank transfer (automatic),79.35,5753.25,No,3,10,47.68,Sfax
Female,0,Yes,Yes,71,Yes,No,DSL,Yes,Yes,Yes,No,No,Two year,No,Credit card (automatic),64.05,4492.9,No,0,13,40.8,Ariana
Male,0,Yes,Yes,38,Yes,Yes,Fiber optic,No,No,Yes,Yes,Yes,Month-to-month,Yes,Credit card (automatic),101.15,3956.7,No,1,21,115.58,Monastir
Female,0,No,No,28,Yes,Yes,Fiber optic,No,Yes,No,No,Yes,Month-to-month,Yes,Electronic check,89.95,2625.55,Yes,10,4,28.64,Mahdia
Male,1,Yes,No,17,Yes,No,Fiber optic,No,Yes,No,No,No,Month-to-month,Yes,Electronic check,76.45,1233.4,Yes,5,1,42.19,Sfax
Male,0,No,No,33,No,No phone service,DSL,No,Yes,No,Yes,No,One year,Yes,Electronic check,39.1,1309.0,No,4,10,62.68,Ariana
Female,0,Yes,Yes,23,No,No phone service,DSL,Yes,No,No,No,No,Two year,No,Mailed check,34.6,813.45,No,2,28,22.79,Béja
Male,0,Yes,Yes,58,Yes,No,No,No internet service,No internet service,No internet service,No internet service,No internet service,One year,Yes,Electronic check,19.55,1108.8,No,4,30,121.39,Médiénine
Female,1,Yes,No,70,Yes,Yes,Fiber optic,No,Yes,No,Yes,Yes,Two year,Yes,Bank transfer (automatic),104.45,7349.35,No,4,26,117.71,Bizerte
Male,0,Yes,No,4,Yes,No,Fiber optic,No,No,No,No,No,Month-to-month,No,Electronic check,70.5,294.2,No,1,29,133.45,Tunis
Male,0,Yes,Yes,45,Yes,No,No,No internet service,No internet service,No internet service,No internet service,No internet service,Two year,No,Mailed check,20.35,929.2,No,3,26,108.06,Sfax
Male,0,No,No,10,Yes,No,Fiber optic,No,No,No,No,No,Month-to-month,Yes,Electronic check,70.0,740.0,Yes,6,3,40.82,Jendouba
Male,0,Yes,Yes,36,Yes,No,No,No internet service,No internet service,No internet service,No internet service,No internet service,Two year,No,Credit card (automatic),19.45,754.5,No,2,25,36.71,Monastir
Male,0,No,No,54,Yes,No,DSL,Yes,Yes,No,Yes,No,Month-to-month,Yes,Mailed check,69.9,3883.3,No,1,26,39.7,Nabeul
Male,0,Yes,Yes,23,Yes,Yes,DSL,No,Yes,No,No,No,Two year,No,Mailed check,59.7,1414.2,No,3,18,66.82,Tunis
Female,0,Yes,Yes,41,Yes,Yes,DSL,Yes,Yes,Yes,Yes,No,One year,Yes,Credit card (automatic),78.35,3211.2,No,1,24,42.39,Tunis
Male,1,No,No,5,Yes,No,Fiber optic,No,No,No,No,No,Month-to-month,Yes,Mailed check,71.45,371.6,No,2,7,13.77,Tunis
Male,0,Yes,Yes,27,No,No phone service,DSL,No,Yes,Yes,No,Yes,One year,Yes,Credit card (automatic),45.85,1246.4,No,1,11,78.87,Tunis
Female,0,No,No,1,Yes,No,Fiber optic,No,No,No,Yes,Yes,Month-to-month,Yes,Electronic check,95.85,95.85,No,0,12,67.09,Sfax
Female,0,Yes,Yes,67,No,No phone service,DSL,Yes,No,No,No,No,Two year,No,Credit card (automatic),35.7,2545.7,No,4,15,14.84,Tunis
Female,1,Yes,Yes,72,Yes,Yes,DSL,Yes,Yes,Yes,Yes,Yes,Two year,Yes,Credit card (automatic),89.55,6448.85,No,3,29,64.27,Sousse
Female,0,Yes,Yes,56,Yes,Yes,No,No internet service,No internet service,No internet service,No internet service,No internet service,Two year,Yes,Credit card (automatic),24.95,1468.9,No,2,15,119.8,Ariana
Male,0,Yes,Yes,44,Yes,Yes,No,No internet service,No internet service,No internet service,No internet service,No internet service,One year,No,Electronic check,24.85,1013.6,No,1,22,29.78,Gabès
Female,1,Yes,No,66,Yes,Yes,Fiber optic,No,Yes,No,Yes,Yes,Month-to-month,Yes,Electronic check,100.8,6690.75,No,0,6,122.68,Kairouan
Female,0,No,No,34,Yes,Yes,DSL,Yes,Yes,No,No,No,One year,Yes,Mailed check,64.4,2088.75,Yes,8,4,10.53,Tunis
Female,0,Yes,No,69,Yes,Yes,Fiber optic,No,No,Yes,Yes,Yes,Two year,No,Bank transfer (automatic),105.35,7240.65,No,1,15,136.02,Ben Arous
Female,0,Yes,Yes,1,Yes,Yes,Fiber optic,Yes,No,Yes,Yes,Yes,Month-to-month,Yes,Electronic check,102.45,102.45,Yes,10,3,41.8,Médiénine
Female,0,No,No,40,Yes,No,No,No internet service,No internet service,No internet service,No internet service,No internet service,Two year,No,Credit card (automatic),19.65,830.25,No,4,5,96.61,Gafsa
Male,0,Yes,Yes,30,Yes,Yes,DSL,Yes,No,No,No,No,Month-to-month,Yes,Bank transfer (automatic),54.45,1588.7,No,3,24,31.03,Tunis
Female,0,No,No,11,Yes,No,DSL,No,No,No,Yes,Yes,Month-to-month,No,Mailed check,70.5,829.3,No,0,21,47.4,Sfax
Female,0,No,No,15,Yes,No,No,No internet service,No internet service,No internet service,No internet service,No internet service,One year,No,Credit card (automatic),20.1,302.45,No,2,5,65.72,Siliana
Male,0,No,No,11,Yes,No,DSL,No,No,Yes,Yes,Yes,Month-to-month,Yes,Electronic check,69.35,712.25,No,3,18,25.7,Sousse
Female,0,Yes,Yes,64,Yes,No,No,No internet service,No internet service,No internet service,No internet service,No internet service,One year,No,Bank transfer (automatic),19.8,1336.65,No,2,12,46.88,Sfax
Male,1,Yes,No,72,Yes,No,DSL,Yes,Yes,Yes,Yes,No,Two year,No,Bank transfer (automatic),74.4,5360.75,No,0,10,32.63,Monastir
Male,1,Yes,No,72,Yes,Yes,Fiber optic,Yes,Yes,Yes,No,No,Two year,Yes,Bank transfer (automatic),93.05,6735.05,No,1,22,19.03,Tunis
Female,0,No,Yes,1,Yes,No,DSL,Yes,No,No,No,No,Month-to-month,No,Mailed check,51.2,51.2,No,3,28,43.15,Kairouan
Female,0,No,Yes,15,Yes,No,DSL,Yes,Yes,Yes,No,No,One year,No,Credit card (automatic),65.6,1010.0,No,1,18,113.98,Gafsa
Female,0,No,No,60,Yes,Yes,DSL,No,No,Yes,Yes,Yes,One year,No,Credit card (automatic),80.55,4847.05,No,1,23,95.05,Ariana
Male,0,No,No,56,Yes,No,DSL,Yes,No,Yes,No,No,One year,No,Mailed check,52.7,3019.7,No,2,12,42.87,Bizerte
Female,0,No,No,8,Yes,No,No,No internet service,No internet service,No internet service,No internet service,No internet service,Two year,No,Mailed check,20.85,161.65,No,1,30,114.67,Sidi Bouzid
Female,0,No,No,3,Yes,No,Fiber optic,No,No,Yes,No,No,Month-to-month,No,Credit card (automatic),80.1,217.55,Yes,7,1,9.44,Gabès
Female,0,Yes,No,49,Yes,Yes,DSL,No,No,No,No,No,Month-to-month,Yes,Credit card (automatic),52.15,2583.75,No,2,25,17.4,Tunis
Female,0,No,No,2,Yes,No,Fiber optic,No,No,No,Yes,No,Month-to-month,Yes,Electronic check,80.2,146.05,Yes,10,5,29.21,Tunis
Female,0,No,No,6,Yes,No,Fiber optic,Yes,Yes,Yes,No,Yes,Month-to-month,Yes,Bank transfer (automatic),98.15,567.45,Yes,6,4,29.08,Monastir
Male,0,No,No,70,Yes,Yes,Fiber optic,Yes,Yes,Yes,Yes,Yes,Two year,Yes,Bank transfer (automatic),114.95,7711.25,No,2,29,77.55,Ben Arous
Male,0,No,No,12,Yes,Yes,Fiber optic,No,Yes,Yes,Yes,Yes,Month-to-month,Yes,Mailed check,112.95,1384.75,Yes,8,5,24.56,Kairouan
Male,1,Yes,No,52,Yes,No,Fiber optic,Yes,No,Yes,Yes,Yes,One year,Yes,Bank transfer (automatic),104.45,5481.25,No,0,16,109.21,Kairouan
Female,0,Yes,No,72,Yes,Yes,Fiber optic,Yes,Yes,Yes,Yes,Yes,Two year,Yes,Credit card (automatic),113.65,8124.2,No,4,17,145.8,Gabès
Female,0,No,No,40,Yes,No,No,No internet service,No internet service,No internet service,No internet service,No internet service,Two year,Yes,Bank transfer (automatic),20.6,827.3,No,4,6,13.73,Sousse
Female,0,No,No,1,Yes,No,Fiber optic,No,No,No,No,No,Month-to-month,No,Mailed check,70.9,70.9,Yes,8,2,1.07,Tunis
Female,1,No,No,3,Yes,No,Fiber optic,No,No,Yes,Yes,No,Month-to-month,Yes,Electronic check,86.85,220.95,Yes,5,4,46.38,Tunis
Female,1,No,No,40,Yes,No,Fiber optic,No,No,No,Yes,Yes,Month-to-month,Yes,Electronic check,91.55,3673.6,No,0,24,54.46,Kasserine
Male,0,No,Yes,1,Yes,No,DSL,No,No,Yes,No,No,Month-to-month,Yes,Electronic check,49.85,49.85,No,4,5,103.76,Ben Arous
Male,0,Yes,No,30,Yes,No,No,No internet service,No internet service,No internet service,No internet service,No internet service,One year,No,Credit card (automatic),19.8,576.65,No,0,13,129.26,Mahdia
Male,0,Yes,Yes,23,Yes,No,Fiber optic,Yes,No,No,Yes,Yes,Month-to-month,Yes,Electronic check,99.85,2331.3,Yes,6,4,39.17,Tunis
Male,0,Yes,Yes,1,Yes,Yes,Fiber optic,No,No,No,No,No,Month-to-month,Yes,Electronic check,74.5,74.5,Yes,10,5,20.53,Sfax
Female,1,Yes,No,44,Yes,Yes,Fiber optic,No,No,Yes,Yes,Yes,Month-to-month,No,Electronic check,104.15,4495.65,No,0,23,31.92,Kasserine
Male,0,No,No,65,Yes,Yes,Fiber optic,No,Yes,Yes,Yes,Yes,Month-to-month,Yes,Electronic check,109.15,6941.2,Yes,7,0,45.05,Tunis
Female,1,No,No,7,Yes,No,DSL,Yes,No,No,No,No,Month-to-month,Yes,Electronic check,48.2,340.35,No,3,24,83.83,Ben Arous
Male,1,No,No,72,Yes,Yes,No,No internet service,No internet service,No internet service,No internet service,No internet service,Two year,Yes,Credit card (automatic),25.1,1789.9,No,1,10,120.14,Ariana
Female,1,No,No,8,Yes,Yes,Fiber optic,No,No,No,Yes,Yes,Month-to-month,Yes,Credit card (automatic),100.15,908.55,No,4,15,47.44,Monastir
Female,0,No,No,16,Yes,Yes,DSL,No,No,Yes,No,Yes,Month-to-month,Yes,Credit card (automatic),65.2,1043.35,Yes,10,5,44.68,Tunis
Male,1,Yes,Yes,66,Yes,Yes,Fiber optic,No,No,Yes,Yes,Yes,Month-to-month,Yes,Credit card (automatic),99.5,6822.15,Yes,7,4,10.4,Béja
Male,0,No,No,1,Yes,No,Fiber optic,No,No,No,No,No,Month-to-month,Yes,Mailed check,71.55,71.55,Yes,4,2,25.56,Ben Arous
Male,0,No,Yes,3,Yes,No,DSL,Yes,No,Yes,No,No,Month-to-month,No,Mailed check,55.9,157.55,No,4,13,40.25,Médiénine
Male,0,Yes,No,53,Yes,Yes,Fiber optic,Yes,No,Yes,No,Yes,Month-to-month,No,Electronic check,93.9,5029.2,Yes,6,2,6.28,Gabès
Male,1,Yes,No,8,Yes,No,DSL,No,No,Yes,No,Yes,Month-to-month,Yes,Credit card (automatic),64.4,581.7,No,0,25,114.92,Kasserine
Male,1,Yes,No,69,Yes,Yes,Fiber optic,No,Yes,Yes,Yes,Yes,Two year,Yes,Bank transfer (automatic),108.4,7318.2,Yes,7,5,37.27,Monastir
Female,0,No,No,5,Yes,No,Fiber optic,No,Yes,No,Yes,No,Month-to-month,Yes,Mailed check,85.3,420.45,No,3,30,99.77,Sfax
Female,0,Yes,Yes,72,Yes,Yes,Fiber optic,Yes,No,Yes,Yes,Yes,Two year,No,Mailed check,107.45,7576.7,No,4,19,122.56,Bizerte
Female,0,Yes,No,13,No,No phone service,DSL,No,No,Yes,Yes,Yes,Month-to-month,Yes,Bank transfer (automatic),48.75,633.4,Yes,9,2,39.4,Siliana
Female,0,No,No,4,Yes,Yes,Fiber optic,No,No,No,Yes,No,Month-to-month,Yes,Electronic check,85.65,321.65,Yes,4,2,34.09,Bizerte
Female,0,Yes,Yes,54,Yes,Yes,DSL,Yes,Yes,Yes,Yes,Yes,Two year,No,Credit card (automatic),91.3,4965.0,No,4,30,91.13,Ariana
Male,0,Yes,No,72,Yes,Yes,DSL,No,Yes,Yes,Yes,Yes,Two year,No,Bank transfer (automatic),85.95,6151.9,No,3,30,23.07,Tunis
Male,0,No,No,12,Yes,Yes,Fiber optic,No,Yes,Yes,Yes,Yes,Month-to-month,Yes,Electronic check,106.7,1253.9,Yes,7,4,37.66,Gabès
Male,0,No,No,1,No,No phone service,DSL,No,No,No,No,No,Month-to-month,Yes,Electronic check,25.15,25.15,Yes,10,3,18.76,Ben Arous
Male,1,No,No,1,Yes,No,DSL,No,No,No,No,No,Month-to-month,No,Electronic check,45.2,45.2,No,2,13,23.88,Sfax
Female,0,Yes,No,54,Yes,Yes,Fiber optic,No,Yes,Yes,Yes,Yes,One year,No,Electronic check,110.35,5893.15,Yes,5,5,39.34,Mahdia
Male,0,Yes,Yes,69,Yes,Yes,Fiber optic,No,No,Yes,No,No,Two year,Yes,Credit card (automatic),79.2,5420.65,No,2,19,63.95,Jendouba
Female,0,No,No,48,Yes,No,DSL,Yes,Yes,No,No,No,Two year,No,Credit card (automatic),55.5,2627.35,No,0,23,101.73,Zaghouan
Female,0,Yes,Yes,48,Yes,Yes,Fiber optic,Yes,Yes,No,Yes,Yes,One year,Yes,Credit card (automatic),103.25,5037.55,Yes,5,0,17.95,Kairouan
Female,0,Yes,No,8,Yes,Yes,Fiber optic,No,No,No,No,Yes,Month-to-month,Yes,Electronic check,90.25,743.75,No,4,29,113.74,Nabeul
Male,0,Yes,Yes,71,Yes,Yes,DSL,Yes,Yes,Yes,Yes,Yes,Two year,Yes,Mailed check,91.25,6589.6,No,1,21,61.2,Zaghouan
Male,0,No,No,2,Yes,No,DSL,Yes,No,No,No,No,Month-to-month,Yes,Electronic check,47.8,92.45,Yes,7,4,19.8,Ben Arous
Male,0,Yes,No,67,Yes,No,Fiber optic,Yes,Yes,No,Yes,Yes,One year,Yes,Credit card (automatic),100.9,6733.15,No,1,6,122.35,Nabeul
Male,0,Yes,Yes,34,Yes,Yes,Fiber optic,No,Yes,No,Yes,Yes,Month-to-month,Yes,Bank transfer (automatic),97.7,3410.0,No,4,7,135.89,Monastir
Female,0,No,No,3,Yes,No,Fiber optic,No,No,No,No,No,Month-to-month,Yes,Electronic check,69.85,199.85,No,3,27,49.81,Monastir
Female,0,Yes,Yes,9,Yes,No,DSL,No,Yes,No,Yes,No,One year,Yes,Mailed check,65.6,593.3,No,0,9,72.64,Kef
Male,0,Yes,Yes,71,Yes,No,Fiber optic,Yes,Yes,Yes,Yes,Yes,One year,Yes,Bank transfer (automatic),104.65,7288.4,No,2,29,11.16,Tataouine
Male,0,No,No,57,Yes,Yes,Fiber optic,No,No,No,Yes,No,Two year,Yes,Credit card (automatic),90.45,5229.8,No,4,20,66.66,Tunis
Male,0,No,No,72,No,No phone service,DSL,Yes,Yes,Yes,Yes,Yes,Two year,Yes,Bank transfer (automatic),63.7,4464.8,No,3,26,39.81,Bizerte
Female,1,Yes,Yes,48,Yes,No,Fiber optic,Yes,No,Yes,Yes,Yes,Month-to-month,Yes,Electronic check,104.5,5068.05,No,4,27,122.86,Kairouan
Male,0,No,No,18,Yes,No,No,No internet service,No internet service,No internet service,No internet service,No internet service,One year,No,Mailed check,20.1,401.85,No,0,12,37.64,Sousse
Male,0,Yes,Yes,43,Yes,Yes,Fiber optic,No,No,Yes,Yes,Yes,One year,Yes,Credit card (automatic),104.3,4451.85,No,4,22,106.49,Kef
Female,0,Yes,Yes,72,Yes,Yes,DSL,Yes,Yes,Yes,Yes,Yes,Two year,Yes,Bank transfer (automatic),93.25,6688.95,No,1,12,56.05,Kasserine
Male,0,Yes,Yes,35,Yes,Yes,DSL,No,No,No,Yes,Yes,One year,Yes,Bank transfer (automatic),73.45,2661.1,No,1,24,51.6,Sfax
Male,0,No,No,4,Yes,No,No,No internet service,No internet service,No internet service,No internet service,No internet service,Month-to-month,No,Mailed check,20.7,73.05,No,3,12,103.99,Monastir
Female,0,Yes,Yes,49,Yes,Yes,No,No internet service,No internet service,No internet service,No internet service,No internet service,Two year,No,Mailed check,25.25,1211.65,No,2,5,128.83,Ariana
Female,0,Yes,Yes,71,Yes,Yes,Fiber optic,Yes,Yes,Yes,Yes,No,Two year,No,Bank transfer (automatic),100.5,7030.65,No,2,8,146.36,Kairouan
Male,0,Yes,Yes,11,Yes,No,Fiber optic,No,No,No,Yes,Yes,Month-to-month,No,Electronic check,90.6,1020.2,No,4,11,18.75,Manouba
Male,0,Yes,Yes,63,Yes,Yes,DSL,Yes,Yes,Yes,Yes,Yes,Two year,Yes,Credit card (automatic),89.4,5597.65,No,0,17,113.01,Tunis
Female,1,No,No,65,Yes,Yes,Fiber optic,No,Yes,Yes,Yes,No,Month-to-month,Yes,Bank transfer (automatic),95.45,6223.3,No,2,6,121.1,Sfax
Female,0,No,Yes,49,Yes,No,No,No internet service,No internet service,No internet service,No internet service,No internet service,Two year,No,Credit card (automatic),20.45,1024.65,No,2,19,10.57,Zaghouan
Female,0,No,No,29,Yes,Yes,Fiber optic,No,No,Yes,Yes,Yes,Month-to-month,Yes,Credit card (automatic),98.6,2933.2,Yes,6,1,13.26,Sfax
Female,1,Yes,No,15,Yes,Yes,Fiber optic,No,No,Yes,No,No,Month-to-month,Yes,Electronic check,83.05,1258.3,Yes,8,1,0.87,Kairouan
Female,0,Yes,Yes,4,Yes,No,No,No internet service,No internet service,No internet service,No internet service,No internet service,Month-to-month,Yes,Electronic check,19.95,82.9,No,3,14,72.62,Sfax
Female,0,Yes,No,72,Yes,Yes,Fiber optic,No,Yes,Yes,Yes,Yes,One year,No,Credit card (automatic),109.15,7789.6,No,4,8,121.61,Kairouan
Female,1,Yes,No,26,Yes,No,Fiber optic,No,No,Yes,Yes,No,Month-to-month,Yes,Credit card (automatic),85.7,2067.0,No,2,17,82.46,Manouba
Female,1,Yes,No,35,Yes,Yes,Fiber optic,No,No,Yes,Yes,Yes,Month-to-month,No,Bank transfer (automatic),102.05,3452.55,No,3,15,89.75,Manouba
Female,0,No,No,57,Yes,Yes,Fiber optic,No,Yes,No,No,Yes,One year,No,Electronic check,94.7,5468.95,No,0,14,41.13,Kairouan
Male,0,Yes,Yes,28,Yes,Yes,DSL,No,Yes,No,No,Yes,Month-to-month,No,Electronic check,64.4,1802.15,No,3,17,16.46,Sousse
Female,0,Yes,No,25,Yes,Yes,No,No internet service,No internet service,No internet service,No internet service,No internet service,One year,Yes,Mailed check,26.8,733.55,No,3,17,37.0,Kairouan
Female,0,Yes,No,47,Yes,No,DSL,Yes,No,Yes,Yes,No,One year,Yes,Credit card (automatic),66.05,3021.45,No,1,29,102.2,Monastir
Female,0,Yes,Yes,57,Yes,Yes,DSL,Yes,Yes,No,No,No,Month-to-month,No,Bank transfer (automatic),65.2,3687.85,No,4,18,95.89,Zaghouan
Male,1,Yes,No,16,Yes,Yes,Fiber optic,No,No,No,Yes,No,Month-to-month,Yes,Credit card (automatic),85.05,1391.15,No,1,27,38.33,Gabès
Male,0,No,No,5,Yes,No,DSL,Yes,No,Yes,No,No,Month-to-month,Yes,Mailed check,55.8,274.35,No,1,20,60.92,Bizerte
Male,0,Yes,No,17,Yes,No,Fiber optic,No,No,No,No,No,Month-to-month,Yes,Bank transfer (automatic),70.4,1214.05,Yes,7,4,43.02,Jendouba
Female,1,No,No,56,Yes,Yes,Fiber optic,No,Yes,Yes,Yes,Yes,One year,Yes,Bank transfer (automatic),104.75,5510.65,Yes,5,4,15.09,Gafsa
Male,0,Yes,Yes,72,Yes,No,No,No internet service,No internet service,No internet service,No internet service,No internet service,Two year,No,Bank transfer (automatic),19.95,1322.85,No,4,20,61.66,Tunis
Female,1,No,No,21,Yes,Yes,Fiber optic,No,No,No,Yes,Yes,Month-to-month,Yes,Electronic check,94.25,1973.75,Yes,7,1,7.46,Monastir
Female,0,Yes,Yes,48,No,No phone service,DSL,Yes,No,Yes,No,Yes,One year,No,Credit card (automatic),45.0,2196.3,No,1,9,143.34,Ariana
Female,0,Yes,No,68,Yes,Yes,Fiber optic,Yes,Yes,Yes,Yes,Yes,Two year,No,Bank transfer (automatic),114.9,7843.55,No,2,6,11.79,Kasserine
Female,0,No,No,30,Yes,Yes,Fiber optic,Yes,No,No,Yes,Yes,Month-to-month,No,Bank transfer (automatic),106.4,3211.9,No,2,15,93.16,Bizerte
Female,0,Yes,No,3,Yes,No,DSL,No,No,No,No,No,Month-to-month,Yes,Mailed check,46.1,130.15,No,2,12,75.21,Médiénine
Female,1,No,No,14,No,No phone service,DSL,Yes,No,Yes,No,No,Two year,No,Mailed check,39.7,692.35,No,2,28,20.67,Sfax
Female,0,No,Yes,4,Yes,No,No,No internet service,No internet service,No internet service,No internet service,No internet service,Month-to-month,Yes,Bank transfer (automatic),20.05,85.5,No,2,29,121.3,Nabeul
Female,0,Yes,Yes,71,Yes,Yes,Fiber optic,No,Yes,Yes,No,Yes,Two year,Yes,Credit card (automatic),95.75,6849.4,No,4,20,132.98,Zaghouan
Male,0,Yes,Yes,8,Yes,Yes,No,No internet service,No internet service,No internet service,No internet service,No internet service,One year,No,Mailed check,24.4,203.95,No,0,15,45.76,Mahdia
Male,0,Yes,Yes,61,No,No phone service,DSL,Yes,No,Yes,No,No,Month-to-month,No,Bank transfer (automatic),33.6,2117.2,No,1,13,145.74,Gabès
Male,0,Yes,Yes,72,Yes,Yes,Fiber optic,No,Yes,Yes,No,No,Two year,No,Bank transfer (automatic),90.45,6565.85,No,2,21,20.25,Tunis
Female,0,No,No,5,Yes,Yes,Fiber optic,No,No,No,Yes,No,Month-to-month,Yes,Electronic check,84.0,424.75,No,3,25,79.85,Sfax
Female,0,No,No,49,Yes,No,DSL,Yes,Yes,Yes,No,No,Two year,No,Bank transfer (automatic),67.4,3306.85,No,1,5,14.82,Tunis
Male,0,No,No,8,Yes,No,No,No internet service,No internet service,No internet service,No internet service,No internet service,Month-to-month,Yes,Bank transfer (automatic),19.7,168.9,No,0,5,129.02,Sousse
Male,0,No,No,3,Yes,No,Fiber optic,No,No,No,No,Yes,Month-to-month,Yes,Electronic check,80.35,253.8,No,1,12,22.68,Kairouan
Male,0,Yes,Yes,9,Yes,No,No,No internet service,No internet service,No internet service,No internet service,No internet service,Two year,No,Mailed check,19.6,197.4,No,2,20,54.94,Bizerte
Male,0,Yes,Yes,67,Yes,No,DSL,Yes,Yes,No,No,No,Two year,Yes,Bank transfer (automatic),54.2,3838.2,No,0,11,112.44,Ben Arous
Male,0,No,No,46,Yes,No,DSL,No,No,No,No,No,Month-to-month,Yes,Credit card (automatic),45.2,2065.15,No,4,24,117.41,Tunis
Female,0,Yes,No,67,Yes,Yes,DSL,Yes,Yes,Yes,No,Yes,One year,No,Mailed check,75.1,5064.45,No,2,8,23.76,Jendouba
Female,0,Yes,No,55,Yes,No,No,No internet service,No internet service,No internet service,No internet service,No internet service,One year,No,Electronic check,19.7,1140.05,No,0,22,128.94,Kef
Male,0,Yes,No,33,Yes,Yes,DSL,Yes,Yes,Yes,Yes,No,Month-to-month,Yes,Bank transfer (automatic),72.75,2447.45,No,2,16,94.29,Siliana
Male,0,Yes,Yes,62,Yes,No,No,No internet service,No internet service,No internet service,No internet service,No internet service,Two year,No,Credit card (automatic),20.05,1263.9,No,4,9,16.45,Bizerte
Female,0,No,Yes,1,Yes,No,DSL,No,No,No,No,No,Month-to-month,No,Mailed check,45.95,45.95,Yes,4,4,43.74,Sfax
Male,0,Yes,Yes,49,No,No phone service,DSL,Yes,No,No,No,Yes,Month-to-month,Yes,Electronic check,39.2,1838.15,No,2,5,14.94,Nabeul
Male,0,No,No,1,Yes,No,DSL,No,No,No,No,No,Month-to-month,Yes,Electronic check,44.75,44.75,No,4,21,115.78,Tunis
Male,0,Yes,No,14,Yes,Yes,Fiber optic,No,Yes,Yes,No,No,Month-to-month,Yes,Electronic check,82.65,1185.0,No,1,9,92.06,Bizerte
Male,1,No,No,18,Yes,Yes,Fiber optic,No,No,Yes,Yes,No,Month-to-month,No,Bank transfer (automatic),93.9,1743.9,No,2,25,86.58,Gabès
Female,1,No,No,1,Yes,No,Fiber optic,No,No,No,No,No,Month-to-month,Yes,Electronic check,70.15,70.15,Yes,10,1,1.44,Tunis
Female,0,No,No,1,Yes,No,Fiber optic,No,No,Yes,Yes,No,Month-to-month,Yes,Credit card (automatic),85.55,85.55,Yes,5,3,31.05,Siliana
Female,0,Yes,No,72,Yes,Yes,Fiber optic,Yes,Yes,Yes,Yes,Yes,Two year,Yes,Credit card (automatic),117.15,8529.5,No,1,6,125.3,Bizerte
Male,0,No,No,64,Yes,Yes,Fiber optic,Yes,No,Yes,No,Yes,Two year,No,Credit card (automatic),99.25,6549.45,No,0,9,107.2,Sousse
Male,0,Yes,No,69,Yes,Yes,Fiber optic,Yes,Yes,Yes,Yes,Yes,Two year,Yes,Bank transfer (automatic),112.55,7806.5,No,2,30,137.93,Kef
Female,0,No,No,1,Yes,Yes,No,No internet service,No internet service,No internet service,No internet service,No internet service,Month-to-month,Yes,Electronic check,25.7,25.7,No,2,14,96.43,Sfax
Male,0,Yes,Yes,71,Yes,Yes,DSL,Yes,Yes,Yes,Yes,Yes,Two year,No,Credit card (automatic),90.3,6287.3,No,0,27,98.68,Jendouba
Female,0,Yes,Yes,66,Yes,No,DSL,No,No,No,No,No,One year,Yes,Credit card (automatic),49.4,3251.85,No,4,19,73.28,Tunis
Male,0,No,No,2,Yes,No,No,No internet service,No internet service,No internet service,No internet service,No internet service,Month-to-month,No,Mailed check,19.4,50.6,No,4,18,49.5,Tunis
Female,1,Yes,No,71,Yes,No,Fiber optic,Yes,Yes,Yes,Yes,Yes,Two year,Yes,Bank transfer (automatic),109.7,7904.25,No,1,6,18.24,Kef
Male,0,No,No,11,Yes,No,DSL,No,Yes,No,Yes,No,One year,Yes,Electronic check,61.25,729.95,No,2,24,118.53,Kairouan
Male,0,No,Yes,47,Yes,No,DSL,Yes,Yes,No,No,No,Month-to-month,Yes,Electronic check,55.3,2654.05,No,2,21,37.49,Kebili
Female,0,Yes,No,35,Yes,No,Fiber optic,No,No,No,No,No,Month-to-month,Yes,Electronic check,70.3,2416.55,Yes,8,1,27.87,Kairouan
Male,1,Yes,No,32,Yes,Yes,Fiber optic,No,Yes,Yes,Yes,Yes,Month-to-month,No,Bank transfer (automatic),106.35,3520.75,Yes,4,1,21.24,Tunis
Male,0,Yes,Yes,60,Yes,Yes,Fiber optic,No,Yes,No,Yes,Yes,Month-to-month,Yes,Bank transfer (automatic),103.75,5969.95,No,2,25,59.64,Médiénine
Male,0,No,No,11,Yes,No,No,No internet service,No internet service,No internet service,No internet service,No internet service,One year,No,Mailed check,19.5,226.8,No,3,15,107.24,Tunis
Female,0,No,No,29,No,No phone service,DSL,Yes,Yes,No,No,No,One year,No,Credit card (automatic),39.5,1082.75,No,3,19,88.18,Mahdia
Male,0,Yes,Yes,21,No,No phone service,DSL,No,No,No,No,No,Month-to-month,Yes,Electronic check,26.05,565.75,No,2,20,110.05,Kairouan
Male,1,Yes,No,48,Yes,Yes,Fiber optic,No,No,Yes,No,Yes,Month-to-month,Yes,Credit card (automatic),91.05,4370.75,No,4,6,85.6,Gafsa
Female,0,No,Yes,3,No,No phone service,DSL,No,Yes,No,No,No,Month-to-month,No,Mailed check,29.65,90.05,No,1,16,113.38,Tunis
Female,0,Yes,Yes,43,Yes,No,DSL,No,Yes,No,No,No,Month-to-month,No,Mailed check,50.2,2169.4,No,1,26,68.32,Sousse
Male,0,No,No,5,Yes,Yes,Fiber optic,No,Yes,Yes,Yes,Yes,Month-to-month,No,Electronic check,105.3,550.6,No,4,27,122.03,Ben Arous
Female,0,No,No,1,Yes,No,DSL,No,No,No,No,Yes,Month-to-month,Yes,Electronic check,55.45,55.45,No,4,18,132.93,Sfax
Male,0,Yes,Yes,71,Yes,Yes,DSL,Yes,No,Yes,Yes,Yes,One year,No,Electronic check,85.45,6300.85,No,1,29,33.39,Siliana
Female,0,Yes,Yes,8,Yes,No,No,No internet service,No internet service,No internet service,No internet service,No internet service,One year,No,Electronic check,19.8,160.05,No,0,28,101.26,Tunis
Male,0,No,No,8,Yes,Yes,DSL,No,No,No,Yes,No,Month-to-month,Yes,Electronic check,59.25,436.6,No,0,16,145.74,Nabeul
Male,0,No,No,20,Yes,Yes,Fiber optic,No,No,Yes,Yes,No,Month-to-month,Yes,Credit card (automatic),90.7,1781.35,No,3,15,93.33,Béja
Female,0,Yes,Yes,33,Yes,Yes,Fiber optic,Yes,No,Yes,Yes,Yes,One year,Yes,Mailed check,103.7,3467.0,Yes,5,5,40.9,Gafsa
Male,0,No,No,71,Yes,Yes,Fiber optic,No,Yes,No,No,No,One year,Yes,Credit card (automatic),79.05,5552.5,No,3,21,106.92,Ben Arous
Female,1,Yes,No,31,Yes,Yes,Fiber optic,No,No,Yes,Yes,No,One year,Yes,Electronic check,90.7,2835.5,No,4,8,119.83,Tunis
Female,1,Yes,No,38,Yes,Yes,Fiber optic,Yes,Yes,No,No,Yes,One year,No,Credit card (automatic),95.0,3591.25,No,0,24,108.64,Siliana
Male,0,No,No,1,Yes,No,Fiber optic,No,No,No,Yes,Yes,Month-to-month,Yes,Electronic check,88.35,88.35,Yes,9,1,45.4,Sidi Bouzid
Female,0,Yes,Yes,2,No,No phone service,DSL,No,Yes,No,No,No,Month-to-month,Yes,Mailed check,30.25,63.75,No,2,7,133.88,Tunis
Female,0,Yes,No,12,No,No phone service,DSL,No,No,Yes,Yes,Yes,Month-to-month,Yes,Bank transfer (automatic),49.85,617.15,No,0,12,138.69,Jendouba
Female,0,No,Yes,9,Yes,No,Fiber optic,Yes,No,Yes,No,Yes,Month-to-month,No,Bank transfer (automatic),93.0,870.25,No,1,27,122.58,Nabeul
Male,1,No,Yes,11,Yes,No,DSL,No,Yes,No,No,No,Month-to-month,Yes,Electronic check,54.55,601.25,No,4,6,21.27,Kasserine
Male,0,No,Yes,6,Yes,No,No,No internet service,No internet service,No internet service,No internet service,No internet service,Month-to-month,No,Mailed check,19.7,111.65,No,1,27,61.25,Kasserine
Female,0,Yes,No,71,Yes,No,DSL,Yes,Yes,Yes,Yes,Yes,One year,Yes,Bank transfer (automatic),84.8,6046.1,No,1,9,145.64,Médiénine
Female,0,Yes,Yes,42,Yes,Yes,Fiber optic,Yes,Yes,No,Yes,No,One year,Yes,Credit card (automatic),94.45,3923.8,No,1,20,97.06,Tunis
Female,0,Yes,Yes,8,Yes,No,Fiber optic,No,No,Yes,Yes,Yes,Month-to-month,Yes,Electronic check,94.2,777.3,Yes,10,1,5.22,Siliana
Female,0,No,No,5,Yes,No,Fiber optic,No,Yes,No,Yes,Yes,Month-to-month,Yes,Electronic check,96.25,512.45,Yes,6,1,13.08,Ben Arous
Female,0,Yes,No,2,Yes,No,Fiber optic,No,No,No,No,No,Month-to-month,Yes,Electronic check,70.7,141.45,Yes,5,5,11.49,Tunis
Female,0,Yes,Yes,45,Yes,No,No,No internet service,No internet service,No internet service,No internet service,No internet service,Two year,No,Mailed check,20.85,892.15,No,3,13,98.18,Kebili
Male,0,Yes,Yes,28,No,No phone service,DSL,No,Yes,Yes,Yes,Yes,One year,Yes,Credit card (automatic),60.0,1682.05,No,3,20,16.3,Tunis
Female,0,Yes,No,43,Yes,Yes,Fiber optic,No,Yes,No,No,No,Month-to-month,No,Electronic check,80.45,3398.9,No,1,10,55.53,Zaghouan
Male,0,No,Yes,60,Yes,Yes,DSL,Yes,No,Yes,Yes,Yes,Two year,Yes,Electronic check,84.95,4984.85,No,0,20,120.66,Jendouba
Female,0,Yes,No,42,No,No phone service,DSL,No,Yes,No,No,No,One year,No,Mailed check,33.55,1445.3,Yes,5,2,19.5,Bizerte
Male,0,Yes,Yes,7,No,No phone service,DSL,Yes,No,Yes,No,Yes,Two year,No,Credit card (automatic),49.65,305.55,No,0,17,146.61,Monastir
Female,0,Yes,No,25,Yes,No,No,No internet service,No internet service,No internet service,No internet service,No internet service,One year,Yes,Bank transfer (automatic),20.2,507.9,No,3,20,33.24,Tunis
Female,1,Yes,Yes,40,Yes,Yes,Fiber optic,No,No,No,Yes,Yes,Month-to-month,Yes,Credit card (automatic),94.55,3640.45,Yes,5,0,4.33,Kef
Male,0,No,No,27,Yes,Yes,Fiber optic,No,No,Yes,Yes,Yes,One year,Yes,Bank transfer (automatic),100.5,2673.45,No,1,22,142.99,Monastir
Male,0,No,No,10,No,No phone service,DSL,No,Yes,No,No,No,Month-to-month,No,Electronic check,35.75,389.8,No,4,17,89.75,Béja
Female,1,No,No,27,Yes,Yes,Fiber optic,No,Yes,Yes,No,No,Month-to-month,Yes,Bank transfer (automatic),86.45,2401.05,No,1,19,81.48,Gafsa
Female,0,No,No,11,Yes,No,DSL,No,No,Yes,No,No,One year,No,Bank transfer (automatic),53.8,651.55,No,4,13,117.41,Tunis
Male,0,Yes,Yes,4,No,No phone service,DSL,Yes,No,No,Yes,No,Month-to-month,No,Credit card (automatic),38.55,156.1,No,2,21,121.01,Tataouine
Male,0,No,No,68,No,No phone service,DSL,No,No,Yes,No,Yes,Month-to-month,Yes,Bank transfer (automatic),39.9,2796.35,No,2,30,116.53,Mahdia
Male,1,No,No,1,Yes,No,Fiber optic,No,No,No,No,No,Month-to-month,Yes,Electronic check,70.05,70.05,No,2,11,101.02,Sfax
Female,0,No,No,18,Yes,No,No,No internet service,No internet service,No internet service,No internet service,No internet service,One year,No,Mailed check,20.1,407.05,No,3,29,84.61,Sousse
Female,0,No,No,57,Yes,Yes,Fiber optic,Yes,Yes,Yes,Yes,Yes,Two year,Yes,Bank transfer (automatic),112.95,6465.0,Yes,7,4,9.64,Béja
Male,0,No,No,26,Yes,No,No,No internet service,No internet service,No internet service,No internet service,No internet service,Month-to-month,Yes,Electronic check,20.3,511.25,No,2,13,90.8,Sidi Bouzid
Female,0,Yes,No,17,No,No phone service,DSL,No,Yes,Yes,No,No,Month-to-month,Yes,Credit card (automatic),35.65,646.05,No,0,9,48.05,Gabès
Male,0,No,No,1,No,No phone service,DSL,No,No,No,No,Yes,Month-to-month,No,Electronic check,35.9,35.9,Yes,8,0,15.97,Sousse
Male,0,No,Yes,38,Yes,Yes,Fiber optic,No,No,Yes,Yes,Yes,Month-to-month,Yes,Bank transfer (automatic),99.25,3777.15,Yes,10,5,9.5,Kef
Male,1,Yes,No,59,Yes,No,Fiber optic,Yes,Yes,Yes,No,No,One year,Yes,Credit card (automatic),82.95,4903.15,No,3,25,82.21,Tunis
Male,0,No,No,30,Yes,No,DSL,Yes,No,Yes,No,No,Two year,Yes,Mailed check,55.65,1653.85,No,0,30,138.28,Béja
Male,1,No,No,2,No,No phone service,DSL,No,No,No,No,No,Month-to-month,Yes,Mailed check,24.45,47.5,Yes,7,2,41.03,Tunis
Female,1,Yes,No,50,Yes,Yes,No,No internet service,No internet service,No internet service,No internet service,No internet service,One year,No,Electronic check,25.2,1306.3,No,0,5,111.15,Kairouan
Male,0,No,No,9,No,No phone service,DSL,Yes,No,Yes,No,Yes,One year,No,Mailed check,50.8,463.6,No,1,11,45.69,Ben Arous
Female,0,Yes,Yes,3,Yes,No,No,No internet service,No internet service,No internet service,No internet service,No internet service,Month-to-month,No,Mailed check,19.65,60.65,No,1,22,84.21,Tunis
Female,0,No,Yes,14,Yes,No,DSL,No,No,Yes,Yes,No,Month-to-month,Yes,Credit card (automatic),59.8,824.85,No,0,27,96.47,Gabès
Female,1,No,No,31,Yes,No,Fiber optic,Yes,No,No,No,No,Month-to-month,Yes,Credit card (automatic),73.55,2094.65,No,0,25,33.18,Siliana
Female,0,No,No,7,Yes,No,DSL,Yes,Yes,Yes,No,No,Month-to-month,No,Electronic check,61.4,438.9,No,1,5,119.48,Kairouan
Female,0,No,No,8,Yes,Yes,Fiber optic,Yes,No,No,Yes,Yes,Month-to-month,Yes,Bank transfer (automatic),103.35,847.3,Yes,5,0,16.29,Gafsa
Male,0,Yes,Yes,17,Yes,No,No,No internet service,No internet service,No internet service,No internet service,No internet service,One year,No,Bank transfer (automatic),19.9,329.75,No,1,11,87.17,Sfax
Male,0,Yes,Yes,32,Yes,No,No,No internet service,No internet service,No internet service,No internet service,No internet service,Month-to-month,Yes,Credit card (automatic),19.45,674.55,No,3,6,37.76,Kairouan
Female,1,No,No,2,Yes,No,Fiber optic,No,No,No,Yes,No,Month-to-month,No,Mailed check,81.5,162.55,No,0,7,139.4,Kairouan
Male,1,No,No,7,Yes,Yes,Fiber optic,No,No,No,Yes,No,Month-to-month,Yes,Electronic check,84.8,546.95,Yes,9,2,16.07,Kef
Female,0,Yes,Yes,72,Yes,Yes,Fiber optic,Yes,Yes,Yes,Yes,Yes,Two year,No,Credit card (automatic),109.55,7887.25,No,0,29,149.55,Sfax
Female,1,No,No,31,Yes,Yes,Fiber optic,No,Yes,No,Yes,Yes,Month-to-month,Yes,Electronic check,99.95,3186.65,Yes,6,3,29.43,Nabeul
Female,0,Yes,Yes,27,Yes,No,Fiber optic,Yes,No,No,No,No,Month-to-month,No,Mailed check,74.4,1972.35,No,1,29,38.64,Kairouan
Female,0,No,No,18,Yes,Yes,Fiber optic,No,Yes,No,Yes,No,Month-to-month,Yes,Credit card (automatic),90.0,1527.35,Yes,6,5,14.7,Médiénine
Male,0,No,No,7,Yes,No,Fiber optic,No,No,Yes,No,No,Month-to-month,Yes,Electronic check,74.9,490.55,No,3,8,20.12,Sousse
Female,1,No,No,14,Yes,Yes,Fiber optic,No,Yes,Yes,Yes,Yes,Month-to-month,Yes,Electronic check,104.85,1531.4,Yes,9,5,9.71,Nabeul
Male,0,Yes,Yes,11,Yes,No,DSL,No,No,Yes,Yes,No,Month-to-month,Yes,Bank transfer (automatic),59.65,683.25,No,3,29,64.74,Ben Arous
Female,0,Yes,Yes,72,Yes,Yes,Fiber optic,Yes,No,Yes,Yes,Yes,Two year,Yes,Bank transfer (automatic),110.45,8058.85,No,1,14,45.47,Tunis
Male,0,Yes,Yes,28,Yes,Yes,Fiber optic,Yes,Yes,No,Yes,Yes,One year,No,Electronic check,106.1,2847.4,Yes,5,1,10.8,Tunis
Male,1,No,No,15,Yes,Yes,Fiber optic,No,No,No,No,No,Month-to-month,Yes,Credit card (automatic),74.2,1133.9,Yes,6,1,25.88,Sfax
Female,1,No,No,4,Yes,Yes,Fiber optic,No,No,No,No,No,Month-to-month,Yes,Electronic check,74.45,294.45,No,1,29,55.82,Tunis
Female,0,No,No,71,Yes,Yes,No,No internet service,No internet service,No internet service,No internet service,No internet service,Two year,No,Electronic check,24.55,1719.15,No,4,24,115.45,Tataouine
Female,0,No,No,5,Yes,No,Fiber optic,No,Yes,No,No,Yes,Month-to-month,Yes,Electronic check,89.35,461.7,Yes,9,3,22.34,Tunis
Male,0,Yes,Yes,47,Yes,Yes,No,No internet service,No internet service,No internet service,No internet service,No internet service,Two year,No,Mailed check,24.55,1160.45,No,0,14,107.03,Ben Arous
Male,1,Yes,No,57,Yes,No,Fiber optic,No,Yes,Yes,Yes,No,One year,Yes,Electronic check,90.65,5199.8,No,1,7,124.64,Nabeul
Male,1,Yes,No,50,Yes,Yes,Fiber optic,Yes,No,Yes,Yes,Yes,Two year,Yes,Credit card (automatic),105.05,5163.3,No,1,9,122.57,Ben Arous
Male,0,No,No,8,Yes,No,No,No internet service,No internet service,No internet service,No internet service,No internet service,Month-to-month,Yes,Credit card (automatic),20.45,162.3,No,1,17,55.01,Nabeul
Female,0,Yes,Yes,48,Yes,No,No,No internet service,No internet service,No internet service,No internet service,No internet service,Two year,No,Mailed check,19.55,883.35,No,4,30,148.89,Tunis
Female,0,No,No,70,Yes,No,No,No internet service,No internet service,No internet service,No internet service,No internet service,One year,No,Bank transfer (automatic),19.7,1341.5,No,1,13,63.89,Kasserine
Male,0,No,Yes,1,Yes,No,DSL,Yes,Yes,No,No,Yes,Month-to-month,Yes,Bank transfer (automatic),70.45,70.45,No,3,18,41.75,Tunis
Male,0,Yes,No,8,Yes,Yes,Fiber optic,No,No,No,No,Yes,Month-to-month,Yes,Bank transfer (automatic),85.65,659.45,No,4,19,35.56,Ariana
Female,0,No,No,1,Yes,Yes,Fiber optic,No,No,No,No,No,Month-to-month,Yes,Electronic check,77.15,77.15,Yes,5,0,9.74,Béja
Male,0,No,No,1,No,No phone service,DSL,No,No,No,No,Yes,Month-to-month,Yes,Bank transfer (automatic),35.25,35.25,Yes,5,1,47.04,Kebili
Male,0,Yes,Yes,60,Yes,No,No,No internet service,No internet service,No internet service,No internet service,No internet service,Two year,No,Mailed check,20.55,1205.05,No,1,14,15.41,Nabeul
Male,0,Yes,Yes,49,Yes,Yes,Fiber optic,No,No,No,Yes,Yes,One year,Yes,Electronic check,97.95,4917.9,No,3,28,110.12,Nabeul
Male,0,Yes,No,4,No,No phone service,DSL,No,Yes,No,Yes,Yes,Month-to-month,Yes,Electronic check,48.55,201.0,Yes,10,2,19.57,Médiénine
Female,0,No,No,29,Yes,No,No,No internet service,No internet service,No internet service,No internet service,No internet service,One year,No,Mailed check,20.0,599.3,No,1,21,104.37,Ben Arous
Female,0,Yes,No,67,Yes,Yes,No,No internet service,No internet service,No internet service,No internet service,No internet service,Two year,Yes,Credit card (automatic),25.25,1733.15,No,3,15,71.25,Ben Arous
Female,0,Yes,No,53,Yes,Yes,Fiber optic,No,Yes,No,Yes,Yes,Month-to-month,Yes,Credit card (automatic),98.4,5149.5,Yes,7,1,42.41,Tunis
Male,0,Yes,No,67,Yes,Yes,DSL,Yes,Yes,Yes,No,No,Two year,No,Credit card (automatic),70.9,4677.1,No,0,28,114.3,Jendouba
Female,0,Yes,Yes,6,Yes,No,No,No internet service,No internet service,No internet service,No internet service,No internet service,Month-to-month,No,Mailed check,19.85,119.3,No,3,30,84.06,Ben Arous
Female,0,No,No,47,Yes,Yes,Fiber optic,No,Yes,Yes,Yes,Yes,Month-to-month,Yes,Electronic check,106.35,4849.1,No,3,13,15.64,Ariana
Female,0,No,No,53,Yes,No,Fiber optic,Yes,Yes,Yes,No,Yes,Two year,No,Mailed check,99.5,5424.25,No,4,23,20.42,Sfax
Male,0,Yes,No,69,Yes,No,DSL,Yes,Yes,Yes,Yes,Yes,Two year,Yes,Mailed check,84.7,5878.9,No,4,19,58.02,Tunis
Male,0,No,No,3,Yes,No,Fiber optic,Yes,No,No,No,Yes,Month-to-month,Yes,Mailed check,86.05,244.85,No,2,16,61.62,Siliana
Male,0,No,No,4,Yes,No,DSL,No,No,No,No,No,Month-to-month,No,Mailed check,44.55,220.75,No,4,13,149.78,Béja
Male,0,Yes,Yes,56,Yes,Yes,DSL,Yes,Yes,No,No,Yes,Two year,Yes,Credit card (automatic),75.85,4261.2,No,4,21,70.23,Sfax
Male,1,Yes,No,59,Yes,Yes,Fiber optic,No,No,No,Yes,Yes,Month-to-month,Yes,Bank transfer (automatic),93.85,5574.75,Yes,9,4,15.84,Sousse
Male,1,Yes,No,61,Yes,Yes,No,No internet service,No internet service,No internet service,No internet service,No internet service,Two year,No,Bank transfer (automatic),25.0,1501.75,No,1,17,106.49,Bizerte
Female,0,Yes,No,2,Yes,No,DSL,No,No,No,No,No,Month-to-month,Yes,Electronic check,45.0,89.75,No,4,26,93.53,Béja
Male,1,Yes,Yes,46,Yes,Yes,Fiber optic,Yes,Yes,Yes,Yes,No,Month-to-month,Yes,Electronic check,100.7,4541.2,Yes,5,5,28.25,Sfax
Male,0,Yes,Yes,12,Yes,No,No,No internet service,No internet service,No internet service,No internet service,No internet service,Month-to-month,No,Mailed check,20.5,255.5,No,3,15,69.09,Jendouba
Female,0,No,No,14,Yes,Yes,Fiber optic,No,No,Yes,No,No,Month-to-month,Yes,Electronic check,80.45,1072.0,Yes,7,0,47.86,Sidi Bouzid
Female,0,Yes,Yes,28,Yes,Yes,Fiber optic,No,No,No,No,Yes,One year,Yes,Electronic check,90.45,2509.25,No,3,6,80.09,Sfax
Male,0,No,No,24,Yes,No,DSL,Yes,Yes,No,No,No,Month-to-month,No,Bank transfer (automatic),60.45,1440.75,No,0,18,65.56,Tunis
Male,0,No,No,31,Yes,No,DSL,No,No,Yes,No,No,Month-to-month,Yes,Electronic check,55.25,1715.65,Yes,9,4,20.82,Kairouan
Female,0,Yes,Yes,68,Yes,Yes,DSL,Yes,Yes,Yes,No,Yes,One year,Yes,Electronic check,78.45,5333.35,No,3,12,105.74,Sfax
Male,0,No,Yes,39,Yes,Yes,Fiber optic,No,No,No,Yes,Yes,Two year,No,Mailed check,100.55,3895.35,No,4,24,29.21,Jendouba
Female,0,Yes,No,42,Yes,No,No,No internet service,No internet service,No internet service,No internet service,No internet service,Month-to-month,No,Credit card (automatic),20.35,869.9,No,1,30,96.79,Ariana
Male,0,Yes,No,13,No,No phone service,DSL,Yes,No,No,Yes,Yes,Month-to-month,Yes,Electronic check,54.45,706.85,Yes,8,0,10.29,Kairouan
Female,0,Yes,No,6,Yes,Yes,Fiber optic,No,Yes,No,No,Yes,Month-to-month,Yes,Electronic check,90.75,512.25,No,0,28,128.61,Tunis
Male,0,No,No,35,Yes,Yes,Fiber optic,No,No,No,No,No,Month-to-month,No,Credit card (automatic),75.35,2636.05,Yes,6,5,12.09,Sousse
Female,0,Yes,No,38,Yes,No,No,No internet service,No internet service,No internet service,No internet service,No internet service,One year,Yes,Credit card (automatic),20.25,814.75,No,1,21,109.41,Médiénine
Male,0,No,No,18,Yes,No,No,No internet service,No internet service,No internet service,No internet service,No internet service,Two year,No,Credit card (automatic),20.05,388.6,No,4,8,79.6,Sfax
Female,0,Yes,No,4,Yes,No,No,No internet service,No internet service,No internet service,No internet service,No internet service,Month-to-month,No,Mailed check,19.6,93.45,No,0,8,27.83,Tunis
Male,0,Yes,No,27,Yes,No,DSL,No,Yes,No,No,No,Month-to-month,Yes,Electronic check,53.8,1389.85,No,0,24,131.37,Nabeul
Male,0,No,Yes,41,Yes,No,DSL,Yes,Yes,Yes,Yes,No,One year,No,Mailed check,70.2,2894.55,No,3,22,83.31,Sfax
Male,0,Yes,Yes,50,Yes,No,DSL,Yes,No,No,Yes,Yes,One year,No,Electronic check,75.5,4025.6,No,3,22,33.1,Siliana
Male,0,Yes,Yes,72,Yes,No,No,No internet service,No internet service,No internet service,No internet service,No internet service,Two year,No,Electronic check,20.35,1354.4,No,4,17,125.71,Tunis
Female,0,No,No,70,Yes,Yes,No,No internet service,No internet service,No internet service,No internet service,No internet service,One year,No,Credit card (automatic),26.05,1856.4,No,0,28,80.3,Sousse
Male,0,Yes,Yes,44,Yes,No,No,No internet service,No internet service,No internet service,No internet service,No internet service,One year,No,Bank transfer (automatic),20.6,926.0,No,4,7,94.57,Kairouan
Male,0,No,No,2,Yes,No,Fiber optic,Yes,No,No,No,No,Month-to-month,Yes,Electronic check,75.7,189.2,Yes,4,5,25.77,Mahdia
Female,0,Yes,Yes,34,Yes,No,No,No internet service,No internet service,No internet service,No internet service,No internet service,One year,Yes,Bank transfer (automatic),20.1,682.1,No,3,16,40.53,Kef
Female,1,Yes,No,72,Yes,Yes,No,No internet service,No internet service,No internet service,No internet service,No internet service,Two year,No,Bank transfer (automatic),24.3,1778.7,No,0,25,83.24,Sfax
Male,0,Yes,No,71,Yes,Yes,No,No internet service,No internet service,No internet service,No internet service,No internet service,Two year,Yes,Electronic check,24.5,1816.2,No,0,13,90.0,Ben Arous
Female,0,No,No,64,Yes,Yes,Fiber optic,No,Yes,Yes,Yes,Yes,Two year,Yes,Credit card (automatic),110.5,7069.25,No,4,29,145.07,Tunis
Female,0,Yes,No,72,Yes,Yes,No,No internet service,No internet service,No internet service,No internet service,No internet service,Two year,Yes,Bank transfer (automatic),25.25,1841.2,No,0,15,35.27,Bizerte
Male,0,No,No,1,Yes,Yes,Fiber optic,No,No,No,No,No,Month-to-month,Yes,Mailed check,74.25,74.25,Yes,4,1,9.19,Bizerte
Male,1,Yes,No,29,Yes,No,Fiber optic,Yes,No,Yes,No,Yes,One year,No,Bank transfer (automatic),90.1,2656.7,No,4,9,85.76,Kairouan
Female,0,Yes,No,23,Yes,No,DSL,Yes,No,Yes,No,Yes,One year,Yes,Bank transfer (automatic),68.75,1689.45,No,1,22,70.41,Nabeul
Male,0,Yes,Yes,52,Yes,No,No,No internet service,No internet service,No internet service,No internet service,No internet service,Two year,No,Mailed check,19.2,1054.75,No,2,20,47.85,Mahdia
Female,1,No,No,25,Yes,Yes,Fiber optic,No,Yes,No,No,Yes,Month-to-month,Yes,Electronic check,89.7,2187.55,Yes,6,2,28.18,Sfax
Female,0,No,No,64,Yes,Yes,Fiber optic,Yes,Yes,Yes,Yes,Yes,Two year,Yes,Bank transfer (automatic),115.1,7334.05,No,2,7,46.31,Ben Arous
Female,1,No,No,16,Yes,Yes,Fiber optic,No,No,No,Yes,Yes,Month-to-month,Yes,Electronic check,96.4,1581.2,Yes,9,4,36.03,Kasserine
Male,1,No,No,1,Yes,No,Fiber optic,No,No,No,No,No,Month-to-month,Yes,Bank transfer (automatic),69.5,69.5,Yes,8,1,1.2,Tunis
Male,0,No,No,24,Yes,Yes,Fiber optic,No,Yes,No,Yes,Yes,Month-to-month,Yes,Bank transfer (automatic),99.65,2404.85,No,3,9,77.15,Sfax
Male,0,Yes,No,2,Yes,Yes,Fiber optic,No,No,Yes,Yes,No,Month-to-month,Yes,Electronic check,91.45,171.45,No,4,8,135.3,Sfax
Female,0,Yes,Yes,34,Yes,No,DSL,Yes,Yes,Yes,Yes,Yes,Two year,No,Mailed check,84.75,2839.45,No,3,19,67.48,Sidi Bouzid
Male,1,Yes,No,36,Yes,Yes,Fiber optic,No,No,No,No,Yes,Month-to-month,Yes,Credit card (automatic),85.25,3132.75,Yes,7,1,27.42,Ariana
Male,0,Yes,Yes,53,Yes,Yes,DSL,No,No,Yes,Yes,Yes,One year,Yes,Mailed check,78.75,3942.45,No,0,24,93.73,Tataouine
Female,0,Yes,Yes,47,Yes,No,No,No internet service,No internet service,No internet service,No internet service,No internet service,Two year,No,Credit card (automatic),20.25,873.4,No,3,11,101.36,Jendouba
Male,0,No,Yes,72,Yes,No,No,No internet service,No internet service,No internet service,No internet service,No internet service,Two year,No,Credit card (automatic),19.9,1529.65,No,4,7,27.14,Siliana
Male,0,Yes,Yes,72,Yes,Yes,Fiber optic,Yes,Yes,No,No,Yes,Two year,Yes,Credit card (automatic),97.75,6991.6,No,1,28,75.77,Bizerte
Male,0,No,No,1,Yes,No,No,No internet service,No internet service,No internet service,No internet service,No internet service,Month-to-month,No,Mailed check,19.4,19.4,Yes,5,4,12.43,Sousse
Female,0,No,No,9,Yes,Yes,Fiber optic,No,No,No,No,Yes,Month-to-month,Yes,Electronic check,83.3,803.3,Yes,4,0,41.13,Sfax
Female,0,No,No,8,Yes,No,Fiber optic,No,No,No,Yes,No,Month-to-month,Yes,Bank transfer (automatic),80.1,679.3,Yes,10,2,17.62,Jendouba
Male,1,No,No,45,Yes,No,DSL,Yes,No,Yes,No,Yes,One year,No,Credit card (automatic),62.7,2791.5,Yes,7,3,4.44,Ariana
Female,0,No,No,7,Yes,No,Fiber optic,No,No,Yes,Yes,Yes,Month-to-month,Yes,Electronic check,100.4,715.0,No,4,15,122.57,Nabeul
Female,0,Yes,No,71,Yes,Yes,No,No internet service,No internet service,No internet service,No internet service,No internet service,Two year,Yes,Credit card (automatic),24.45,1681.6,No,4,5,55.53,Kasserine
Female,1,No,No,41,Yes,No,Fiber optic,No,No,Yes,Yes,Yes,One year,Yes,Bank transfer (automatic),101.1,4016.2,No,1,16,109.01,Mahdia
Male,0,Yes,Yes,67,No,No phone service,DSL,Yes,No,No,Yes,Yes,Two year,No,Credit card (automatic),50.9,3281.65,No,3,20,65.09,Ben Arous
Male,0,Yes,No,69,Yes,Yes,Fiber optic,Yes,Yes,Yes,No,Yes,One year,Yes,Credit card (automatic),107.2,7317.1,No,3,30,144.65,Kairouan
Female,1,Yes,No,70,Yes,Yes,DSL,Yes,Yes,Yes,Yes,Yes,Two year,Yes,Bank transfer (automatic),92.2,6474.45,No,2,9,126.87,Zaghouan
Male,0,No,No,25,Yes,Yes,No,No internet service,No internet service,No internet service,No internet service,No internet service,One year,No,Bank transfer (automatic),25.3,676.35,Yes,9,1,36.09,Bizerte
Male,0,No,No,72,Yes,Yes,Fiber optic,Yes,Yes,Yes,Yes,Yes,Two year,No,Bank transfer (automatic),113.4,8164.1,No,1,30,69.41,Tunis
Male,0,Yes,Yes,34,No,No phone service,DSL,No,No,No,Yes,No,Two year,Yes,Electronic check,40.55,1325.85,No,3,8,45.0,Sfax
Female,0,Yes,Yes,65,Yes,Yes,No,No internet service,No internet service,No internet service,No internet service,No internet service,Two year,No,Credit card (automatic),26.0,1654.85,No,1,30,57.73,Médiénine
Female,0,No,No,70,Yes,Yes,Fiber optic,Yes,Yes,Yes,Yes,Yes,Two year,Yes,Credit card (automatic),111.95,7795.95,No,4,17,82.71,Tunis
Female,0,Yes,Yes,72,No,No phone service,DSL,Yes,No,Yes,Yes,Yes,Two year,Yes,Credit card (automatic),53.8,3952.45,No,0,8,134.31,Tozeur
Male,0,No,Yes,35,Yes,No,DSL,No,No,No,Yes,Yes,One year,Yes,Mailed check,72.1,2495.15,No,0,24,120.71,Sfax
Male,0,No,No,13,Yes,Yes,Fiber optic,Yes,No,No,Yes,Yes,Month-to-month,No,Mailed check,98.15,1230.25,Yes,5,0,42.59,Sfax
Female,0,Yes,No,12,Yes,Yes,DSL,Yes,No,Yes,Yes,Yes,One year,No,Electronic check,78.85,876.75,No,2,26,53.55,Bizerte
Female,0,Yes,Yes,62,Yes,No,DSL,Yes,No,Yes,Yes,No,One year,Yes,Bank transfer (automatic),70.75,4263.45,No,4,13,136.8,Sfax
Female,0,No,No,25,Yes,No,DSL,Yes,No,No,Yes,Yes,Month-to-month,Yes,Credit card (automatic),76.15,1992.95,No,2,10,11.26,Tataouine
Female,0,No,No,52,No,No phone service,DSL,Yes,Yes,No,No,No,Two year,No,Mailed check,39.1,1982.1,No,3,12,22.34,Sousse
Male,1,No,No,8,Yes,No,Fiber optic,No,No,No,No,No,Month-to-month,Yes,Credit card (automatic),69.95,562.7,No,1,15,25.37,Tunis
Male,0,No,No,2,Yes,No,No,No internet service,No internet service,No internet service,No internet service,No internet service,Month-to-month,No,Mailed check,20.05,33.7,No,0,21,106.35,Sousse
Female,0,Yes,Yes,56,Yes,No,No,No internet service,No internet service,No internet service,No internet service,No internet service,Two year,No,Mailed check,20.05,1090.1,No,4,16,129.8,Tunis
Female,0,No,No,12,Yes,No,No,No internet service,No internet service,No internet service,No internet service,No internet service,Month-to-month,No,Bank transfer (automatic),19.45,227.45,No,1,15,19.74,Ariana
Female,0,Yes,No,47,Yes,Yes,No,No internet service,No internet service,No internet service,No internet service,No internet service,One year,No,Electronic check,26.9,1250.85,No,0,29,71.68,Sousse
Male,1,No,No,2,Yes,No,No,No internet service,No internet service,No internet service,No internet service,No internet service,Month-to-month,No,Electronic check,19.2,37.2,No,4,7,24.62,Kairouan
Female,0,No,No,18,Yes,No,DSL,No,No,Yes,No,No,Month-to-month,Yes,Mailed check,50.0,892.7,No,2,26,38.69,Sidi Bouzid
Female,0,No,No,8,Yes,No,DSL,Yes,No,No,Yes,No,Month-to-month,Yes,Electronic check,60.0,487.75,No,4,7,62.89,Bizerte
Male,0,Yes,No,45,Yes,Yes,Fiber optic,Yes,No,Yes,No,No,Month-to-month,Yes,Mailed check,84.55,3713.95,No,0,23,139.91,Kairouan
Male,0,No,No,3,Yes,No,DSL,No,No,No,No,No,Month-to-month,No,Mailed check,45.45,141.7,No,1,19,148.23,Gafsa
Female,0,No,No,38,Yes,No,No,No internet service,No internet service,No internet service,No internet service,No internet service,One year,No,Mailed check,20.05,678.2,No,3,27,69.52,Tunis
Male,0,Yes,No,72,Yes,Yes,Fiber optic,Yes,Yes,Yes,Yes,Yes,Two year,Yes,Electronic check,115.55,8425.3,No,2,5,112.31,Tunis
Male,0,No,No,46,Yes,Yes,Fiber optic,Yes,Yes,No,No,Yes,Month-to-month,Yes,Electronic check,93.7,4154.8,Yes,5,2,38.39,Bizerte
Female,0,Yes,Yes,71,Yes,Yes,Fiber optic,Yes,Yes,Yes,Yes,No,Two year,Yes,Credit card (automatic),99.0,7061.65,No,4,25,89.83,Ben Arous
Male,0,Yes,Yes,66,No,No phone service,DSL,No,No,No,Yes,Yes,Two year,No,Bank transfer (automatic),50.55,3364.55,No,2,12,77.26,Jendouba
Male,1,No,No,25,Yes,Yes,Fiber optic,No,Yes,Yes,Yes,Yes,Month-to-month,No,Mailed check,105.95,2655.25,Yes,6,2,21.5,Tunis
Male,0,No,No,18,Yes,Yes,DSL,No,No,Yes,Yes,Yes,One year,Yes,Credit card (automatic),82.0,1425.45,Yes,8,0,26.27,Tataouine
Female,0,Yes,Yes,13,Yes,Yes,No,No internet service,No internet service,No internet service,No internet service,No internet service,Two year,Yes,Bank transfer (automatic),25.0,332.5,No,2,27,119.66,Zaghouan
Female,0,Yes,Yes,65,Yes,Yes,DSL,Yes,Yes,Yes,Yes,Yes,Two year,No,Bank transfer (automatic),91.55,5963.95,No,0,9,24.68,Tozeur
Male,0,Yes,No,60,Yes,Yes,Fiber optic,No,Yes,Yes,Yes,No,Month-to-month,Yes,Electronic check,95.75,5742.9,Yes,9,3,49.27,Monastir
Male,0,Yes,Yes,15,Yes,No,No,No internet service,No internet service,No internet service,No internet service,No internet service,Two year,No,Mailed check,19.35,278.85,No,1,27,23.4,Kairouan
Female,0,Yes,No,72,Yes,Yes,No,No internet service,No internet service,No internet service,No internet service,No internet service,Two year,No,Credit card (automatic),24.85,1871.85,No,4,25,144.65,Sfax
Male,0,Yes,No,30,Yes,Yes,Fiber optic,No,No,No,Yes,Yes,Month-to-month,Yes,Credit card (automatic),94.05,2866.45,Yes,8,5,31.3,Monastir
Female,0,Yes,Yes,42,Yes,No,Fiber optic,No,No,Yes,Yes,Yes,Two year,Yes,Electronic check,100.4,4303.65,No,4,5,98.58,Sousse
Female,0,Yes,No,71,Yes,Yes,No,No internet service,No internet service,No internet service,No internet service,No internet service,Two year,No,Bank transfer (automatic),25.0,1753.0,No,2,26,41.85,Ariana
Female,0,No,No,1,Yes,No,DSL,No,No,No,No,Yes,Month-to-month,Yes,Mailed check,54.75,54.75,Yes,7,4,48.49,Tunis
Male,1,No,No,39,Yes,Yes,Fiber optic,No,No,No,Yes,Yes,Month-to-month,Yes,Bank transfer (automatic),95.65,3759.05,Yes,9,1,26.93,Mahdia
Female,0,No,No,35,Yes,No,No,No internet service,No internet service,No internet service,No internet service,No internet service,Month-to-month,No,Bank transfer (automatic),19.25,617.65,No,4,24,108.44,Médiénine
Female,0,Yes,Yes,53,Yes,No,Fiber optic,No,Yes,Yes,Yes,Yes,Month-to-month,Yes,Bank transfer (automatic),108.25,5935.1,No,2,5,131.97,Tunis
Female,0,No,No,1,Yes,Yes,Fiber optic,No,No,No,Yes,Yes,Month-to-month,Yes,Electronic check,94.6,94.6,Yes,9,3,37.32,Gabès
Female,1,Yes,Yes,31,Yes,No,Fiber optic,No,No,Yes,Yes,Yes,Month-to-month,Yes,Electronic check,98.9,2911.3,Yes,4,3,24.05,Kairouan
Male,0,No,No,48,Yes,No,No,No internet service,No internet service,No internet service,No internet service,No internet service,Two year,No,Credit card (automatic),20.15,982.95,No,4,7,141.1,Sousse
Female,1,No,Yes,30,Yes,Yes,Fiber optic,No,No,No,Yes,Yes,Month-to-month,Yes,Electronic check,101.3,2974.5,No,1,16,82.24,Ariana
Male,0,No,No,10,Yes,No,No,No internet service,No internet service,No internet service,No internet service,No internet service,Month-to-month,No,Credit card (automatic),20.0,198.7,No,1,6,60.02,Mahdia
Female,0,No,Yes,12,Yes,Yes,Fiber optic,No,Yes,Yes,Yes,Yes,Month-to-month,Yes,Electronic check,105.3,1275.65,No,1,6,105.45,Kasserine
Female,1,No,No,57,Yes,No,DSL,Yes,No,Yes,Yes,No,Two year,No,Bank transfer (automatic),69.85,4003.0,No,4,20,64.44,Kasserine
Female,0,Yes,No,58,Yes,No,DSL,Yes,Yes,No,Yes,No,Month-to-month,Yes,Credit card (automatic),65.25,3791.6,No,3,11,10.48,Bizerte
Female,0,No,No,37,Yes,No,No,No internet service,No internet service,No internet service,No internet service,No internet service,Two year,No,Mailed check,19.8,813.3,No,0,26,102.63,Kasserine
Female,0,Yes,Yes,44,Yes,No,No,No internet service,No internet service,No internet service,No internet service,No internet service,Month-to-month,No,Mailed check,19.6,780.25,No,1,30,128.95,Médiénine
Male,0,No,Yes,27,Yes,No,No,No internet service,No internet service,No internet service,No internet service,No internet service,One year,No,Credit card (automatic),20.05,552.9,No,0,27,18.42,Tunis
Female,0,No,No,8,Yes,No,DSL,No,No,No,No,No,Month-to-month,No,Electronic check,49.4,408.25,No,0,21,40.53,Nabeul
Male,1,No,No,3,Yes,Yes,Fiber optic,No,No,No,No,No,Month-to-month,Yes,Electronic check,76.05,231.8,Yes,6,5,17.18,Nabeul
Female,1,Yes,No,25,Yes,No,Fiber optic,No,Yes,Yes,No,Yes,Month-to-month,No,Bank transfer (automatic),88.4,2191.15,No,0,24,87.57,Monastir
Female,0,Yes,Yes,57,Yes,Yes,Fiber optic,No,Yes,No,Yes,Yes,Month-to-month,Yes,Electronic check,100.6,5611.7,No,0,25,94.23,Jendouba
Female,0,No,No,12,Yes,No,No,No internet service,No internet service,No internet service,No internet service,No internet service,Month-to-month,No,Mailed check,19.45,246.25,No,2,12,52.66,Mahdia
Female,0,Yes,Yes,62,Yes,No,No,No internet service,No internet service,No internet service,No internet service,No internet service,Two year,No,Bank transfer (automatic),20.3,1296.15,No,2,12,29.23,Ariana
Female,0,Yes,No,65,Yes,Yes,Fiber optic,No,Yes,Yes,Yes,Yes,Two year,Yes,Bank transfer (automatic),107.65,7082.85,No,0,6,83.27,Sfax
Female,0,Yes,No,71,Yes,Yes,DSL,No,No,Yes,Yes,Yes,Two year,Yes,Bank transfer (automatic),80.45,5662.25,No,4,5,32.08,Tunis
Female,0,Yes,Yes,21,Yes,No,DSL,No,Yes,No,Yes,No,One year,Yes,Credit card (automatic),58.85,1215.45,No,2,8,144.99,Tozeur
Male,0,Yes,No,71,Yes,Yes,Fiber optic,Yes,Yes,Yes,Yes,Yes,One year,Yes,Electronic check,109.6,7854.15,No,2,24,111.78,Tunis
Female,0,No,No,7,Yes,No,Fiber optic,No,No,Yes,No,No,Month-to-month,Yes,Electronic check,75.15,525.0,No,4,18,133.97,Sousse
Female,0,No,No,72,Yes,No,DSL,Yes,Yes,Yes,No,Yes,Two year,Yes,Credit card (automatic),73.0,5265.2,No,2,7,60.53,Tunis
Female,0,No,No,1,Yes,No,Fiber optic,No,No,No,No,No,Month-to-month,No,Electronic check,70.1,70.1,No,0,26,20.22,Manouba
Female,0,Yes,Yes,72,Yes,Yes,Fiber optic,No,Yes,Yes,No,Yes,Two year,Yes,Bank transfer (automatic),98.65,7129.45,No,1,12,135.6,Ben Arous
Female,0,Yes,Yes,64,Yes,Yes,Fiber optic,No,Yes,Yes,Yes,Yes,One year,Yes,Electronic check,111.45,7266.95,No,2,9,140.29,Médiénine
Female,0,No,No,72,Yes,Yes,Fiber optic,Yes,Yes,Yes,Yes,Yes,Two year,Yes,Electronic check,114.9,8496.7,No,2,9,144.13,Monastir
Female,0,No,No,29,Yes,Yes,Fiber optic,No,No,Yes,Yes,Yes,Month-to-month,No,Bank transfer (automatic),100.55,2878.75,No,1,11,93.77,Sfax
Female,0,No,No,13,Yes,No,No,No internet service,No internet service,No internet service,No internet service,No internet service,Two year,Yes,Mailed check,20.4,261.3,No,2,26,68.65,Sfax
Female,0,No,No,31,Yes,Yes,Fiber optic,Yes,Yes,No,Yes,Yes,Month-to-month,No,Electronic check,104.35,3205.6,No,0,22,85.49,Sousse
Male,1,No,No,1,Yes,No,Fiber optic,No,No,No,No,No,Month-to-month,Yes,Electronic check,69.75,69.75,Yes,4,1,26.8,Sfax
Male,0,Yes,Yes,7,No,No phone service,DSL,Yes,No,No,No,No,Month-to-month,Yes,Electronic check,34.5,279.25,Yes,10,5,49.02,Sfax
Male,0,Yes,No,61,Yes,Yes,Fiber optic,No,Yes,Yes,Yes,Yes,Month-to-month,Yes,Electronic check,105.55,6281.45,Yes,10,4,10.34,Kef
Female,0,No,Yes,39,No,No phone service,DSL,No,No,Yes,No,No,Month-to-month,No,Credit card (automatic),30.1,1131.3,Yes,7,4,1.63,Monastir
Male,0,Yes,No,10,Yes,No,Fiber optic,No,No,No,No,No,Month-to-month,Yes,Electronic check,70.3,738.2,Yes,7,4,44.39,Siliana
Female,0,Yes,Yes,14,Yes,Yes,DSL,No,Yes,No,Yes,Yes,Month-to-month,No,Credit card (automatic),80.45,1137.05,No,0,5,63.61,Ben Arous
Female,0,No,No,1,Yes,Yes,Fiber optic,No,Yes,No,No,No,Month-to-month,Yes,Mailed check,80.2,80.2,Yes,6,0,33.68,Nabeul
Female,0,Yes,Yes,67,Yes,Yes,Fiber optic,Yes,No,No,No,Yes,One year,Yes,Credit card (automatic),94.35,6341.45,Yes,7,5,35.56,Sfax
Female,0,No,No,72,Yes,Yes,DSL,Yes,Yes,Yes,Yes,Yes,Two year,Yes,Bank transfer (automatic),91.35,6697.2,No,4,27,114.8,Ariana
Male,0,Yes,Yes,6,Yes,No,DSL,No,No,No,No,No,Month-to-month,Yes,Bank transfer (automatic),44.6,260.8,Yes,4,2,39.29,Ariana
Female,0,No,No,1,Yes,No,No,No internet service,No internet service,No internet service,No internet service,No internet service,Month-to-month,Yes,Mailed check,19.6,19.6,Yes,6,2,31.39,Béja
Male,0,Yes,Yes,25,Yes,No,No,No internet service,No internet service,No internet service,No internet service,No internet service,One year,No,Electronic check,19.9,505.45,No,3,22,83.19,Tataouine
Female,1,No,No,33,Yes,Yes,Fiber optic,No,Yes,Yes,Yes,Yes,Month-to-month,Yes,Electronic check,110.45,3655.45,Yes,6,0,11.35,Jendouba
Male,0,No,No,18,Yes,No,DSL,Yes,No,Yes,Yes,No,Month-to-month,Yes,Electronic check,68.35,1299.8,No,4,6,65.21,Kebili
Male,0,Yes,No,71,Yes,No,DSL,No,Yes,Yes,Yes,Yes,Two year,Yes,Credit card (automatic),79.1,5564.85,No,2,23,109.91,Gabès
Male,1,Yes,Yes,28,Yes,Yes,DSL,No,No,No,No,No,One year,Yes,Electronic check,51.0,1381.8,No,2,8,102.76,Gabès
Female,0,No,Yes,2,Yes,Yes,Fiber optic,Yes,No,No,No,No,Month-to-month,No,Credit card (automatic),80.55,188.1,No,4,5,33.52,Gabès
Male,0,Yes,Yes,17,Yes,Yes,DSL,No,Yes,Yes,No,No,Month-to-month,Yes,Mailed check,66.7,1077.05,No,1,19,52.78,Sfax
Male,0,No,No,56,Yes,Yes,Fiber optic,Yes,Yes,No,No,No,Month-to-month,Yes,Electronic check,86.4,4922.4,No,0,17,57.99,Tunis
Female,0,Yes,No,60,No,No phone service,DSL,Yes,Yes,Yes,No,Yes,One year,No,Electronic check,50.05,2911.5,No,3,24,69.01,Sfax
Female,0,No,No,33,Yes,Yes,No,No internet service,No internet service,No internet service,No internet service,No internet service,Two year,No,Credit card (automatic),25.7,826.1,No,3,26,46.15,Bizerte
Female,0,No,No,1,Yes,No,Fiber optic,Yes,Yes,No,No,No,Month-to-month,Yes,Mailed check,83.4,83.4,No,1,9,86.18,Médiénine
Male,0,No,No,2,Yes,No,Fiber optic,No,No,No,No,No,Month-to-month,No,Credit card (automatic),70.7,140.7,Yes,8,2,33.32,Tunis
Male,0,Yes,No,63,Yes,Yes,Fiber optic,Yes,No,No,No,No,Two year,Yes,Credit card (automatic),84.65,5377.8,No,2,14,89.06,Nabeul
Male,1,Yes,No,7,Yes,Yes,Fiber optic,No,No,Yes,Yes,Yes,Month-to-month,Yes,Electronic check,99.25,665.45,Yes,9,5,18.72,Kef
Female,0,No,No,55,Yes,No,DSL,No,Yes,Yes,No,Yes,Two year,Yes,Mailed check,64.75,3617.1,No,0,13,109.54,Tunis
Female,0,Yes,No,65,Yes,Yes,Fiber optic,Yes,Yes,No,Yes,No,One year,Yes,Bank transfer (automatic),100.15,6643.5,No,1,19,124.52,Kairouan
Male,0,Yes,No,1,Yes,No,Fiber optic,No,No,No,Yes,No,Month-to-month,Yes,Electronic check,84.8,84.8,Yes,8,3,13.66,Ben Arous
Male,0,No,No,63,Yes,Yes,No,No internet service,No internet service,No internet service,No internet service,No internet service,Two year,No,Mailed check,25.25,1559.3,No,0,27,128.5,Tunis
Female,1,Yes,No,70,Yes,Yes,Fiber optic,Yes,Yes,Yes,Yes,Yes,Two year,Yes,Credit card (automatic),113.0,7987.6,No,4,14,14.98,Nabeul
Female,0,Yes,Yes,36,No,No phone service,DSL,Yes,No,Yes,No,No,Two year,No,Credit card (automatic),40.65,1547.35,No,0,28,17.22,Kasserine
Male,0,No,No,52,Yes,No,Fiber optic,No,Yes,Yes,Yes,Yes,One year,Yes,Bank transfer (automatic),105.0,5426.85,Yes,6,2,22.9,Jendouba
Male,0,No,No,22,Yes,Yes,DSL,Yes,No,No,No,No,Month-to-month,Yes,Electronic check,54.45,1127.35,Yes,10,4,31.66,Bizerte
Male,0,No,No,22,Yes,No,Fiber optic,No,Yes,Yes,No,Yes,Month-to-month,Yes,Bank transfer (automatic),94.95,2142.8,No,1,14,147.05,Kasserine
Female,1,No,No,5,Yes,No,DSL,Yes,Yes,No,No,No,Month-to-month,No,Credit card (automatic),59.9,287.85,No,1,24,124.34,Jendouba
Female,0,Yes,No,47,Yes,No,Fiber optic,No,No,Yes,No,Yes,Month-to-month,Yes,Electronic check,85.3,4045.65,Yes,7,2,38.62,Kef
Female,0,No,No,33,Yes,Yes,Fiber optic,No,No,No,No,Yes,Month-to-month,Yes,Electronic check,83.35,2757.85,Yes,9,0,18.93,Béja
Male,0,No,No,18,No,No phone service,DSL,No,Yes,Yes,No,No,Month-to-month,Yes,Credit card (automatic),33.5,600.0,Yes,5,0,48.02,Béja
Female,0,No,No,1,Yes,No,No,No internet service,No internet service,No internet service,No internet service,No internet service,Month-to-month,No,Credit card (automatic),19.8,19.8,No,0,7,45.28,Siliana
Male,0,No,No,56,Yes,No,DSL,No,Yes,Yes,Yes,Yes,Two year,Yes,Credit card (automatic),81.8,4534.45,No,1,25,115.69,Tunis
Female,0,No,No,2,Yes,No,No,No internet service,No internet service,No internet service,No internet service,No internet service,Month-to-month,Yes,Mailed check,20.0,40.9,No,2,23,79.42,Tataouine
Male,0,No,No,35,Yes,Yes,DSL,Yes,No,Yes,No,No,Month-to-month,Yes,Electronic check,59.6,2094.9,No,4,22,37.47,Sousse
Female,0,Yes,No,64,Yes,Yes,No,No internet service,No internet service,No internet service,No internet service,No internet service,Two year,No,Credit card (automatic),25.0,1584.8,No,0,16,57.92,Manouba
Female,0,No,No,15,Yes,Yes,Fiber optic,Yes,No,Yes,No,No,Month-to-month,Yes,Credit card (automatic),84.35,1302.65,No,4,20,119.8,Sousse
Male,0,No,No,24,Yes,No,Fiber optic,No,No,No,Yes,Yes,Month-to-month,Yes,Electronic check,90.35,2238.5,Yes,5,2,13.79,Béja
Male,0,No,No,1,Yes,No,DSL,No,No,No,No,Yes,Month-to-month,No,Mailed check,55.55,55.55,No,4,29,53.8,Tunis
Female,0,Yes,Yes,70,Yes,No,DSL,Yes,No,No,Yes,Yes,Two year,No,Credit card (automatic),75.35,5437.75,No,2,6,95.18,Tunis
Male,0,Yes,No,1,Yes,No,Fiber optic,No,No,No,Yes,Yes,Month-to-month,Yes,Electronic check,90.75,90.75,Yes,8,2,38.41,Ariana
Female,0,No,Yes,4,Yes,Yes,Fiber optic,No,Yes,No,Yes,No,Month-to-month,No,Mailed check,89.6,365.65,Yes,5,3,18.58,Jendouba
Female,0,No,No,39,Yes,No,DSL,No,No,No,No,Yes,One year,No,Electronic check,59.3,2209.15,No,1,19,63.73,Tunis
Female,0,No,No,29,Yes,Yes,DSL,Yes,No,No,No,Yes,Month-to-month,Yes,Electronic check,66.1,1912.15,No,3,25,127.1,Gabès
Female,0,Yes,Yes,14,Yes,No,No,No internet service,No internet service,No internet service,No internet service,No internet service,Two year,No,Mailed check,18.8,255.55,No,4,22,109.08,Sfax
Female,0,No,No,61,Yes,Yes,DSL,Yes,No,Yes,Yes,Yes,Two year,No,Credit card (automatic),86.45,5175.3,No,2,21,96.52,Ariana
Male,0,No,Yes,13,Yes,No,DSL,Yes,No,No,No,No,Month-to-month,Yes,Credit card (automatic),52.1,670.65,No,1,16,55.63,Ben Arous
Female,0,No,No,66,No,No phone service,DSL,Yes,Yes,Yes,No,No,Two year,Yes,Mailed check,47.4,3177.25,No,2,7,108.05,Sousse
Male,0,No,No,2,No,No phone service,DSL,No,No,Yes,Yes,Yes,Month-to-month,Yes,Electronic check,49.25,90.35,Yes,9,1,38.75,Sousse
Female,0,Yes,No,59,Yes,Yes,Fiber optic,Yes,Yes,Yes,Yes,Yes,One year,Yes,Credit card (automatic),109.15,6557.75,No,4,6,67.11,Nabeul
Male,0,Yes,Yes,62,Yes,Yes,Fiber optic,Yes,Yes,No,Yes,No,One year,Yes,Credit card (automatic),94.95,5791.85,No,0,9,99.83,Kairouan
Male,1,Yes,No,33,Yes,No,Fiber optic,Yes,Yes,No,No,Yes,One year,Yes,Electronic check,93.55,3055.5,No,4,19,122.96,Kairouan
Male,0,No,Yes,66,Yes,No,DSL,No,Yes,Yes,Yes,Yes,Two year,Yes,Credit card (automatic),79.5,5196.1,No,1,30,105.76,Sfax
Female,0,No,No,72,Yes,Yes,Fiber optic,Yes,Yes,Yes,Yes,Yes,Two year,No,Credit card (automatic),115.05,8405.0,No,3,23,146.36,Tunis
Male,0,No,Yes,1,Yes,No,No,No internet service,No internet service,No internet service,No internet service,No internet service,Month-to-month,No,Mailed check,19.75,19.75,Yes,10,4,28.13,Manouba
Female,0,No,No,19,Yes,Yes,Fiber optic,Yes,Yes,No,No,Yes,Month-to-month,Yes,Electronic check,95.15,1789.25,Yes,8,5,45.71,Tunis
Female,0,Yes,Yes,51,Yes,Yes,Fiber optic,Yes,No,No,Yes,No,One year,Yes,Mailed check,95.15,5000.05,No,3,17,61.36,Sfax
Male,0,No,No,63,Yes,Yes,Fiber optic,No,Yes,No,Yes,Yes,Month-to-month,No,Electronic check,105.4,6713.2,No,4,18,79.76,Monastir
Male,0,No,No,27,Yes,No,No,No internet service,No internet service,No internet service,No internet service,No internet service,One year,No,Bank transfer (automatic),20.1,562.6,No,1,11,29.04,Gabès
Male,0,No,No,22,Yes,Yes,Fiber optic,Yes,No,No,Yes,Yes,Month-to-month,Yes,Bank transfer (automatic),101.35,2317.1,Yes,9,0,27.49,Kasserine
Female,1,No,No,4,Yes,No,No,No internet service,No internet service,No internet service,No internet service,No internet service,Month-to-month,No,Mailed check,20.05,91.45,No,1,20,88.85,Kebili
Male,0,Yes,Yes,42,Yes,No,No,No internet service,No internet service,No internet service,No internet service,No internet service,Two year,No,Mailed check,20.7,828.85,No,3,29,127.21,Tunis
Female,0,No,No,29,Yes,No,No,No internet service,No internet service,No internet service,No internet service,No internet service,One year,No,Mailed check,20.35,617.35,No,1,29,15.21,Gafsa
Female,0,No,No,4,Yes,No,Fiber optic,No,No,No,No,No,Month-to-month,Yes,Credit card (automatic),70.05,266.9,Yes,6,3,45.66,Monastir
Male,0,No,No,30,Yes,No,No,No internet service,No internet service,No internet service,No internet service,No internet service,One year,No,Mailed check,19.7,625.05,No,2,18,109.5,Bizerte
Male,0,Yes,No,4,Yes,Yes,Fiber optic,No,No,No,No,No,Month-to-month,Yes,Electronic check,74.65,301.4,Yes,8,5,14.46,Sousse
Male,0,Yes,Yes,71,Yes,No,DSL,Yes,Yes,Yes,Yes,Yes,Two year,No,Bank transfer (automatic),85.45,6029.9,No,2,9,79.89,Médiénine
Male,0,Yes,No,46,No,No phone service,DSL,Yes,No,Yes,No,No,Two year,No,Credit card (automatic),40.4,1842.7,No,0,15,39.87,Sidi Bouzid
Male,0,No,No,4,Yes,Yes,DSL,No,No,No,No,No,Month-to-month,No,Mailed check,50.4,206.6,Yes,6,4,47.24,Béja
Female,0,No,No,7,Yes,Yes,Fiber optic,Yes,No,No,No,No,Month-to-month,Yes,Mailed check,79.65,604.7,Yes,4,5,17.48,Kairouan
Male,0,No,No,69,Yes,Yes,Fiber optic,No,Yes,No,Yes,Yes,One year,Yes,Bank transfer (automatic),105.2,7386.05,No,3,21,105.76,Kef
Female,0,Yes,No,72,Yes,Yes,Fiber optic,Yes,Yes,Yes,Yes,No,Two year,No,Bank transfer (automatic),100.65,7334.05,No,1,22,107.16,Tunis
Male,1,No,No,19,Yes,Yes,Fiber optic,No,No,Yes,No,No,Month-to-month,Yes,Electronic check,79.85,1471.75,Yes,6,5,16.21,Kasserine
Male,0,No,No,28,Yes,No,Fiber optic,No,No,Yes,No,Yes,Month-to-month,No,Electronic check,91.0,2626.15,No,4,24,142.26,Sousse
Male,0,Yes,No,5,Yes,Yes,Fiber optic,No,Yes,No,No,No,Month-to-month,Yes,Electronic check,78.75,412.1,Yes,6,4,34.71,Kasserine
Female,1,Yes,No,72,Yes,Yes,Fiber optic,Yes,Yes,Yes,Yes,Yes,Two year,Yes,Credit card (automatic),116.75,8277.05,No,4,6,108.32,Mahdia
Male,1,Yes,Yes,8,Yes,No,Fiber optic,No,No,No,Yes,No,Month-to-month,Yes,Credit card (automatic),80.45,583.45,Yes,10,2,34.38,Sousse
Female,0,No,No,7,Yes,No,DSL,Yes,No,No,No,Yes,One year,Yes,Electronic check,59.1,369.25,No,0,17,116.8,Sousse
Female,0,No,No,22,Yes,No,DSL,Yes,No,No,No,No,Month-to-month,Yes,Electronic check,49.8,1049.05,No,1,26,120.95,Mahdia
Male,0,No,No,72,Yes,No,No,No internet service,No internet service,No internet service,No internet service,No internet service,Two year,No,Bank transfer (automatic),19.3,1414.8,No,2,16,69.11,Monastir
Male,0,Yes,Yes,8,Yes,No,No,No internet service,No internet service,No internet service,No internet service,No internet service,Month-to-month,No,Credit card (automatic),19.65,169.75,No,2,7,28.94,Ariana
Male,0,Yes,No,52,Yes,Yes,DSL,Yes,Yes,Yes,No,Yes,One year,Yes,Credit card (automatic),81.4,4354.45,No,0,11,86.94,Ben Arous
Female,0,No,No,68,No,No phone service,DSL,Yes,No,Yes,No,No,Two year,No,Mailed check,38.9,2719.2,No,0,21,60.22,Kasserine
Female,0,Yes,No,71,Yes,Yes,DSL,Yes,Yes,Yes,Yes,Yes,Two year,No,Bank transfer (automatic),87.95,6365.35,No,0,6,10.09,Monastir
Male,0,No,No,2,Yes,No,No,No internet service,No internet service,No internet service,No internet service,No internet service,Month-to-month,No,Mailed check,19.85,51.6,No,1,6,58.49,Jendouba
Female,1,No,No,34,Yes,Yes,Fiber optic,No,Yes,No,Yes,No,Month-to-month,Yes,Electronic check,96.35,3190.25,No,1,16,138.05,Gabès
Female,0,No,No,35,No,No phone service,DSL,No,No,No,No,No,Month-to-month,No,Electronic check,24.15,812.5,No,2,20,15.64,Tunis
Female,0,Yes,Yes,61,Yes,No,No,No internet service,No internet service,No internet service,No internet service,No internet service,One year,No,Credit card (automatic),19.1,1143.8,No,0,20,33.29,Kairouan
Male,0,No,No,1,Yes,No,DSL,No,No,No,No,No,Month-to-month,No,Electronic check,44.0,44.0,No,4,29,128.88,Sousse
Female,0,No,No,1,Yes,Yes,DSL,No,No,No,No,No,Month-to-month,Yes,Mailed check,50.1,50.1,Yes,7,4,10.55,Sousse
Female,0,Yes,Yes,53,Yes,No,DSL,No,No,Yes,No,Yes,One year,No,Credit card (automatic),60.6,3297.0,No,1,15,28.2,Sfax
Female,0,Yes,No,72,Yes,Yes,No,No internet service,No internet service,No internet service,No internet service,No internet service,Two year,No,Bank transfer (automatic),25.65,1887.0,No,1,25,12.97,Tunis
Male,0,Yes,No,2,Yes,No,Fiber optic,No,No,Yes,No,No,Month-to-month,No,Electronic check,76.4,151.8,Yes,6,2,46.71,Ariana
Male,0,No,No,3,Yes,No,Fiber optic,No,No,Yes,Yes,Yes,Month-to-month,Yes,Electronic check,98.7,293.65,Yes,5,0,19.24,Tunis
Female,1,No,No,13,Yes,Yes,Fiber optic,Yes,No,No,Yes,Yes,Month-to-month,Yes,Electronic check,100.8,1308.1,Yes,8,0,5.06,Kasserine
Male,1,Yes,No,41,No,No phone service,DSL,No,Yes,Yes,Yes,Yes,Month-to-month,Yes,Electronic check,53.95,2215.4,No,1,24,119.49,Kasserine
Female,0,Yes,No,24,Yes,No,No,No internet service,No internet service,No internet service,No internet service,No internet service,One year,No,Credit card (automatic),20.4,482.8,No,0,17,97.07,Kasserine
Female,0,Yes,Yes,28,Yes,No,Fiber optic,No,No,No,Yes,Yes,One year,Yes,Bank transfer (automatic),90.1,2598.95,Yes,10,5,28.17,Nabeul
Male,0,No,No,8,No,No phone service,DSL,Yes,No,No,No,No,Month-to-month,No,Mailed check,29.35,216.45,No,0,26,98.95,Nabeul
Male,0,No,No,1,Yes,No,No,No internet service,No internet service,No internet service,No internet service,No internet service,Month-to-month,Yes,Mailed check,20.45,20.45,No,1,27,23.45,Sfax
Female,0,No,No,54,Yes,Yes,Fiber optic,No,No,Yes,No,Yes,Two year,Yes,Bank transfer (automatic),95.1,5064.85,No,2,17,104.73,Médiénine
Male,0,No,No,41,Yes,Yes,No,No internet service,No internet service,No internet service,No internet service,No internet service,Month-to-month,Yes,Bank transfer (automatic),25.25,996.45,No,3,14,99.23,Tunis
Female,0,Yes,No,19,Yes,No,DSL,No,No,No,No,No,Month-to-month,No,Mailed check,44.9,839.65,No,1,7,82.86,Sfax
Female,0,Yes,Yes,72,Yes,Yes,DSL,Yes,Yes,Yes,Yes,Yes,Two year,No,Bank transfer (automatic),92.65,6733.0,No,1,29,123.17,Kairouan
Male,0,No,No,62,No,No phone service,DSL,Yes,Yes,Yes,No,No,Two year,Yes,Bank transfer (automatic),43.7,2618.3,No,3,20,133.98,Nabeul
Female,1,Yes,Yes,56,Yes,No,DSL,Yes,No,No,Yes,Yes,Two year,Yes,Credit card (automatic),72.6,4084.35,No,3,11,125.34,Monastir
Male,0,No,No,15,Yes,Yes,DSL,No,No,No,No,No,Month-to-month,No,Electronic check,51.55,765.5,Yes,8,1,47.8,Bizerte
Male,1,No,No,10,Yes,No,Fiber optic,No,No,No,No,Yes,Month-to-month,Yes,Electronic check,79.25,793.55,Yes,4,3,29.7,Zaghouan
Male,0,Yes,Yes,32,Yes,No,No,No internet service,No internet service,No internet service,No internet service,No internet service,Two year,No,Mailed check,18.95,613.95,No,3,9,73.92,Ariana
Male,0,No,No,21,Yes,No,No,No internet service,No internet service,No internet service,No internet service,No internet service,Month-to-month,No,Credit card (automatic),20.5,402.85,No,2,9,133.96,Gabès
Male,0,Yes,Yes,62,Yes,No,No,No internet service,No internet service,No internet service,No internet service,No internet service,One year,No,Bank transfer (automatic),19.95,1244.8,No,3,15,87.67,Bizerte
Female,0,No,No,2,No,No phone service,DSL,No,No,No,No,No,Month-to-month,No,Electronic check,24.5,46.4,No,4,15,115.19,Manouba
Male,0,No,Yes,27,Yes,No,No,No internet service,No internet service,No internet service,No internet service,No internet service,Two year,No,Mailed check,20.6,581.85,No,4,25,38.83,Nabeul
Male,0,No,No,5,Yes,Yes,Fiber optic,No,No,No,Yes,Yes,Month-to-month,Yes,Bank transfer (automatic),94.85,462.8,Yes,6,0,11.76,Monastir
Female,0,No,No,25,No,No phone service,DSL,Yes,Yes,Yes,Yes,Yes,One year,No,Electronic check,61.05,1540.2,No,2,20,148.95,Tunis
Female,0,No,No,2,Yes,Yes,Fiber optic,No,No,No,No,Yes,Month-to-month,Yes,Electronic check,85.7,169.8,Yes,5,0,7.38,Sfax
Male,0,No,No,49,Yes,Yes,Fiber optic,No,Yes,No,Yes,Yes,One year,Yes,Bank transfer (automatic),106.65,5168.1,No,0,22,80.51,Ben Arous
Female,0,No,No,63,Yes,Yes,Fiber optic,Yes,Yes,Yes,Yes,Yes,Month-to-month,No,Credit card (automatic),108.25,6780.1,No,0,26,66.18,Tunis
Female,0,No,Yes,4,Yes,No,No,No internet service,No internet service,No internet service,No internet service,No internet service,Month-to-month,No,Credit card (automatic),20.4,94.5,No,1,19,120.93,Sousse
Female,0,Yes,No,1,Yes,No,DSL,No,No,No,Yes,No,Month-to-month,Yes,Mailed check,55.3,55.3,No,4,28,19.97,Gafsa
Male,0,No,No,11,Yes,No,No,No internet service,No internet service,No internet service,No internet service,No internet service,Month-to-month,No,Mailed check,20.25,208.0,No,3,9,66.22,Bizerte
Male,1,No,No,52,Yes,Yes,Fiber optic,No,No,No,No,No,Month-to-month,Yes,Bank transfer (automatic),72.95,3829.75,No,2,5,99.11,Sfax
Female,1,Yes,No,60,Yes,Yes,Fiber optic,No,Yes,No,No,Yes,Month-to-month,No,Electronic check,89.45,5294.6,No,0,10,59.75,Sousse
Male,0,No,No,64,Yes,Yes,Fiber optic,No,No,Yes,Yes,Yes,One year,Yes,Credit card (automatic),104.65,6889.8,No,3,6,139.5,Sfax
Female,0,Yes,Yes,43,Yes,No,DSL,Yes,No,Yes,Yes,Yes,Two year,No,Bank transfer (automatic),75.2,3254.35,No,3,30,74.02,Siliana
Female,0,Yes,No,61,Yes,Yes,Fiber optic,No,No,No,Yes,Yes,One year,No,Bank transfer (automatic),101.15,6383.9,No,1,14,84.64,Kebili
Female,0,No,No,1,Yes,No,DSL,No,No,No,No,No,Month-to-month,No,Mailed check,44.4,44.4,Yes,8,0,43.99,Kairouan
Male,1,No,No,5,Yes,No,Fiber optic,No,No,No,Yes,Yes,Month-to-month,Yes,Electronic check,89.5,477.7,Yes,5,4,22.28,Sousse
Male,0,No,No,66,Yes,Yes,DSL,Yes,Yes,Yes,No,No,Two year,No,Bank transfer (automatic),68.75,4447.55,No,0,20,13.95,Kasserine
Male,0,Yes,No,67,Yes,No,Fiber optic,Yes,Yes,Yes,Yes,Yes,Two year,Yes,Electronic check,111.05,7321.05,No,1,19,110.22,Manouba
Female,0,Yes,No,42,Yes,No,Fiber optic,No,No,Yes,Yes,Yes,Two year,Yes,Credit card (automatic),99.0,4135.0,No,0,8,34.1,Tataouine
Male,1,Yes,No,1,Yes,Yes,Fiber optic,No,No,No,Yes,No,Month-to-month,Yes,Electronic check,86.05,86.05,Yes,4,0,43.45,Sousse
Female,0,Yes,Yes,31,Yes,No,No,No internet service,No internet service,No internet service,No internet service,No internet service,Two year,No,Mailed check,21.0,697.7,No,0,29,61.11,Kebili
Male,0,No,No,7,Yes,No,No,No internet service,No internet service,No internet service,No internet service,No internet service,Month-to-month,Yes,Mailed check,19.4,168.65,No,2,30,32.75,Tunis
Male,0,No,No,4,No,No phone service,DSL,No,No,No,Yes,Yes,Month-to-month,Yes,Electronic check,44.55,174.3,Yes,5,5,14.81,Gabès
Male,0,Yes,Yes,34,Yes,Yes,DSL,No,No,Yes,Yes,Yes,One year,No,Bank transfer (automatic),77.2,2753.8,No,0,20,14.7,Bizerte
Male,0,No,No,3,Yes,No,No,No internet service,No internet service,No internet service,No internet service,No internet service,One year,Yes,Mailed check,19.45,69.25,No,1,11,96.7,Kef
Female,0,Yes,Yes,19,No,No phone service,DSL,No,No,No,No,No,Month-to-month,Yes,Mailed check,24.85,434.8,No,4,10,50.08,Tunis
Male,0,Yes,Yes,31,No,No phone service,DSL,Yes,No,No,No,No,Month-to-month,No,Bank transfer (automatic),35.4,1077.5,Yes,5,3,34.07,Gabès
Female,0,No,No,1,Yes,Yes,Fiber optic,No,No,No,Yes,Yes,Month-to-month,No,Mailed check,95.65,95.65,Yes,6,3,20.9,Kef
Male,0,No,No,3,No,No phone service,DSL,Yes,No,Yes,No,No,Month-to-month,No,Mailed check,41.35,107.25,No,1,18,56.41,Gabès
Male,0,Yes,No,46,Yes,No,No,No internet service,No internet service,No internet service,No internet service,No internet service,Month-to-month,No,Electronic check,19.6,851.2,No,2,8,22.51,Nabeul
Female,0,No,No,1,Yes,No,No,No internet service,No internet service,No internet service,No internet service,No internet service,Month-to-month,No,Mailed check,20.95,20.95,Yes,6,5,2.17,Sousse
Female,0,Yes,Yes,69,Yes,Yes,Fiber optic,Yes,No,Yes,No,No,One year,No,Bank transfer (automatic),84.45,5848.6,No,1,19,23.12,Bizerte
Male,0,No,No,5,Yes,No,No,No internet service,No internet service,No internet service,No internet service,No internet service,Month-to-month,No,Mailed check,20.25,109.8,No,1,11,124.97,Sousse
Male,0,No,No,1,Yes,No,No,No internet service,No internet service,No internet service,No internet service,No internet service,Month-to-month,No,Bank transfer (automatic),19.65,19.65,No,4,13,128.41,Monastir
Male,0,No,No,26,Yes,No,No,No internet service,No internet service,No internet service,No internet service,No internet service,One year,Yes,Credit card (automatic),20.65,595.5,No,4,23,83.49,Mahdia
Female,1,No,No,10,No,No phone service,DSL,No,No,No,No,Yes,Month-to-month,Yes,Electronic check,34.7,329.8,Yes,10,1,5.59,Tunis
Male,0,No,No,25,Yes,No,Fiber optic,No,No,Yes,Yes,Yes,Two year,No,Bank transfer (automatic),99.3,2513.5,No,3,23,89.68,Gafsa
Male,0,Yes,Yes,64,Yes,No,Fiber optic,Yes,Yes,No,No,No,Month-to-month,No,Electronic check,81.05,5135.35,No,0,12,58.14,Sousse
Male,0,Yes,Yes,30,Yes,Yes,DSL,Yes,Yes,Yes,No,No,Month-to-month,No,Electronic check,67.6,2000.2,No,0,9,54.31,Kairouan
Male,0,No,No,13,Yes,No,Fiber optic,No,No,No,No,No,Month-to-month,Yes,Electronic check,70.15,931.75,No,4,17,79.39,Monastir
Female,0,Yes,No,64,Yes,Yes,Fiber optic,Yes,Yes,Yes,Yes,Yes,One year,Yes,Electronic check,115.0,7396.15,No,2,15,116.78,Kairouan
Female,0,No,Yes,46,Yes,Yes,Fiber optic,No,No,Yes,No,No,Month-to-month,Yes,Bank transfer (automatic),84.8,3958.85,No,3,18,72.34,Sidi Bouzid
Female,0,No,No,12,Yes,No,No,No internet service,No internet service,No internet service,No internet service,No internet service,One year,No,Mailed check,19.7,260.9,No,2,6,25.42,Ariana
Female,0,No,No,15,Yes,No,No,No internet service,No internet service,No internet service,No internet service,No internet service,Month-to-month,No,Bank transfer (automatic),19.75,297.3,Yes,8,0,14.3,Kairouan
Male,0,Yes,Yes,17,Yes,Yes,Fiber optic,No,No,No,Yes,Yes,Month-to-month,Yes,Electronic check,92.55,1515.1,Yes,5,1,4.46,Tunis
Female,0,Yes,Yes,13,Yes,No,DSL,Yes,No,Yes,No,Yes,Month-to-month,Yes,Mailed check,63.15,816.8,No,2,9,41.95,Jendouba
Female,0,Yes,Yes,67,Yes,Yes,DSL,Yes,Yes,No,Yes,No,Two year,No,Credit card (automatic),74.0,4868.4,No,3,8,114.03,Kebili
Male,0,Yes,No,24,No,No phone service,DSL,No,No,Yes,No,No,Month-to-month,No,Electronic check,29.1,688.0,No,1,15,121.69,Kebili
Male,0,No,No,6,Yes,No,DSL,No,No,No,No,No,Month-to-month,No,Mailed check,50.05,288.35,No,3,14,121.27,Ben Arous
Male,1,Yes,No,53,Yes,Yes,DSL,Yes,No,No,No,No,One year,Yes,Electronic check,60.05,3229.65,Yes,5,5,41.47,Kef
Male,1,Yes,No,16,Yes,No,Fiber optic,No,Yes,No,No,No,Month-to-month,Yes,Credit card (automatic),74.3,1178.25,Yes,8,0,34.56,Siliana
Male,0,No,No,10,Yes,No,No,No internet service,No internet service,No internet service,No internet service,No internet service,Month-to-month,No,Electronic check,20.0,185.4,No,1,27,57.13,Ariana
Female,0,No,No,13,Yes,No,Fiber optic,No,Yes,No,No,No,One year,Yes,Mailed check,74.65,966.25,No,4,27,102.99,Tunis
Male,0,No,No,9,Yes,Yes,Fiber optic,No,No,No,Yes,No,Month-to-month,Yes,Electronic check,85.35,758.6,Yes,10,5,12.82,Kairouan
Female,0,No,No,25,Yes,No,DSL,Yes,Yes,Yes,Yes,No,One year,No,Mailed check,74.3,1863.8,Yes,7,5,13.52,Kairouan
Male,1,No,No,7,No,No phone service,DSL,No,Yes,No,No,Yes,Month-to-month,Yes,Electronic check,44.4,265.8,No,1,12,98.2,Nabeul
Male,0,Yes,Yes,38,Yes,Yes,DSL,Yes,No,Yes,Yes,Yes,Two year,Yes,Bank transfer (automatic),85.4,3297.0,No,2,5,135.77,Tunis
Female,0,Yes,No,43,Yes,Yes,Fiber optic,Yes,Yes,No,No,Yes,Month-to-month,Yes,Electronic check,94.1,4107.3,No,4,21,43.29,Sfax
Female,0,No,Yes,4,Yes,No,Fiber optic,No,No,Yes,Yes,Yes,Month-to-month,Yes,Bank transfer (automatic),98.1,396.3,Yes,9,3,0.94,Monastir
Female,0,No,No,25,Yes,Yes,Fiber optic,No,Yes,Yes,Yes,Yes,Two year,No,Electronic check,108.9,2809.05,No,1,11,17.06,Sousse
Male,0,No,Yes,27,Yes,No,DSL,Yes,Yes,No,No,No,One year,No,Mailed check,56.2,1567.55,No,3,17,75.44,Kasserine
Male,0,Yes,Yes,72,Yes,Yes,No,No internet service,No internet service,No internet service,No internet service,No internet service,Two year,No,Mailed check,26.1,1851.45,No,4,20,18.31,Tunis
Male,0,No,Yes,71,Yes,Yes,Fiber optic,Yes,Yes,No,No,No,One year,Yes,Credit card (automatic),85.45,6028.95,No,1,23,103.62,Tozeur
Female,0,No,No,24,Yes,Yes,Fiber optic,No,No,Yes,Yes,No,Month-to-month,Yes,Credit card (automatic),88.95,2072.75,No,4,25,86.29,Monastir
Female,0,No,No,50,Yes,Yes,Fiber optic,Yes,Yes,No,Yes,Yes,Two year,Yes,Electronic check,109.65,5551.15,Yes,4,1,22.23,Sfax
Male,0,No,No,57,Yes,No,DSL,Yes,No,Yes,Yes,Yes,Two year,Yes,Bank transfer (automatic),74.35,4317.35,No,4,28,89.96,Tunis
Female,0,No,No,15,Yes,No,DSL,No,Yes,No,No,No,Month-to-month,No,Electronic check,48.85,736.8,No,1,13,126.51,Tunis
Male,0,No,No,4,Yes,Yes,Fiber optic,Yes,No,No,No,No,Month-to-month,Yes,Electronic check,80.1,336.15,No,4,12,105.06,Sfax
Female,0,No,No,28,Yes,No,DSL,Yes,Yes,No,No,No,Month-to-month,No,Electronic check,56.05,1522.65,No,0,26,74.72,Monastir
Female,1,No,No,9,Yes,Yes,Fiber optic,No,No,No,No,No,Month-to-month,Yes,Electronic check,74.55,622.9,Yes,5,3,4.9,Kairouan
Female,0,Yes,No,55,Yes,Yes,Fiber optic,Yes,No,No,Yes,No,Month-to-month,Yes,Bank transfer (automatic),89.8,4959.6,No,4,27,26.8,Kef
Male,0,No,No,3,Yes,Yes,Fiber optic,No,No,Yes,Yes,Yes,Month-to-month,Yes,Electronic check,100.95,329.95,Yes,7,1,22.22,Ben Arous
Male,0,No,No,10,Yes,No,Fiber optic,No,No,Yes,Yes,Yes,Month-to-month,Yes,Electronic check,94.9,1048.85,Yes,9,0,21.71,Médiénine
Male,0,No,Yes,55,Yes,No,No,No internet service,No internet service,No internet service,No internet service,No internet service,One year,No,Bank transfer (automatic),19.1,1001.5,No,0,8,84.21,Tataouine
Female,0,Yes,Yes,20,Yes,No,No,No internet service,No internet service,No internet service,No internet service,No internet service,Month-to-month,No,Mailed check,20.35,442.6,No,3,16,56.39,Bizerte
Female,0,Yes,Yes,62,Yes,Yes,Fiber optic,No,Yes,No,Yes,Yes,One year,Yes,Credit card (automatic),106.05,6703.5,No,3,10,118.51,Mahdia
Male,1,Yes,No,32,Yes,Yes,Fiber optic,No,No,Yes,Yes,Yes,Month-to-month,Yes,Electronic check,104.9,3351.55,Yes,9,2,49.48,Monastir
Female,0,No,No,43,Yes,No,No,No internet service,No internet service,No internet service,No internet service,No internet service,Two year,Yes,Bank transfer (automatic),19.65,779.25,No,4,17,99.63,Ariana
Male,0,Yes,No,9,No,No phone service,DSL,No,No,No,No,No,One year,No,Bank transfer (automatic),24.1,259.8,Yes,9,4,28.69,Jendouba
Female,0,Yes,No,60,Yes,No,DSL,Yes,Yes,No,No,No,Two year,No,Bank transfer (automatic),59.85,3483.45,No,4,25,121.04,Kairouan
Male,0,Yes,No,58,Yes,Yes,DSL,Yes,Yes,Yes,Yes,Yes,Two year,Yes,Electronic check,86.1,4890.5,No,0,10,31.95,Sousse
Male,0,No,Yes,7,Yes,No,No,No internet service,No internet service,No internet service,No internet service,No internet service,One year,No,Mailed check,19.45,136.75,No,0,23,80.5,Tunis
Male,0,Yes,Yes,2,Yes,No,Fiber optic,Yes,No,No,Yes,Yes,Month-to-month,No,Electronic check,97.1,184.15,No,2,15,106.03,Ariana
Male,1,No,No,37,No,No phone service,DSL,No,Yes,Yes,No,No,Month-to-month,No,Electronic check,36.65,1315.0,No,3,28,126.32,Ariana
Female,1,Yes,Yes,65,Yes,Yes,Fiber optic,No,No,Yes,Yes,Yes,One year,Yes,Bank transfer (automatic),103.9,6767.1,No,4,9,78.29,Sousse
Female,0,Yes,Yes,39,Yes,No,No,No internet service,No internet service,No internet service,No internet service,No internet service,Two year,No,Mailed check,19.75,757.95,No,0,18,91.99,Nabeul
Male,0,Yes,No,66,Yes,Yes,Fiber optic,No,Yes,No,Yes,Yes,One year,Yes,Electronic check,104.05,6890.0,Yes,9,3,41.41,Siliana
Male,0,No,No,68,Yes,Yes,No,No internet service,No internet service,No internet service,No internet service,No internet service,Two year,No,Mailed check,24.55,1657.4,No,2,14,76.43,Ariana
Female,0,Yes,Yes,62,No,No phone service,DSL,Yes,Yes,No,Yes,No,Two year,No,Bank transfer (automatic),48.7,3008.55,No,2,19,125.75,Béja
Male,0,No,No,3,Yes,No,Fiber optic,No,No,Yes,Yes,No,Month-to-month,Yes,Mailed check,88.35,262.05,Yes,9,3,32.37,Gabès
Female,0,Yes,No,72,Yes,Yes,Fiber optic,Yes,Yes,Yes,Yes,Yes,Two year,Yes,Electronic check,109.55,8165.1,No,0,16,89.45,Sfax
Female,0,Yes,No,41,Yes,No,No,No internet service,No internet service,No internet service,No internet service,No internet service,Two year,No,Credit card (automatic),20.65,875.55,No,1,18,29.57,Kairouan
Male,0,Yes,Yes,29,Yes,No,Fiber optic,Yes,No,No,Yes,Yes,Month-to-month,No,Credit card (automatic),94.65,2649.15,Yes,8,2,43.82,Tozeur
Female,0,No,No,4,Yes,No,DSL,Yes,Yes,No,No,No,Month-to-month,No,Electronic check,55.2,220.65,No,4,20,35.51,Tunis
Male,0,No,No,53,Yes,Yes,No,No internet service,No internet service,No internet service,No internet service,No internet service,One year,No,Bank transfer (automatic),24.05,1301.9,No,1,13,106.98,Kairouan
Male,1,Yes,No,1,Yes,Yes,Fiber optic,No,No,No,No,No,Month-to-month,Yes,Electronic check,74.4,74.4,Yes,10,3,27.05,Ariana
Female,0,Yes,Yes,41,Yes,Yes,DSL,Yes,Yes,Yes,No,Yes,Month-to-month,No,Credit card (automatic),79.9,3326.2,Yes,10,0,29.7,Ben Arous
Male,0,Yes,No,39,Yes,No,No,No internet service,No internet service,No internet service,No internet service,No internet service,Two year,Yes,Bank transfer (automatic),20.45,790.0,No,1,15,36.75,Monastir
Male,0,Yes,No,63,Yes,No,No,No internet service,No internet service,No internet service,No internet service,No internet service,Two year,No,Mailed check,19.25,1237.65,No,3,6,18.75,Tunis
Male,0,No,No,15,Yes,Yes,No,No internet service,No internet service,No internet service,No internet service,No internet service,Month-to-month,Yes,Electronic check,26.35,378.6,No,2,6,29.11,Tunis
Female,0,Yes,No,13,Yes,No,DSL,No,No,No,No,No,One year,No,Electronic check,43.8,592.65,No,3,8,83.94,Sfax
Male,0,No,No,1,Yes,No,DSL,No,Yes,No,No,No,Month-to-month,Yes,Mailed check,50.15,50.15,No,0,27,141.32,Tunis
Male,0,No,No,1,Yes,No,No,No internet service,No internet service,No internet service,No internet service,No internet service,Two year,No,Mailed check,20.45,20.45,No,2,29,70.49,Siliana
Male,1,No,No,8,Yes,No,Fiber optic,No,No,No,No,No,Month-to-month,Yes,Electronic check,69.7,560.85,Yes,5,4,11.94,Kef
Male,0,No,No,60,Yes,No,DSL,Yes,Yes,Yes,No,No,Two year,No,Electronic check,61.4,3638.25,No,4,16,12.95,Ariana
Female,1,Yes,No,12,Yes,Yes,Fiber optic,No,Yes,Yes,Yes,No,Month-to-month,Yes,Electronic check,98.1,1060.2,Yes,10,3,3.73,Monastir
Male,0,Yes,No,40,Yes,Yes,DSL,No,Yes,No,Yes,No,One year,No,Credit card (automatic),70.75,2921.75,No,4,11,95.4,Tunis
Female,0,No,No,66,Yes,No,DSL,Yes,Yes,Yes,No,No,Two year,Yes,Bank transfer (automatic),61.15,4017.45,No,3,30,80.82,Sfax
Male,0,Yes,Yes,42,Yes,No,No,No internet service,No internet service,No internet service,No internet service,No internet service,One year,No,Mailed check,20.25,854.9,No,2,19,97.64,Kairouan
Female,1,No,No,66,Yes,Yes,DSL,Yes,Yes,No,No,No,One year,Yes,Credit card (automatic),63.85,4174.35,No,0,26,65.4,Bizerte
Male,0,No,No,49,Yes,Yes,Fiber optic,No,Yes,No,Yes,Yes,Month-to-month,No,Electronic check,98.7,4920.55,No,4,18,97.03,Tunis
Female,0,No,No,1,Yes,No,No,No internet service,No internet service,No internet service,No internet service,No internet service,Month-to-month,No,Mailed check,20.5,20.5,Yes,6,4,24.72,Mahdia
Female,0,No,No,41,Yes,No,No,No internet service,No internet service,No internet service,No internet service,No internet service,Two year,No,Mailed check,20.0,810.3,No,3,15,62.92,Mahdia
Female,0,Yes,Yes,41,Yes,No,No,No internet service,No internet service,No internet service,No internet service,No internet service,Two year,No,Bank transfer (automatic),19.3,772.4,No,2,18,76.77,Gafsa
Female,0,Yes,Yes,23,Yes,No,Fiber optic,Yes,Yes,No,No,No,Month-to-month,No,Mailed check,84.4,1936.85,No,1,25,35.54,Gafsa
Male,0,No,No,3,No,No phone service,DSL,No,No,No,No,No,Month-to-month,No,Electronic check,25.1,79.8,No,0,6,78.89,Tunis
Female,0,No,No,4,No,No phone service,DSL,Yes,No,Yes,No,Yes,Month-to-month,No,Mailed check,48.25,202.25,No,2,26,80.42,Kairouan
Female,0,Yes,Yes,52,Yes,No,No,No internet service,No internet service,No internet service,No internet service,No internet service,Two year,No,Mailed check,19.85,1070.5,No,1,30,11.98,Kairouan
Female,1,Yes,No,4,Yes,Yes,Fiber optic,Yes,No,No,Yes,Yes,Month-to-month,Yes,Electronic check,99.6,347.65,Yes,9,2,40.54,Sousse
Female,0,No,No,11,Yes,No,Fiber optic,No,Yes,Yes,No,Yes,Month-to-month,Yes,Electronic check,94.2,999.9,No,2,12,142.34,Tunis
Female,0,Yes,No,2,Yes,No,DSL,Yes,No,No,No,Yes,Month-to-month,Yes,Mailed check,62.15,113.1,No,1,10,27.36,Tunis
Female,0,Yes,No,26,Yes,Yes,Fiber optic,No,Yes,No,No,No,Month-to-month,No,Bank transfer (automatic),79.3,2015.8,No,1,17,53.16,Tunis
Male,0,Yes,Yes,24,Yes,No,DSL,Yes,No,Yes,No,No,One year,Yes,Credit card (automatic),56.25,1454.25,No,0,23,97.94,Sousse
Female,0,No,No,12,Yes,No,No,No internet service,No internet service,No internet service,No internet service,No internet service,Month-to-month,No,Mailed check,20.3,246.7,No,1,16,105.02,Kef
Male,1,Yes,No,60,Yes,Yes,Fiber optic,No,No,No,Yes,Yes,Month-to-month,Yes,Electronic check,99.0,6017.9,No,3,13,13.72,Bizerte
Female,0,Yes,Yes,64,Yes,Yes,DSL,Yes,Yes,Yes,Yes,Yes,Two year,Yes,Mailed check,90.6,5817.45,No,0,16,29.65,Zaghouan
Male,0,Yes,No,66,Yes,No,DSL,Yes,Yes,Yes,Yes,Yes,Two year,Yes,Bank transfer (automatic),85.9,5595.3,No,4,28,102.22,Kebili
Female,0,No,No,60,Yes,Yes,Fiber optic,No,No,Yes,No,No,One year,Yes,Bank transfer (automatic),79.2,4765.0,No,0,29,36.32,Mahdia
Male,0,Yes,Yes,17,Yes,Yes,DSL,Yes,No,Yes,Yes,No,One year,Yes,Bank transfer (automatic),70.35,1201.65,No,4,14,64.44,Bizerte
Male,0,Yes,Yes,42,Yes,No,No,No internet service,No internet service,No internet service,No internet service,No internet service,Two year,No,Mailed check,19.35,867.3,No,4,5,38.67,Tunis
Male,0,No,No,1,Yes,Yes,DSL,No,No,No,No,No,Month-to-month,Yes,Electronic check,50.15,50.15,No,3,30,147.68,Monastir
Female,0,Yes,Yes,47,Yes,No,DSL,No,Yes,No,No,Yes,Two year,No,Bank transfer (automatic),63.8,3007.25,No,3,22,57.19,Tunis
Female,0,Yes,No,10,Yes,No,No,No internet service,No internet service,No internet service,No internet service,No internet service,Month-to-month,Yes,Mailed check,20.55,252.75,No,4,13,134.16,Sousse
Male,1,Yes,No,70,Yes,Yes,DSL,Yes,Yes,Yes,Yes,Yes,Two year,Yes,Credit card (automatic),88.55,6306.5,No,0,10,37.82,Ariana
Male,1,No,No,67,Yes,Yes,Fiber optic,No,No,Yes,Yes,Yes,Month-to-month,Yes,Credit card (automatic),101.4,6841.05,No,2,5,78.93,Nabeul
Female,0,No,No,1,Yes,No,Fiber optic,No,No,No,No,Yes,Month-to-month,Yes,Electronic check,81.95,81.95,Yes,10,3,2.13,Jendouba
Male,0,Yes,No,7,Yes,No,Fiber optic,No,No,No,No,No,Month-to-month,Yes,Electronic check,69.35,451.1,Yes,10,4,36.75,Ariana
Male,0,No,No,1,Yes,No,DSL,No,No,No,No,No,Month-to-month,No,Mailed check,44.6,44.6,No,3,10,130.74,Gafsa
Male,0,No,No,4,Yes,No,DSL,No,Yes,No,Yes,No,Month-to-month,Yes,Bank transfer (automatic),63.75,226.2,No,4,18,104.13,Nabeul
Female,0,Yes,Yes,66,Yes,Yes,Fiber optic,Yes,Yes,Yes,Yes,Yes,Two year,No,Bank transfer (automatic),109.25,7082.5,No,4,6,33.67,Kairouan
Female,0,No,No,12,Yes,No,Fiber optic,No,Yes,No,No,Yes,Month-to-month,Yes,Electronic check,84.6,1017.35,No,3,7,86.27,Jendouba
Female,0,No,No,24,Yes,No,No,No internet service,No internet service,No internet service,No internet service,No internet service,One year,No,Credit card (automatic),20.45,527.35,No,0,17,96.17,Ben Arous
Male,0,No,No,26,Yes,No,Fiber optic,No,Yes,No,Yes,No,Month-to-month,Yes,Electronic check,85.75,2146.5,No,1,9,98.88,Médiénine
Female,0,No,No,6,Yes,No,Fiber optic,No,No,No,Yes,Yes,Month-to-month,Yes,Electronic check,91.1,455.3,Yes,7,0,49.49,Sfax
Male,0,Yes,No,57,Yes,Yes,Fiber optic,No,No,Yes,Yes,Yes,Two year,No,Electronic check,107.95,5969.85,No,4,27,110.29,Jendouba
Male,0,Yes,No,14,Yes,Yes,Fiber optic,No,No,No,Yes,No,Month-to-month,Yes,Electronic check,86.1,1235.55,Yes,7,5,31.57,Sousse
Female,0,Yes,Yes,42,Yes,Yes,No,No internet service,No internet service,No internet service,No internet service,No internet service,Two year,No,Electronic check,22.95,1014.25,No,4,5,89.8,Bizerte
Male,0,No,No,25,Yes,Yes,Fiber optic,No,No,No,Yes,Yes,Month-to-month,Yes,Bank transfer (automatic),94.7,2362.1,Yes,4,5,0.88,Sousse
Female,0,Yes,No,64,Yes,No,No,No internet service,No internet service,No internet service,No internet service,No internet service,Two year,No,Credit card (automatic),19.45,1225.65,No,3,18,98.2,Ben Arous
Male,0,Yes,No,22,Yes,Yes,Fiber optic,No,No,No,No,Yes,Month-to-month,Yes,Electronic check,85.1,1873.7,Yes,4,2,4.31,Ben Arous
Male,0,No,No,19,Yes,No,No,No internet service,No internet service,No internet service,No internet service,No internet service,One year,Yes,Credit card (automatic),19.7,386.5,No,3,29,76.12,Kairouan
Female,0,Yes,Yes,61,Yes,Yes,Fiber optic,No,Yes,No,Yes,Yes,Month-to-month,Yes,Electronic check,99.15,6010.05,Yes,4,4,28.62,Sousse
Male,0,Yes,No,22,Yes,No,Fiber optic,No,No,Yes,Yes,No,Month-to-month,Yes,Bank transfer (automatic),87.0,1850.65,No,4,22,56.84,Ben Arous
Male,1,Yes,No,70,Yes,Yes,Fiber optic,No,Yes,Yes,Yes,Yes,Month-to-month,Yes,Electronic check,102.95,7101.5,Yes,5,4,38.4,Tunis
Male,0,No,No,12,Yes,No,Fiber optic,No,No,No,No,Yes,Month-to-month,Yes,Bank transfer (automatic),79.95,1043.4,No,1,22,98.25,Monastir
Female,0,Yes,No,31,Yes,No,DSL,Yes,No,No,No,Yes,One year,Yes,Electronic check,64.0,1910.75,No,4,20,142.42,Bizerte
Female,0,No,No,11,Yes,No,DSL,No,No,No,Yes,Yes,Month-to-month,Yes,Electronic check,64.9,716.1,No,3,10,108.17,Tunis
Male,0,Yes,Yes,68,Yes,Yes,No,No internet service,No internet service,No internet service,No internet service,No internet service,Two year,No,Mailed check,25.75,1686.15,No,2,5,124.09,Siliana
Female,1,Yes,Yes,72,Yes,Yes,DSL,Yes,Yes,Yes,Yes,Yes,Two year,Yes,Bank transfer (automatic),90.15,6716.45,No,2,10,82.36,Sousse
Male,1,No,No,67,Yes,Yes,Fiber optic,Yes,Yes,Yes,Yes,Yes,Two year,Yes,Credit card (automatic),116.1,7839.85,No,1,24,146.3,Sousse
Female,0,No,No,60,Yes,No,Fiber optic,Yes,No,Yes,Yes,Yes,Month-to-month,Yes,Bank transfer (automatic),104.95,6236.75,No,2,21,88.76,Sfax
Male,0,No,No,1,Yes,No,DSL,No,No,No,No,No,Month-to-month,Yes,Mailed check,45.05,45.05,Yes,10,1,9.76,Ariana
Female,1,No,Yes,1,Yes,No,Fiber optic,No,No,No,No,No,Month-to-month,Yes,Electronic check,71.0,71.0,Yes,4,0,29.39,Siliana
Male,0,Yes,Yes,58,No,No phone service,DSL,Yes,Yes,Yes,Yes,No,One year,No,Mailed check,50.0,2919.85,No,1,11,80.24,Sousse
Female,1,Yes,Yes,47,Yes,No,Fiber optic,No,No,No,No,No,Month-to-month,No,Bank transfer (automatic),70.55,3309.25,Yes,4,3,27.82,Bizerte
Female,0,No,No,1,Yes,No,Fiber optic,No,No,No,No,Yes,Month-to-month,Yes,Electronic check,79.7,79.7,Yes,9,2,16.24,Kef
Male,0,No,No,1,Yes,No,No,No internet service,No internet service,No internet service,No internet service,No internet service,Month-to-month,No,Mailed check,20.45,20.45,No,0,27,92.18,Sousse
Male,0,No,No,22,Yes,Yes,DSL,Yes,Yes,No,No,No,Month-to-month,No,Electronic check,59.0,1254.7,Yes,6,4,13.15,Tunis
Female,0,No,No,48,Yes,No,DSL,Yes,No,Yes,No,No,One year,Yes,Credit card (automatic),60.35,2896.4,Yes,7,5,3.89,Tunis
Female,0,Yes,No,37,Yes,No,No,No internet service,No internet service,No internet service,No internet service,No internet service,One year,Yes,Bank transfer (automatic),19.85,717.5,No,2,10,15.79,Ariana
Male,0,No,No,13,Yes,No,No,No internet service,No internet service,No internet service,No internet service,No internet service,One year,Yes,Electronic check,19.95,253.8,No,4,5,144.97,Nabeul
Male,0,No,No,43,Yes,Yes,No,No internet service,No internet service,No internet service,No internet service,No internet service,Two year,No,Bank transfer (automatic),26.45,1110.05,No,4,22,41.5,Sousse
Female,0,No,No,6,No,No phone service,DSL,Yes,Yes,Yes,Yes,Yes,Two year,Yes,Mailed check,63.4,348.8,No,0,16,49.73,Mahdia
Male,0,No,No,71,No,No phone service,DSL,Yes,Yes,Yes,Yes,No,Two year,No,Bank transfer (automatic),53.95,3888.65,No,3,28,15.46,Monastir
Female,1,Yes,Yes,1,Yes,No,Fiber optic,No,No,No,No,No,Month-to-month,Yes,Electronic check,69.25,69.25,Yes,7,2,31.94,Kasserine
Female,0,Yes,Yes,72,Yes,Yes,Fiber optic,Yes,Yes,No,Yes,No,Two year,Yes,Electronic check,95.1,6843.15,No,2,18,116.93,Siliana
Female,1,No,No,6,Yes,No,Fiber optic,Yes,No,No,No,No,Month-to-month,Yes,Electronic check,74.1,450.9,No,0,7,104.69,Gabès
Male,0,Yes,Yes,12,No,No phone service,DSL,No,Yes,No,No,No,Month-to-month,No,Mailed check,35.5,432.25,No,2,23,102.7,Sousse
Male,0,No,No,25,Yes,No,Fiber optic,No,No,No,No,No,Month-to-month,No,Mailed check,70.95,1767.35,Yes,7,0,44.87,Tunis
Female,0,Yes,No,21,Yes,No,Fiber optic,No,No,Yes,No,No,One year,No,Electronic check,79.2,1742.45,No,3,16,63.13,Jendouba
Female,0,Yes,Yes,6,Yes,No,DSL,No,No,No,No,No,Month-to-month,Yes,Mailed check,48.8,297.35,No,1,27,146.18,Sousse
Male,0,Yes,No,20,Yes,No,Fiber optic,No,No,No,Yes,Yes,Month-to-month,Yes,Mailed check,89.0,1820.45,Yes,10,5,14.92,Monastir
Male,0,Yes,No,18,Yes,Yes,Fiber optic,Yes,No,No,Yes,Yes,Month-to-month,Yes,Electronic check,99.4,1742.95,Yes,8,3,28.12,Sfax
Female,0,No,No,43,Yes,No,DSL,No,Yes,No,No,No,One year,No,Electronic check,55.45,2444.25,No,3,25,146.32,Ariana
Female,0,Yes,Yes,35,Yes,Yes,No,No internet service,No internet service,No internet service,No internet service,No internet service,Two year,Yes,Credit card (automatic),25.4,949.8,No,4,28,37.11,Sousse
Female,0,No,No,1,Yes,No,Fiber optic,No,No,Yes,No,No,Month-to-month,No,Bank transfer (automatic),73.5,73.5,Yes,4,1,5.09,Monastir
Male,1,Yes,No,32,Yes,Yes,Fiber optic,No,Yes,Yes,No,Yes,Month-to-month,Yes,Electronic check,93.5,2970.8,No,1,11,43.96,Tunis
Male,0,No,No,52,No,No phone service,DSL,Yes,Yes,Yes,Yes,Yes,Two year,No,Credit card (automatic),63.9,3334.95,No,3,16,112.88,Sidi Bouzid
Male,0,No,No,32,Yes,No,DSL,No,No,No,Yes,Yes,One year,Yes,Bank transfer (automatic),64.85,2010.95,No,3,13,59.33,Tunis
Female,0,Yes,Yes,72,No,No phone service,DSL,Yes,Yes,Yes,Yes,Yes,Two year,Yes,Bank transfer (automatic),63.8,4684.3,No,0,29,122.74,Nabeul
Male,0,No,No,51,No,No phone service,DSL,Yes,No,No,No,Yes,Month-to-month,Yes,Credit card (automatic),44.45,2181.55,No,0,9,88.19,Tunis
Male,0,Yes,Yes,68,Yes,No,No,No internet service,No internet service,No internet service,No internet service,No internet service,Two year,Yes,Bank transfer (automatic),19.95,1303.25,No,0,18,114.12,Tunis
Male,1,Yes,No,8,No,No phone service,DSL,No,Yes,Yes,No,Yes,Month-to-month,Yes,Mailed check,43.35,371.4,No,3,29,72.13,Siliana
Male,0,Yes,No,49,No,No phone service,DSL,No,Yes,No,Yes,Yes,Two year,No,Credit card (automatic),49.65,2409.9,No,4,17,42.57,Kairouan
Female,0,Yes,No,72,Yes,No,DSL,Yes,Yes,Yes,Yes,Yes,Two year,No,Mailed check,85.1,6155.4,No,1,15,146.94,Ben Arous
Male,0,No,No,9,Yes,Yes,Fiber optic,No,No,No,Yes,Yes,Month-to-month,Yes,Electronic check,95.5,829.1,Yes,10,4,24.2,Siliana
Female,0,Yes,No,28,Yes,No,Fiber optic,Yes,No,No,Yes,Yes,Month-to-month,Yes,Mailed check,92.35,2602.9,Yes,7,2,30.82,Médiénine
Male,0,No,No,54,Yes,No,Fiber optic,Yes,No,Yes,Yes,No,Month-to-month,No,Mailed check,89.8,4667.0,No,4,22,103.64,Sousse
Male,0,No,No,11,Yes,No,Fiber optic,No,Yes,No,No,No,Month-to-month,Yes,Electronic check,74.55,824.75,Yes,9,0,28.88,Ben Arous
Female,0,Yes,Yes,50,Yes,No,Fiber optic,No,No,Yes,Yes,Yes,One year,No,Mailed check,103.05,5153.5,No,0,5,50.69,Mahdia
Female,0,Yes,No,69,Yes,Yes,Fiber optic,Yes,Yes,Yes,Yes,Yes,Two year,Yes,Electronic check,116.0,8182.85,No,0,17,43.23,Sousse
Male,0,No,No,1,Yes,No,Fiber optic,No,No,No,No,No,Month-to-month,Yes,Electronic check,69.9,69.9,No,4,13,73.7,Mahdia
Male,0,Yes,Yes,68,Yes,No,Fiber optic,Yes,Yes,No,No,Yes,Two year,No,Bank transfer (automatic),95.1,6683.4,No,4,19,119.79,Kef
Male,0,No,Yes,40,No,No phone service,DSL,Yes,Yes,No,No,No,One year,No,Mailed check,40.25,1564.05,No,3,20,37.94,Ariana
Male,0,Yes,Yes,31,Yes,Yes,No,No internet service,No internet service,No internet service,No internet service,No internet service,Two year,No,Mailed check,25.75,755.6,No,1,15,123.11,Kasserine
Female,1,No,Yes,33,Yes,Yes,Fiber optic,No,Yes,Yes,Yes,Yes,Month-to-month,Yes,Bank transfer (automatic),105.35,3465.05,No,3,11,147.87,Bizerte
Male,1,Yes,No,55,Yes,Yes,Fiber optic,No,Yes,Yes,Yes,Yes,Two year,Yes,Electronic check,113.6,6292.7,No,3,24,56.66,Sousse
Male,0,Yes,Yes,68,Yes,Yes,No,No internet service,No internet service,No internet service,No internet service,No internet service,Two year,Yes,Bank transfer (automatic),24.0,1664.3,No,4,17,77.06,Sidi Bouzid
Female,0,Yes,Yes,12,Yes,No,No,No internet service,No internet service,No internet service,No internet service,No internet service,Month-to-month,No,Bank transfer (automatic),19.4,198.1,No,1,23,139.63,Tataouine
Male,0,Yes,No,71,Yes,No,DSL,Yes,Yes,Yes,Yes,Yes,Two year,Yes,Bank transfer (automatic),86.1,6045.9,No,2,15,13.86,Bizerte
Male,0,No,No,40,Yes,Yes,Fiber optic,No,Yes,Yes,Yes,Yes,Month-to-month,Yes,Mailed check,102.65,4108.15,No,1,6,63.5,Ben Arous
Female,0,Yes,Yes,64,Yes,Yes,Fiber optic,No,Yes,Yes,No,Yes,One year,Yes,Electronic check,92.85,5980.75,No,4,25,59.66,Monastir
Male,0,Yes,No,53,Yes,Yes,Fiber optic,No,Yes,No,No,Yes,One year,No,Bank transfer (automatic),97.75,5043.2,No,1,14,17.39,Kasserine
Male,1,No,No,12,Yes,No,Fiber optic,No,Yes,Yes,No,No,Month-to-month,Yes,Mailed check,83.8,1029.75,Yes,10,4,44.37,Tunis
Male,1,No,No,53,No,No phone service,DSL,No,Yes,Yes,Yes,Yes,Month-to-month,Yes,Electronic check,54.45,2854.55,Yes,8,4,0.57,Kairouan
Male,0,Yes,No,72,Yes,Yes,Fiber optic,Yes,Yes,Yes,Yes,No,Two year,Yes,Credit card (automatic),97.95,7114.25,No,1,29,47.25,Kef
Male,0,No,No,46,Yes,No,No,No internet service,No internet service,No internet service,No internet service,No internet service,Two year,No,Electronic check,19.95,907.05,No,2,12,29.97,Sidi Bouzid
Male,0,No,No,40,Yes,Yes,No,No internet service,No internet service,No internet service,No internet service,No internet service,Two year,Yes,Mailed check,24.6,973.95,No,0,7,57.24,Gabès
Male,0,No,No,12,No,No phone service,DSL,Yes,Yes,No,Yes,No,Month-to-month,Yes,Bank transfer (automatic),50.95,605.75,No,4,15,22.9,Bizerte
Male,0,No,No,9,Yes,No,Fiber optic,Yes,No,No,No,No,Month-to-month,No,Electronic check,75.6,661.55,No,4,11,131.55,Sfax
Female,0,Yes,Yes,51,Yes,Yes,Fiber optic,No,No,No,No,No,Month-to-month,Yes,Electronic check,80.75,4116.9,No,0,9,121.84,Ben Arous
Male,0,Yes,Yes,49,Yes,No,Fiber optic,No,Yes,Yes,Yes,No,Month-to-month,Yes,Credit card (automatic),90.4,4494.65,No,0,7,95.76,Tunis
Male,1,Yes,No,41,Yes,Yes,Fiber optic,No,No,Yes,Yes,Yes,Month-to-month,Yes,Electronic check,99.8,4259.3,Yes,7,0,45.26,Bizerte
Female,0,No,No,56,Yes,No,DSL,Yes,No,Yes,No,No,One year,Yes,Credit card (automatic),60.25,3282.75,No,1,9,106.54,Zaghouan
Male,0,No,No,4,Yes,No,No,No internet service,No internet service,No internet service,No internet service,No internet service,Month-to-month,Yes,Electronic check,20.2,55.7,No,3,18,62.13,Sidi Bouzid
Male,0,Yes,No,20,Yes,No,DSL,Yes,No,No,No,Yes,One year,Yes,Mailed check,64.15,1274.45,No,1,11,73.21,Zaghouan
Female,0,Yes,Yes,26,Yes,No,No,No internet service,No internet service,No internet service,No internet service,No internet service,Month-to-month,Yes,Credit card (automatic),20.25,493.95,No,1,8,65.03,Monastir
Female,0,Yes,Yes,20,Yes,Yes,Fiber optic,No,Yes,Yes,Yes,Yes,Month-to-month,Yes,Bank transfer (automatic),105.85,2239.65,Yes,8,0,0.92,Manouba
Female,0,No,No,7,Yes,Yes,Fiber optic,No,No,No,No,No,Month-to-month,No,Mailed check,75.45,480.75,Yes,4,2,9.3,Kasserine
Male,0,No,No,7,Yes,Yes,Fiber optic,No,No,No,Yes,Yes,Month-to-month,Yes,Electronic check,93.85,635.6,Yes,4,5,49.01,Ben Arous
Male,0,No,No,51,Yes,No,Fiber optic,No,Yes,Yes,Yes,Yes,Month-to-month,Yes,Electronic check,99.0,5038.15,No,1,10,113.97,Tozeur
Female,0,No,No,4,Yes,Yes,Fiber optic,No,Yes,No,No,No,Month-to-month,Yes,Mailed check,80.3,324.2,No,1,13,145.58,Ariana
Female,0,No,No,1,Yes,No,No,No internet service,No internet service,No internet service,No internet service,No internet service,Month-to-month,No,Credit card (automatic),19.55,19.55,No,4,28,84.01,Sousse
Male,0,Yes,Yes,27,Yes,Yes,Fiber optic,Yes,Yes,No,Yes,No,Month-to-month,No,Electronic check,100.75,2793.55,No,3,8,78.12,Gabès
Male,0,No,No,22,Yes,Yes,Fiber optic,Yes,No,No,Yes,Yes,Month-to-month,Yes,Electronic check,100.75,2095.0,Yes,6,4,44.87,Jendouba
Male,0,No,No,12,Yes,No,DSL,No,Yes,No,No,No,Month-to-month,Yes,Mailed check,53.75,648.65,No,1,23,143.6,Kasserine
Female,0,Yes,Yes,3,No,No phone service,DSL,No,No,No,No,No,Month-to-month,Yes,Mailed check,31.0,95.05,Yes,7,0,36.71,Tozeur
Female,0,Yes,Yes,34,Yes,Yes,No,No internet service,No internet service,No internet service,No internet service,No internet service,One year,Yes,Credit card (automatic),25.6,917.15,No,4,5,128.43,Monastir
Male,0,Yes,No,24,Yes,Yes,DSL,Yes,No,No,No,No,One year,Yes,Electronic check,58.35,1346.9,No,3,24,76.27,Gafsa
Male,0,No,No,51,Yes,Yes,Fiber optic,No,No,Yes,No,No,Month-to-month,No,Credit card (automatic),80.0,4242.35,Yes,9,4,41.99,Sfax
Female,1,No,No,14,No,No phone service,DSL,No,No,No,Yes,Yes,Month-to-month,Yes,Electronic check,46.35,672.7,No,4,5,41.48,Gabès
Male,0,Yes,No,59,Yes,Yes,Fiber optic,Yes,Yes,Yes,Yes,Yes,Two year,No,Electronic check,113.75,6561.25,No,3,15,139.51,Kairouan
Male,0,No,No,3,Yes,No,Fiber optic,No,Yes,Yes,No,Yes,Month-to-month,No,Electronic check,90.4,268.45,No,1,16,29.99,Sfax
Female,0,Yes,Yes,65,Yes,Yes,Fiber optic,Yes,No,Yes,Yes,Yes,Two year,No,Electronic check,109.3,7337.55,No,0,10,13.9,Gabès
Male,1,No,No,5,Yes,No,Fiber optic,No,No,No,No,No,Month-to-month,Yes,Mailed check,70.25,331.9,Yes,9,3,19.36,Tunis
Female,0,Yes,Yes,59,Yes,Yes,DSL,Yes,Yes,Yes,Yes,Yes,Two year,No,Credit card (automatic),90.3,5194.05,No,1,9,108.77,Jendouba
Male,0,Yes,Yes,72,No,No phone service,DSL,Yes,Yes,Yes,Yes,Yes,Two year,Yes,Credit card (automatic),65.25,4478.85,No,2,28,106.71,Ariana
Female,0,Yes,Yes,62,Yes,No,Fiber optic,No,Yes,Yes,Yes,Yes,Month-to-month,Yes,Electronic check,100.15,6283.3,Yes,8,3,33.67,Bizerte
Male,0,No,No,28,Yes,Yes,Fiber optic,Yes,Yes,No,No,Yes,Month-to-month,Yes,Credit card (automatic),94.5,2659.4,Yes,5,5,5.25,Ariana
Male,0,No,No,3,Yes,No,DSL,No,No,No,No,Yes,Month-to-month,No,Mailed check,60.65,196.9,No,3,16,89.62,Siliana
Male,0,No,Yes,19,Yes,Yes,No,No internet service,No internet service,No internet service,No internet service,No internet service,Month-to-month,Yes,Credit card (automatic),24.1,439.2,No,4,30,142.22,Gabès
Male,0,No,No,1,Yes,No,No,No internet service,No internet service,No internet service,No internet service,No internet service,Month-to-month,Yes,Mailed check,19.5,19.5,No,2,13,25.95,Tunis
Male,0,No,No,24,Yes,No,Fiber optic,No,Yes,Yes,No,No,Month-to-month,Yes,Electronic check,85.95,2107.15,No,1,14,112.45,Kairouan
Male,1,No,No,57,Yes,No,DSL,No,No,Yes,No,No,One year,Yes,Electronic check,53.5,3035.8,No,2,17,12.07,Sidi Bouzid
Female,0,No,No,72,Yes,Yes,No,No internet service,No internet service,No internet service,No internet service,No internet service,Two year,No,Credit card (automatic),25.45,1866.45,No,4,28,71.59,Tunis
Male,0,No,No,67,Yes,No,No,No internet service,No internet service,No internet service,No internet service,No internet service,Two year,No,Bank transfer (automatic),20.5,1430.95,No,4,9,60.6,Sfax
Male,0,Yes,Yes,52,Yes,No,No,No internet service,No internet service,No internet service,No internet service,No internet service,One year,Yes,Credit card (automatic),20.85,1071.6,No,3,17,73.93,Ariana
Male,0,Yes,Yes,71,Yes,Yes,DSL,Yes,Yes,Yes,Yes,Yes,Two year,No,Credit card (automatic),89.9,6457.15,No,4,24,102.8,Sfax
Female,0,Yes,No,26,Yes,Yes,No,No internet service,No internet service,No internet service,No internet service,No internet service,One year,No,Mailed check,26.0,684.05,No,1,8,119.71,Béja
Female,0,No,No,35,Yes,Yes,Fiber optic,Yes,Yes,Yes,Yes,Yes,Two year,Yes,Mailed check,113.2,3914.05,No,4,12,32.1,Ben Arous
Female,0,Yes,Yes,55,Yes,No,Fiber optic,No,No,No,No,No,Two year,Yes,Credit card (automatic),69.05,3842.6,No,1,11,100.82,Tunis
Female,0,Yes,Yes,33,Yes,No,No,No internet service,No internet service,No internet service,No internet service,No internet service,Two year,No,Mailed check,20.1,670.35,No,3,8,70.81,Tunis
Male,0,Yes,No,72,Yes,Yes,Fiber optic,Yes,Yes,Yes,Yes,Yes,Two year,Yes,Electronic check,109.65,7880.25,No,3,12,18.32,Manouba
Male,0,No,Yes,1,Yes,No,No,No internet service,No internet service,No internet service,No internet service,No internet service,Month-to-month,Yes,Mailed check,19.2,19.2,No,1,19,97.78,Kef
Male,0,No,No,10,No,No phone service,DSL,No,No,No,No,Yes,Month-to-month,Yes,Mailed check,33.9,298.45,Yes,6,4,47.55,Tunis
Female,1,Yes,No,37,Yes,No,Fiber optic,No,No,Yes,Yes,No,Month-to-month,No,Electronic check,90.0,3371.75,No,3,16,23.39,Sfax
Male,0,No,No,12,No,No phone service,DSL,No,Yes,No,No,No,Month-to-month,No,Mailed check,34.0,442.45,No,2,27,137.6,Sousse
Male,0,Yes,Yes,1,Yes,No,No,No internet service,No internet service,No internet service,No internet service,No internet service,One year,No,Mailed check,20.4,20.4,No,1,5,106.57,Mahdia
Male,0,Yes,No,62,No,No phone service,DSL,Yes,Yes,No,No,No,Two year,Yes,Credit card (automatic),38.6,2345.55,No,2,22,51.94,Sfax
Female,0,No,No,1,No,No phone service,DSL,No,No,No,No,No,Month-to-month,No,Bank transfer (automatic),25.25,25.25,No,3,30,25.8,Jendouba
Female,0,No,No,18,Yes,Yes,DSL,Yes,No,Yes,No,No,Month-to-month,Yes,Mailed check,60.6,1156.35,No,2,26,22.42,Gabès
Male,1,Yes,No,69,Yes,Yes,Fiber optic,No,Yes,No,Yes,No,Month-to-month,Yes,Electronic check,89.95,6143.15,Yes,5,1,16.54,Ariana
Male,0,No,No,2,Yes,No,Fiber optic,No,Yes,No,No,No,Month-to-month,Yes,Electronic check,74.75,144.8,No,3,12,118.61,Ben Arous
Male,0,Yes,Yes,19,Yes,No,No,No internet service,No internet service,No internet service,No internet service,No internet service,Month-to-month,No,Mailed check,20.6,414.95,No,2,19,59.6,Tunis
Male,0,No,No,12,Yes,Yes,Fiber optic,No,No,No,Yes,No,Month-to-month,Yes,Electronic check,84.45,1059.55,Yes,6,0,39.07,Monastir
Male,0,No,No,9,Yes,No,No,No internet service,No internet service,No internet service,No internet service,No internet service,Month-to-month,No,Mailed check,20.4,181.8,No,2,26,76.68,Jendouba
Male,0,No,No,27,Yes,No,DSL,Yes,No,Yes,Yes,Yes,One year,No,Electronic check,81.7,2212.55,No,3,11,94.3,Ariana
Male,0,No,Yes,27,Yes,Yes,Fiber optic,No,No,No,No,No,Month-to-month,Yes,Electronic check,79.5,2180.55,Yes,4,1,23.7,Manouba
Male,0,Yes,Yes,1,Yes,No,Fiber optic,No,No,No,Yes,Yes,Month-to-month,No,Mailed check,89.15,89.15,Yes,10,3,24.9,Tunis
Female,1,No,No,24,Yes,No,No,No internet service,No internet service,No internet service,No internet service,No internet service,Month-to-month,Yes,Mailed check,20.3,459.95,No,1,10,113.43,Tunis
Male,1,No,No,14,Yes,Yes,Fiber optic,No,No,No,No,No,Month-to-month,Yes,Electronic check,74.95,1036.75,Yes,10,3,43.93,Béja
Female,1,No,No,32,Yes,No,Fiber optic,No,Yes,No,No,No,Month-to-month,Yes,Electronic check,74.4,2276.95,Yes,10,2,3.3,Gabès
Female,0,No,No,11,Yes,No,No,No internet service,No internet service,No internet service,No internet service,No internet service,One year,No,Mailed check,20.0,211.95,No,0,5,49.35,Monastir
Male,0,No,No,1,Yes,Yes,No,No internet service,No internet service,No internet service,No internet service,No internet service,Month-to-month,Yes,Mailed check,25.0,25.0,No,2,14,39.6,Kairouan
Male,1,No,Yes,38,Yes,Yes,Fiber optic,Yes,No,No,No,No,Month-to-month,Yes,Mailed check,80.45,3162.65,No,3,10,146.75,Sfax
Female,0,Yes,Yes,9,Yes,No,No,No internet service,No internet service,No internet service,No internet service,No internet service,Two year,No,Mailed check,19.75,210.65,No,3,18,45.39,Ariana
Male,0,Yes,Yes,54,Yes,Yes,DSL,Yes,Yes,No,No,No,Two year,Yes,Credit card (automatic),65.65,3566.7,No,1,13,104.52,Zaghouan
Female,0,No,No,29,Yes,Yes,DSL,No,No,No,Yes,Yes,One year,Yes,Credit card (automatic),71.0,2080.1,No,4,10,15.76,Ben Arous
Male,1,Yes,No,44,Yes,Yes,Fiber optic,No,No,Yes,Yes,No,Month-to-month,Yes,Electronic check,89.2,4040.2,No,1,18,37.4,Kasserine
Male,0,Yes,Yes,59,Yes,No,DSL,Yes,Yes,Yes,Yes,Yes,Two year,Yes,Electronic check,86.75,5186.0,No,2,25,78.46,Ben Arous
Female,0,No,No,3,Yes,No,DSL,No,No,No,No,Yes,Month-to-month,Yes,Electronic check,55.3,196.15,Yes,5,3,37.35,Sidi Bouzid
Female,0,Yes,Yes,18,Yes,No,DSL,Yes,Yes,No,No,No,One year,Yes,Mailed check,61.5,1087.45,No,1,12,121.5,Béja
Male,1,No,No,67,Yes,Yes,No,No internet service,No internet service,No internet service,No internet service,No internet service,Two year,No,Credit card (automatic),25.1,1672.15,No,2,27,131.08,Monastir
Female,0,Yes,Yes,22,Yes,No,DSL,No,Yes,No,No,No,Month-to-month,No,Electronic check,55.15,1206.05,Yes,4,5,6.12,Béja
Male,0,No,Yes,33,No,No phone service,DSL,Yes,No,No,No,No,One year,No,Credit card (automatic),34.05,1113.95,No,0,25,145.84,Bizerte
Male,0,No,No,5,Yes,No,No,No internet service,No internet service,No internet service,No internet service,No internet service,Month-to-month,No,Mailed check,19.95,107.05,No,2,19,96.65,Monastir
Female,0,No,No,2,Yes,No,No,No internet service,No internet service,No internet service,No internet service,No internet service,Month-to-month,No,Mailed check,19.95,38.15,No,1,25,70.61,Béja
Male,0,Yes,Yes,72,Yes,Yes,DSL,Yes,Yes,Yes,Yes,Yes,Two year,No,Credit card (automatic),89.7,6339.3,No,0,9,122.97,Ben Arous
Male,0,No,Yes,9,Yes,No,No,No internet service,No internet service,No internet service,No internet service,No internet service,Month-to-month,No,Mailed check,20.4,184.1,No,1,13,97.61,Bizerte
Male,0,Yes,Yes,67,Yes,Yes,No,No internet service,No internet service,No internet service,No internet service,No internet service,Two year,No,Mailed check,26.3,1688.9,No,2,13,149.58,Ariana
Female,0,Yes,No,16,Yes,Yes,Fiber optic,No,No,No,Yes,No,Month-to-month,Yes,Electronic check,84.95,1378.25,Yes,7,5,44.55,Gabès
Female,0,No,No,8,Yes,No,No,No internet service,No internet service,No internet service,No internet service,No internet service,Month-to-month,Yes,Mailed check,20.7,137.6,No,1,30,13.8,Ariana
Male,0,No,No,5,No,No phone service,DSL,Yes,Yes,Yes,No,No,Month-to-month,Yes,Mailed check,43.25,219.0,Yes,10,1,49.97,Tunis
Male,0,Yes,Yes,23,Yes,Yes,DSL,No,No,No,No,No,One year,Yes,Credit card (automatic),48.35,1067.15,Yes,7,3,23.11,Kef
Male,0,No,No,1,Yes,No,Fiber optic,No,No,No,Yes,No,Month-to-month,Yes,Electronic check,79.55,79.55,Yes,5,5,10.6,Siliana
Female,1,Yes,No,50,Yes,No,Fiber optic,No,No,No,No,No,Month-to-month,Yes,Electronic check,71.05,3444.85,Yes,4,2,38.24,Nabeul
Male,0,No,No,17,Yes,No,No,No internet service,No internet service,No internet service,No internet service,No internet service,Two year,No,Credit card (automatic),19.45,369.05,No,0,14,104.21,Monastir
Female,0,Yes,No,68,Yes,Yes,Fiber optic,Yes,Yes,Yes,Yes,Yes,Two year,Yes,Bank transfer (automatic),110.8,7553.6,No,4,20,118.53,Tozeur
Male,0,No,No,1,Yes,Yes,Fiber optic,No,No,No,Yes,No,Month-to-month,No,Electronic check,84.5,84.5,Yes,8,3,35.87,Médiénine
Female,1,Yes,No,25,Yes,No,Fiber optic,No,No,No,No,No,Month-to-month,Yes,Electronic check,69.3,1813.1,No,3,24,115.76,Sousse
Male,0,No,No,67,No,No phone service,DSL,Yes,No,Yes,Yes,No,One year,Yes,Bank transfer (automatic),49.35,3321.35,No,0,14,95.49,Ben Arous
Male,0,No,No,32,Yes,No,No,No internet service,No internet service,No internet service,No internet service,No internet service,One year,No,Credit card (automatic),20.35,707.5,No,1,13,13.81,Kairouan
Female,1,Yes,No,67,Yes,Yes,Fiber optic,Yes,Yes,No,Yes,Yes,One year,Yes,Electronic check,105.6,7112.15,No,1,14,18.53,Kasserine
Male,1,Yes,No,72,No,No phone service,DSL,Yes,Yes,Yes,Yes,Yes,Two year,Yes,Credit card (automatic),64.45,4641.1,No,0,6,149.01,Monastir
Male,0,Yes,No,71,Yes,Yes,Fiber optic,No,Yes,Yes,Yes,Yes,Two year,Yes,Credit card (automatic),108.6,7690.9,Yes,9,3,49.39,Ben Arous
Male,0,No,Yes,1,Yes,No,DSL,No,Yes,No,No,No,Month-to-month,Yes,Electronic check,49.9,49.9,No,1,12,93.58,Tunis
Male,0,No,No,46,No,No phone service,DSL,No,Yes,No,No,No,Month-to-month,No,Bank transfer (automatic),30.3,1380.1,Yes,6,3,21.24,Ben Arous
Female,1,No,No,2,No,No phone service,DSL,No,No,Yes,No,No,Month-to-month,Yes,Electronic check,30.4,78.65,Yes,8,5,19.91,Gabès
Female,0,No,No,1,Yes,No,DSL,No,No,No,No,No,Month-to-month,Yes,Mailed check,45.4,45.4,Yes,7,0,31.34,Gabès
Female,0,Yes,No,48,Yes,No,DSL,No,Yes,Yes,No,Yes,One year,Yes,Electronic check,65.65,3094.65,No,1,22,91.04,Sidi Bouzid
Female,0,Yes,No,61,Yes,Yes,Fiber optic,No,No,Yes,Yes,Yes,One year,Yes,Bank transfer (automatic),103.3,6518.35,No,0,9,63.58,Gafsa
Female,0,Yes,No,32,Yes,No,Fiber optic,No,Yes,No,No,Yes,Month-to-month,No,Bank transfer (automatic),84.15,2585.95,Yes,9,2,45.39,Sfax
Female,0,No,No,2,Yes,No,DSL,No,No,No,No,No,Month-to-month,No,Electronic check,44.45,82.7,No,0,29,17.89,Sidi Bouzid
Female,0,No,No,3,Yes,No,No,No internet service,No internet service,No internet service,No internet service,No internet service,Month-to-month,No,Electronic check,19.75,58.85,Yes,10,2,19.47,Nabeul
Female,0,No,No,5,Yes,No,Fiber optic,No,No,No,No,Yes,Month-to-month,Yes,Credit card (automatic),85.4,425.9,Yes,6,3,31.45,Monastir
Female,0,Yes,Yes,71,Yes,Yes,DSL,Yes,Yes,Yes,Yes,Yes,Two year,No,Bank transfer (automatic),89.9,6342.7,No,0,25,96.5,Nabeul
Male,0,Yes,No,37,Yes,Yes,DSL,Yes,No,No,No,No,Month-to-month,Yes,Mailed check,55.05,2030.75,No,1,10,127.41,Gafsa
Male,0,Yes,Yes,65,Yes,Yes,Fiber optic,No,No,Yes,Yes,Yes,Two year,Yes,Bank transfer (automatic),104.1,6700.05,No,0,26,145.22,Tunis
Female,0,No,Yes,67,Yes,Yes,Fiber optic,No,Yes,No,Yes,Yes,One year,Yes,Bank transfer (automatic),106.6,7244.7,No,3,20,73.8,Tunis
Male,0,No,Yes,49,Yes,Yes,Fiber optic,No,No,No,No,No,Month-to-month,No,Credit card (automatic),75.2,3678.3,Yes,4,2,8.2,Ariana
Male,0,Yes,Yes,50,Yes,Yes,DSL,Yes,No,No,Yes,No,Two year,Yes,Credit card (automatic),70.5,3486.65,No,1,7,113.45,Bizerte
Male,0,Yes,Yes,25,Yes,No,No,No internet service,No internet service,No internet service,No internet service,No internet service,One year,No,Electronic check,19.6,411.15,No,2,23,123.96,Sfax
Female,0,No,Yes,17,Yes,Yes,DSL,No,No,Yes,No,No,One year,Yes,Mailed check,55.85,937.5,Yes,5,5,19.64,Kasserine
Female,0,Yes,Yes,64,Yes,Yes,No,No internet service,No internet service,No internet service,No internet service,No internet service,Two year,Yes,Mailed check,24.05,1559.15,No,1,28,72.43,Siliana
Male,0,Yes,No,25,No,No phone service,DSL,No,No,Yes,Yes,No,One year,Yes,Credit card (automatic),38.1,970.4,No,3,6,14.82,Ariana
Male,1,No,No,23,Yes,Yes,Fiber optic,No,Yes,Yes,Yes,Yes,Month-to-month,Yes,Electronic check,106.4,2483.5,Yes,8,4,29.98,Kasserine
Male,1,Yes,No,24,No,No phone service,DSL,No,No,Yes,No,No,Month-to-month,No,Mailed check,34.25,828.2,No,0,14,85.92,Sfax
Female,0,No,No,37,Yes,Yes,Fiber optic,No,No,Yes,Yes,Yes,Month-to-month,Yes,Electronic check,100.05,3810.55,No,1,26,25.24,Zaghouan
Female,0,No,No,21,Yes,No,Fiber optic,No,No,No,No,No,Month-to-month,Yes,Electronic check,68.65,1493.2,No,3,6,52.08,Kasserine
Male,0,No,No,1,Yes,No,DSL,No,No,No,No,No,Month-to-month,Yes,Mailed check,45.8,45.8,No,1,30,47.61,Tunis
Female,0,No,No,10,Yes,Yes,Fiber optic,No,No,No,No,No,Month-to-month,Yes,Mailed check,75.75,777.3,No,4,25,113.24,Sousse
Male,0,No,No,6,Yes,No,Fiber optic,No,Yes,No,No,Yes,Month-to-month,Yes,Electronic check,84.4,556.35,Yes,4,1,39.51,Tunis
Male,0,Yes,No,51,Yes,Yes,Fiber optic,Yes,Yes,No,No,Yes,One year,Yes,Credit card (automatic),96.4,4911.05,No,0,9,14.35,Béja
Female,0,No,No,10,Yes,No,No,No internet service,No internet service,No internet service,No internet service,No internet service,Month-to-month,Yes,Mailed check,20.55,187.35,No,3,28,106.65,Sfax
Female,0,No,No,6,No,No phone service,DSL,Yes,Yes,No,No,Yes,Month-to-month,No,Credit card (automatic),50.95,307.6,No,3,14,149.61,Ben Arous
Male,0,Yes,Yes,47,Yes,Yes,DSL,Yes,Yes,Yes,Yes,Yes,Two year,Yes,Mailed check,90.5,4318.35,No,4,12,113.45,Kasserine
Female,0,Yes,Yes,61,Yes,Yes,DSL,Yes,Yes,Yes,No,Yes,One year,Yes,Electronic check,79.4,4820.55,No,0,6,118.78,Zaghouan
Female,0,No,No,52,No,No phone service,DSL,Yes,Yes,Yes,Yes,Yes,Two year,Yes,Bank transfer (automatic),58.75,3038.55,No,3,17,53.82,Gabès
Female,0,Yes,Yes,35,Yes,Yes,DSL,Yes,Yes,No,No,No,Month-to-month,Yes,Credit card (automatic),59.45,2136.9,No,2,29,91.27,Jendouba
Male,0,Yes,No,71,Yes,Yes,Fiber optic,No,Yes,Yes,Yes,Yes,One year,Yes,Bank transfer (automatic),105.7,7472.15,No,4,11,20.3,Jendouba
Female,0,No,No,6,Yes,No,DSL,Yes,Yes,No,No,No,Month-to-month,No,Electronic check,56.25,389.1,Yes,7,1,45.6,Tunis
Male,0,Yes,No,45,Yes,No,DSL,Yes,No,Yes,No,No,Two year,No,Credit card (automatic),53.3,2296.25,No,3,24,124.32,Médiénine
Female,1,No,No,2,Yes,Yes,Fiber optic,No,No,No,Yes,No,Month-to-month,Yes,Electronic check,85.55,187.45,Yes,7,3,22.35,Nabeul
Female,0,No,No,4,Yes,No,DSL,No,Yes,No,Yes,Yes,Month-to-month,Yes,Bank transfer (automatic),68.65,261.25,Yes,5,1,20.0,Mahdia
Male,0,No,No,2,No,No phone service,DSL,No,No,No,No,No,Month-to-month,No,Mailed check,24.3,38.45,No,4,30,67.67,Jendouba
Male,0,No,No,4,Yes,No,Fiber optic,No,No,No,Yes,No,Month-to-month,No,Electronic check,77.85,299.2,Yes,7,4,49.02,Tunis
Male,0,No,No,51,Yes,Yes,DSL,Yes,No,No,No,No,One year,No,Credit card (automatic),59.9,3043.6,No,1,27,93.24,Sfax
Male,0,Yes,Yes,60,Yes,Yes,No,No internet service,No internet service,No internet service,No internet service,No internet service,One year,No,Credit card (automatic),23.95,1506.4,No,2,11,67.61,Sousse
Male,0,No,No,9,Yes,No,No,No internet service,No internet service,No internet service,No internet service,No internet service,One year,Yes,Mailed check,20.15,163.7,No,3,16,92.49,Béja
Male,0,No,No,3,Yes,Yes,Fiber optic,No,Yes,Yes,Yes,Yes,Month-to-month,Yes,Bank transfer (automatic),105.35,323.25,Yes,10,5,44.78,Sousse
Male,0,No,No,17,Yes,Yes,Fiber optic,No,No,Yes,No,Yes,Month-to-month,Yes,Bank transfer (automatic),95.65,1640.0,No,3,8,136.45,Ben Arous
Female,0,No,No,8,Yes,Yes,Fiber optic,No,No,No,Yes,No,Month-to-month,Yes,Electronic check,87.05,762.1,Yes,6,2,35.55,Ariana
Male,0,Yes,Yes,46,Yes,No,DSL,Yes,No,Yes,Yes,Yes,Two year,No,Mailed check,81.0,3846.35,No,4,11,140.86,Jendouba
Female,0,No,No,68,Yes,No,DSL,Yes,Yes,Yes,Yes,Yes,Two year,Yes,Credit card (automatic),82.45,5646.6,No,4,24,116.61,Sousse
Male,0,No,No,1,Yes,No,DSL,No,No,No,Yes,No,Month-to-month,Yes,Mailed check,53.5,53.5,Yes,4,1,34.91,Sousse
Female,0,Yes,No,4,Yes,No,No,No internet service,No internet service,No internet service,No internet service,No internet service,One year,No,Bank transfer (automatic),20.5,79.05,No,4,29,63.61,Sousse
Female,0,No,No,1,No,No phone service,DSL,No,No,No,No,No,Month-to-month,Yes,Mailed check,25.1,25.1,Yes,5,3,38.55,Bizerte
Male,0,No,Yes,28,Yes,No,DSL,No,Yes,No,No,No,One year,Yes,Credit card (automatic),54.4,1516.6,No,4,26,87.39,Tunis
Female,0,No,No,39,Yes,No,DSL,No,Yes,No,Yes,No,One year,Yes,Credit card (automatic),58.6,2224.5,No,1,13,14.41,Kairouan
Male,0,No,No,11,Yes,No,Fiber optic,No,No,Yes,No,Yes,Month-to-month,No,Electronic check,84.8,888.75,No,4,17,32.16,Nabeul
Female,0,Yes,No,71,No,No phone service,DSL,No,Yes,Yes,Yes,Yes,Two year,Yes,Credit card (automatic),61.4,4310.35,No,2,23,17.43,Kasserine
Male,0,No,Yes,2,Yes,No,No,No internet service,No internet service,No internet service,No internet service,No internet service,Month-to-month,No,Mailed check,20.4,42.9,No,4,16,99.78,Kasserine
Male,1,Yes,No,30,Yes,No,Fiber optic,No,Yes,Yes,No,No,Month-to-month,Yes,Mailed check,79.65,2365.15,Yes,4,2,29.65,Sfax
Female,0,No,No,17,Yes,No,No,No internet service,No internet service,No internet service,No internet service,No internet service,One year,No,Mailed check,20.15,353.65,No,4,15,135.99,Jendouba
Female,0,Yes,No,55,Yes,Yes,Fiber optic,No,Yes,Yes,Yes,No,Month-to-month,Yes,Credit card (automatic),94.45,5073.1,No,1,25,100.07,Manouba
Female,0,No,No,58,Yes,Yes,Fiber optic,Yes,No,No,No,No,Month-to-month,Yes,Bank transfer (automatic),79.8,4526.85,No,1,26,79.87,Sfax
Female,0,No,No,5,Yes,No,DSL,Yes,No,No,No,No,Month-to-month,No,Electronic check,54.2,308.25,Yes,8,1,39.73,Gabès
Female,1,No,No,1,Yes,No,No,No internet service,No internet service,No internet service,No internet service,No internet service,Month-to-month,Yes,Electronic check,19.45,19.45,Yes,10,4,40.06,Sidi Bouzid
Male,1,No,No,9,Yes,Yes,Fiber optic,No,No,No,No,No,Month-to-month,Yes,Electronic check,74.05,678.45,No,0,22,47.47,Tataouine
Male,0,No,No,26,Yes,No,DSL,No,No,No,No,No,Month-to-month,No,Bank transfer (automatic),49.15,1237.3,No,3,9,121.89,Mahdia
Female,0,No,No,50,Yes,No,No,No internet service,No internet service,No internet service,No internet service,No internet service,Two year,No,Credit card (automatic),19.4,1023.95,No,1,10,90.22,Kairouan
Female,0,Yes,No,72,Yes,Yes,Fiber optic,Yes,Yes,Yes,Yes,Yes,Two year,Yes,Bank transfer (automatic),113.65,8182.75,No,2,23,112.57,Siliana
Female,0,No,Yes,43,Yes,No,Fiber optic,Yes,Yes,No,Yes,Yes,One year,Yes,Credit card (automatic),106.0,4532.3,No,4,24,78.83,Gabès
Male,0,No,No,56,Yes,Yes,No,No internet service,No internet service,No internet service,No internet service,No internet service,Two year,Yes,Bank transfer (automatic),25.95,1444.05,No,1,11,141.67,Gafsa
Female,0,No,No,1,Yes,No,No,No internet service,No internet service,No internet service,No internet service,No internet service,Month-to-month,No,Mailed check,19.1,19.1,No,3,30,62.89,Gafsa
Male,0,Yes,Yes,72,Yes,Yes,Fiber optic,No,Yes,Yes,Yes,Yes,Two year,Yes,Electronic check,103.4,7372.65,Yes,6,3,1.16,Ariana
Male,0,Yes,No,72,Yes,Yes,Fiber optic,Yes,Yes,No,No,Yes,Two year,Yes,Bank transfer (automatic),100.55,7325.1,No,2,6,13.28,Manouba
Male,0,Yes,No,36,Yes,Yes,Fiber optic,No,No,No,Yes,Yes,Month-to-month,Yes,Electronic check,95.4,3474.2,No,0,17,27.97,Kairouan
Male,0,No,No,5,Yes,No,DSL,No,No,Yes,Yes,Yes,Month-to-month,No,Bank transfer (automatic),75.15,392.65,No,2,26,52.85,Sfax
Female,0,No,No,13,Yes,Yes,Fiber optic,No,Yes,Yes,No,No,Month-to-month,Yes,Electronic check,84.45,1058.6,Yes,9,5,3.07,Gabès
Female,1,No,No,44,Yes,No,Fiber optic,No,Yes,Yes,No,Yes,One year,No,Credit card (automatic),89.15,3990.75,No,0,14,15.63,Kebili
Female,1,Yes,Yes,70,Yes,Yes,Fiber optic,No,Yes,Yes,Yes,Yes,One year,Yes,Electronic check,107.9,7475.85,No,1,15,29.48,Sousse
Male,0,No,No,44,Yes,No,No,No internet service,No internet service,No internet service,No internet service,No internet service,One year,No,Credit card (automatic),19.5,835.5,No,2,5,57.71,Sousse
Female,1,Yes,No,32,Yes,Yes,Fiber optic,No,No,No,Yes,No,Month-to-month,Yes,Credit card (automatic),85.95,2628.6,Yes,8,1,41.92,Gafsa
Female,0,Yes,No,69,Yes,Yes,No,No internet service,No internet service,No internet service,No internet service,No internet service,Two year,Yes,Credit card (automatic),24.95,1718.35,No,3,6,126.44,Mahdia
Female,1,No,No,16,Yes,No,DSL,No,No,No,Yes,No,Month-to-month,No,Electronic check,59.4,1023.9,Yes,8,4,4.44,Médiénine
Male,1,Yes,Yes,68,Yes,No,No,No internet service,No internet service,No internet service,No internet service,No internet service,One year,No,Bank transfer (automatic),19.5,1193.55,No,2,30,131.86,Kairouan
Male,0,No,No,16,Yes,No,Fiber optic,No,No,No,No,No,Month-to-month,Yes,Credit card (automatic),69.95,1205.5,No,3,6,12.64,Gabès
Male,0,Yes,Yes,68,Yes,No,DSL,Yes,Yes,No,Yes,Yes,Two year,No,Bank transfer (automatic),82.85,5776.45,No,3,9,102.06,Ariana
Male,0,No,No,4,Yes,No,No,No internet service,No internet service,No internet service,No internet service,No internet service,Month-to-month,No,Mailed check,19.0,78.9,No,1,11,44.01,Ben Arous
Female,0,Yes,Yes,26,No,No phone service,DSL,Yes,Yes,No,No,No,Month-to-month,No,Credit card (automatic),38.85,1025.15,No,4,8,122.09,Tunis
Female,0,No,No,29,No,No phone service,DSL,No,Yes,No,No,No,Month-to-month,Yes,Electronic check,30.6,856.35,Yes,9,0,37.26,Tataouine
Male,0,No,Yes,5,Yes,No,No,No internet service,No internet service,No internet service,No internet service,No internet service,Month-to-month,No,Credit card (automatic),20.35,122.0,No,3,11,30.56,Gabès
Male,0,Yes,No,70,Yes,Yes,Fiber optic,No,Yes,Yes,Yes,No,One year,Yes,Bank transfer (automatic),95.0,6602.9,No,3,7,119.86,Monastir
Male,0,Yes,No,24,Yes,No,DSL,Yes,No,No,Yes,Yes,One year,No,Bank transfer (automatic),74.4,1712.9,No,2,15,101.45,Monastir
Female,1,Yes,No,72,Yes,Yes,DSL,Yes,Yes,Yes,No,Yes,Two year,No,Bank transfer (automatic),78.45,5682.25,No,4,21,108.79,Siliana
Male,0,No,No,1,Yes,No,Fiber optic,No,No,No,No,No,Month-to-month,Yes,Mailed check,74.3,74.3,No,4,25,13.28,Tozeur
Male,0,Yes,No,70,No,No phone service,DSL,No,Yes,Yes,No,Yes,One year,Yes,Bank transfer (automatic),51.05,3635.15,No,2,20,68.2,Tunis
Female,0,Yes,Yes,36,Yes,No,No,No internet service,No internet service,No internet service,No internet service,No internet service,Month-to-month,No,Bank transfer (automatic),19.2,702.9,No,0,29,58.78,Zaghouan
Female,1,No,No,38,Yes,Yes,Fiber optic,No,No,No,Yes,Yes,Month-to-month,Yes,Electronic check,99.55,3734.25,Yes,7,0,20.33,Bizerte
Female,0,No,No,17,Yes,No,Fiber optic,No,No,No,No,No,Month-to-month,Yes,Electronic check,70.0,1144.5,Yes,10,3,6.15,Ariana
Female,0,Yes,Yes,41,Yes,Yes,Fiber optic,No,Yes,Yes,Yes,Yes,One year,Yes,Bank transfer (automatic),109.1,4454.25,No,4,28,121.3,Mahdia
Female,0,No,No,1,Yes,No,DSL,No,No,No,No,No,Month-to-month,Yes,Electronic check,45.3,45.3,Yes,5,2,1.64,Ariana
Male,0,No,No,2,No,No phone service,DSL,No,No,No,No,No,Month-to-month,No,Bank transfer (automatic),29.85,75.6,Yes,8,1,15.96,Tunis
Male,0,No,No,14,Yes,No,Fiber optic,No,No,Yes,No,No,Month-to-month,No,Electronic check,76.45,1117.55,No,0,22,74.53,Tunis
Male,1,No,No,2,Yes,No,Fiber optic,No,Yes,Yes,No,Yes,Month-to-month,Yes,Credit card (automatic),95.1,180.25,Yes,4,1,22.43,Kasserine
Male,0,No,No,1,Yes,No,No,No internet service,No internet service,No internet service,No internet service,No internet service,Month-to-month,No,Mailed check,19.8,19.8,Yes,8,0,30.97,Nabeul
Male,0,Yes,Yes,13,Yes,Yes,DSL,No,Yes,Yes,Yes,No,Month-to-month,Yes,Electronic check,72.8,930.05,No,2,15,140.98,Ariana
Male,0,No,No,6,Yes,No,No,No internet service,No internet service,No internet service,No internet service,No internet service,Month-to-month,No,Mailed check,18.95,110.15,No,0,12,105.09,Ben Arous
Female,0,No,No,4,Yes,No,Fiber optic,No,Yes,No,No,No,Month-to-month,Yes,Bank transfer (automatic),76.65,333.6,Yes,8,2,19.25,Tunis
Female,0,Yes,Yes,5,Yes,No,Fiber optic,No,Yes,No,Yes,Yes,Month-to-month,Yes,Mailed check,99.15,465.05,Yes,10,3,47.07,Sfax
Female,0,Yes,No,15,Yes,No,Fiber optic,Yes,No,Yes,Yes,Yes,Month-to-month,No,Electronic check,101.75,1669.4,No,0,30,128.34,Zaghouan
Female,0,No,No,47,Yes,No,Fiber optic,Yes,No,No,No,No,Month-to-month,No,Credit card (automatic),75.45,3545.1,No,0,5,88.9,Tunis
Female,0,No,No,8,Yes,No,DSL,No,No,Yes,No,Yes,Month-to-month,No,Mailed check,64.1,504.05,No,0,15,49.09,Kairouan
Male,0,No,No,17,No,No phone service,DSL,No,No,No,No,No,Month-to-month,Yes,Mailed check,25.65,440.2,No,2,23,71.1,Tunis
Male,0,Yes,Yes,15,Yes,No,Fiber optic,Yes,No,No,No,No,Month-to-month,No,Mailed check,75.1,1151.55,No,2,5,15.09,Sidi Bouzid
Female,0,No,No,26,Yes,No,Fiber optic,Yes,No,Yes,No,Yes,One year,Yes,Bank transfer (automatic),95.85,2475.35,No,0,12,25.63,Gabès
Female,0,No,No,23,Yes,Yes,DSL,Yes,No,No,No,No,Month-to-month,No,Electronic check,54.4,1249.25,No,1,18,139.54,Ariana
Female,1,No,No,4,Yes,No,Fiber optic,No,Yes,No,No,No,Month-to-month,No,Electronic check,72.75,317.75,No,2,12,88.86,Gabès
Male,0,No,Yes,29,Yes,No,No,No internet service,No internet service,No internet service,No internet service,No internet service,One year,No,Mailed check,19.85,535.05,No,0,29,73.71,Manouba
Female,0,No,No,25,Yes,No,No,No internet service,No internet service,No internet service,No internet service,No internet service,Month-to-month,No,Mailed check,19.05,461.3,No,4,26,19.39,Tunis
Male,0,No,No,9,Yes,No,DSL,No,No,No,No,No,Month-to-month,No,Mailed check,44.95,431.0,Yes,7,3,29.82,Médiénine
Male,0,Yes,No,18,Yes,No,DSL,No,No,Yes,No,No,Month-to-month,Yes,Mailed check,49.55,878.35,Yes,4,1,5.81,Bizerte
Male,1,No,No,3,Yes,Yes,Fiber optic,No,No,No,Yes,Yes,Month-to-month,Yes,Electronic check,94.85,335.75,No,2,18,50.87,Kairouan
Female,0,Yes,Yes,69,No,No phone service,DSL,Yes,Yes,Yes,No,No,Two year,No,Bank transfer (automatic),46.25,3121.4,No,2,20,146.03,Tunis
Male,0,No,No,14,Yes,No,No,No internet service,No internet service,No internet service,No internet service,No internet service,One year,No,Mailed check,19.35,324.8,No,1,8,41.24,Béja
Male,0,No,No,19,Yes,Yes,DSL,No,No,No,Yes,Yes,Month-to-month,No,Mailed check,69.6,1394.55,No,0,26,124.93,Kef
Male,1,No,No,39,Yes,Yes,Fiber optic,No,Yes,No,No,Yes,Month-to-month,No,Electronic check,90.7,3413.25,No,1,12,109.66,Tunis
Male,0,No,No,31,Yes,No,Fiber optic,No,Yes,Yes,Yes,Yes,Month-to-month,Yes,Electronic check,101.4,3143.65,No,4,19,77.43,Sfax
Male,0,Yes,Yes,24,Yes,No,No,No internet service,No internet service,No internet service,No internet service,No internet service,One year,No,Mailed check,20.25,439.75,No,4,20,127.01,Kasserine
Male,0,Yes,No,14,Yes,No,DSL,No,No,No,No,No,Month-to-month,No,Bank transfer (automatic),48.8,664.4,No,4,18,14.52,Gabès
Female,0,Yes,No,64,Yes,No,DSL,Yes,Yes,Yes,No,Yes,Two year,Yes,Mailed check,74.35,4759.55,No,0,27,88.12,Sousse
Female,0,No,No,50,Yes,No,No,No internet service,No internet service,No internet service,No internet service,No internet service,One year,Yes,Mailed check,19.35,1033.0,No,2,20,49.06,Kasserine
Male,0,Yes,Yes,52,Yes,No,DSL,No,Yes,Yes,Yes,No,One year,Yes,Electronic check,68.75,3482.85,No,3,22,95.9,Tunis
Male,0,No,No,28,Yes,Yes,Fiber optic,No,Yes,No,Yes,Yes,One year,No,Electronic check,100.2,2688.45,No,2,6,107.91,Kasserine
Female,0,No,No,21,Yes,No,No,No internet service,No internet service,No internet service,No internet service,No internet service,Two year,Yes,Credit card (automatic),20.85,435.25,No,1,27,103.68,Sfax
Male,0,No,Yes,25,Yes,No,Fiber optic,No,Yes,No,Yes,Yes,Month-to-month,Yes,Electronic check,95.9,2448.75,Yes,7,3,43.92,Gafsa
Female,0,Yes,No,17,Yes,No,No,No internet service,No internet service,No internet service,No internet service,No internet service,One year,No,Mailed check,19.35,307.0,No,4,27,44.32,Ben Arous
Male,0,Yes,No,58,No,No phone service,DSL,No,No,No,Yes,Yes,One year,Yes,Credit card (automatic),45.0,2689.35,No,0,19,65.26,Sfax
Male,1,Yes,No,17,Yes,No,Fiber optic,No,No,No,No,Yes,Month-to-month,No,Bank transfer (automatic),81.5,1329.2,Yes,4,5,2.54,Nabeul
Female,0,Yes,No,51,Yes,Yes,No,No internet service,No internet service,No internet service,No internet service,No internet service,Two year,No,Mailed check,25.5,1281.25,No,4,22,91.16,Kasserine
Male,0,Yes,Yes,72,No,No phone service,DSL,Yes,No,Yes,Yes,No,Two year,No,Mailed check,48.9,3527.0,No,3,17,79.27,Gabès
Male,0,Yes,No,52,Yes,No,Fiber optic,Yes,No,No,Yes,No,Month-to-month,No,Electronic check,84.1,4348.65,Yes,5,1,42.18,Béja
Female,0,No,No,27,Yes,No,No,No internet service,No internet service,No internet service,No internet service,No internet service,Two year,Yes,Mailed check,19.6,561.15,No,4,23,83.19,Nabeul
Female,0,No,No,3,Yes,No,No,No internet service,No internet service,No internet service,No internet service,No internet service,Month-to-month,No,Mailed check,20.0,63.6,No,4,25,76.98,Tunis
Female,0,Yes,No,64,Yes,Yes,DSL,Yes,Yes,Yes,No,Yes,Two year,Yes,Mailed check,81.3,5129.3,No,4,28,99.07,Nabeul
Female,0,Yes,No,45,Yes,No,Fiber optic,No,No,No,Yes,Yes,Two year,Yes,Credit card (automatic),95.2,4285.8,No,0,6,82.55,Sfax
Male,1,Yes,No,3,No,No phone service,DSL,No,No,No,Yes,No,Month-to-month,Yes,Mailed check,36.45,93.7,Yes,10,3,14.48,Mahdia
Female,0,Yes,No,71,Yes,Yes,DSL,No,Yes,Yes,Yes,Yes,Two year,Yes,Credit card (automatic),83.3,5894.5,No,1,5,28.35,Tunis
Female,1,No,No,1,No,No phone service,DSL,No,No,No,No,No,Month-to-month,No,Mailed check,25.05,25.05,Yes,5,0,38.11,Sousse
Female,0,Yes,Yes,58,Yes,No,No,No internet service,No internet service,No internet service,No internet service,No internet service,Two year,No,Credit card (automatic),20.3,1160.75,No,1,27,18.14,Kasserine
Male,0,Yes,Yes,34,Yes,No,Fiber optic,No,Yes,Yes,Yes,No,Month-to-month,Yes,Electronic check,89.85,3091.75,No,4,29,110.83,Ben Arous
Female,0,No,No,8,Yes,No,DSL,Yes,No,No,No,No,Month-to-month,Yes,Electronic check,49.85,365.55,Yes,6,0,34.32,Kairouan
Female,0,Yes,Yes,15,Yes,No,No,No internet service,No internet service,No internet service,No internet service,No internet service,Month-to-month,No,Mailed check,19.8,272.95,No,1,12,123.58,Médiénine
Male,0,Yes,Yes,66,No,No phone service,DSL,No,No,Yes,Yes,Yes,Two year,No,Bank transfer (automatic),54.65,3632.0,No,3,8,56.41,Ben Arous
Male,1,No,No,12,No,No phone service,DSL,No,Yes,No,No,No,Month-to-month,Yes,Credit card (automatic),29.35,381.2,No,4,18,34.43,Sousse
Male,0,No,No,58,Yes,No,No,No internet service,No internet service,No internet service,No internet service,No internet service,Two year,Yes,Bank transfer (automatic),19.15,1035.5,No,1,27,58.51,Gabès
Female,0,Yes,Yes,3,Yes,No,No,No internet service,No internet service,No internet service,No internet service,No internet service,Two year,No,Mailed check,19.1,52.0,No,2,27,37.49,Nabeul
Female,1,Yes,No,43,No,No phone service,DSL,No,Yes,Yes,Yes,Yes,Month-to-month,No,Credit card (automatic),55.55,2342.2,Yes,9,5,46.55,Sousse
Female,0,No,No,9,Yes,No,Fiber optic,No,Yes,Yes,No,No,Month-to-month,No,Electronic check,80.55,653.9,No,4,22,76.79,Kairouan
Female,0,No,No,3,Yes,No,No,No internet service,No internet service,No internet service,No internet service,No internet service,One year,No,Mailed check,20.25,71.2,No,3,14,40.75,Nabeul
Female,0,Yes,Yes,22,Yes,No,DSL,No,Yes,No,Yes,Yes,One year,Yes,Bank transfer (automatic),69.5,1498.2,Yes,9,0,5.01,Tunis
Male,0,Yes,No,40,Yes,Yes,Fiber optic,No,Yes,Yes,Yes,Yes,One year,Yes,Bank transfer (automatic),106.0,4178.65,No,1,11,116.95,Nabeul
Female,0,No,No,68,Yes,Yes,No,No internet service,No internet service,No internet service,No internet service,No internet service,Two year,No,Bank transfer (automatic),25.5,1821.8,No,1,22,114.66,Ben Arous
Male,0,Yes,No,54,Yes,Yes,Fiber optic,No,Yes,Yes,Yes,Yes,Month-to-month,Yes,Electronic check,104.3,5278.15,Yes,4,2,15.43,Bizerte
Female,0,No,No,50,Yes,Yes,DSL,No,Yes,No,Yes,Yes,Two year,Yes,Mailed check,79.6,4024.2,No,1,24,96.21,Sidi Bouzid
Male,0,No,No,1,Yes,No,DSL,No,No,No,No,Yes,Month-to-month,Yes,Electronic check,55.25,55.25,No,0,29,28.74,Jendouba
Female,0,Yes,No,72,Yes,Yes,DSL,Yes,Yes,Yes,Yes,Yes,Two year,No,Bank transfer (automatic),88.05,6520.8,No,3,28,148.62,Bizerte
Male,0,No,Yes,40,Yes,No,No,No internet service,No internet service,No internet service,No internet service,No internet service,One year,Yes,Bank transfer (automatic),20.4,854.9,No,4,30,14.67,Kairouan
Female,0,Yes,Yes,72,Yes,Yes,Fiber optic,Yes,Yes,Yes,Yes,Yes,Two year,Yes,Bank transfer (automatic),117.6,8308.9,No,3,5,26.23,Kairouan
Female,0,No,No,6,Yes,No,No,No internet service,No internet service,No internet service,No internet service,No internet service,Month-to-month,No,Mailed check,20.0,109.2,No,2,9,138.66,Kairouan
Female,0,No,No,5,Yes,No,No,No internet service,No internet service,No internet service,No internet service,No internet service,Month-to-month,Yes,Credit card (automatic),19.65,92.05,No,3,22,70.35,Jendouba
Male,0,Yes,No,48,Yes,Yes,DSL,No,Yes,Yes,No,Yes,One year,Yes,Credit card (automatic),70.55,3420.5,No,0,12,48.35,Kairouan
Female,0,No,No,1,Yes,Yes,Fiber optic,No,No,No,Yes,Yes,Month-to-month,Yes,Electronic check,93.85,93.85,Yes,4,3,17.64,Bizerte
Female,0,Yes,Yes,64,Yes,No,DSL,Yes,No,No,Yes,No,One year,No,Mailed check,65.8,4068.0,No,1,21,57.45,Nabeul
Female,0,No,No,17,Yes,No,No,No internet service,No internet service,No internet service,No internet service,No internet service,One year,No,Credit card (automatic),20.05,337.9,No,3,19,121.02,Ariana
Male,0,Yes,No,40,Yes,No,Fiber optic,No,Yes,Yes,No,No,Month-to-month,Yes,Electronic check,80.0,3168.75,No,3,10,76.18,Gabès
Female,0,Yes,Yes,41,No,No phone service,DSL,Yes,No,Yes,No,No,One year,No,Credit card (automatic),35.4,1412.4,No,4,11,36.57,Kef
Male,1,No,No,51,Yes,Yes,Fiber optic,No,Yes,No,No,No,One year,Yes,Bank transfer (automatic),79.6,3974.7,No,0,28,109.97,Sidi Bouzid
Male,0,Yes,No,41,Yes,Yes,Fiber optic,No,Yes,No,No,No,Month-to-month,Yes,Electronic check,80.25,3439.0,No,4,15,103.29,Sfax
Female,0,Yes,Yes,1,Yes,No,DSL,No,No,Yes,No,No,Month-to-month,No,Mailed check,50.45,50.45,Yes,5,0,1.63,Sousse
Female,0,No,No,2,Yes,No,No,No internet service,No internet service,No internet service,No internet service,No internet service,Month-to-month,Yes,Mailed check,20.45,42.45,No,1,25,105.95,Kairouan
Male,0,No,No,68,Yes,No,Fiber optic,No,Yes,Yes,No,No,One year,No,Credit card (automatic),79.6,5461.45,No,4,20,66.59,Ben Arous
Female,0,Yes,Yes,24,Yes,Yes,No,No internet service,No internet service,No internet service,No internet service,No internet service,Two year,No,Mailed check,24.7,571.75,No,0,20,62.89,Mahdia
Male,0,Yes,No,70,Yes,Yes,DSL,Yes,No,Yes,No,Yes,Two year,No,Credit card (automatic),77.3,5498.2,No,2,19,71.34,Monastir
Male,0,No,No,3,No,No phone service,DSL,No,No,No,No,No,Month-to-month,Yes,Electronic check,29.75,96.85,No,4,5,35.2,Tunis
Male,0,No,No,2,Yes,No,DSL,No,No,No,No,No,Month-to-month,No,Bank transfer (automatic),44.9,111.05,No,3,7,30.1,Sfax
Male,0,Yes,No,3,No,No phone service,DSL,No,Yes,No,No,No,Month-to-month,No,Credit card (automatic),29.8,94.4,No,4,30,91.34,Nabeul
Female,0,No,No,7,Yes,Yes,DSL,No,No,No,Yes,Yes,Month-to-month,Yes,Electronic check,74.65,521.1,Yes,7,2,34.22,Kasserine
Female,0,No,No,13,Yes,No,DSL,Yes,No,No,Yes,Yes,Month-to-month,Yes,Electronic check,71.95,923.85,No,2,17,49.1,Kebili
Male,0,No,No,7,Yes,No,No,No internet service,No internet service,No internet service,No internet service,No internet service,Month-to-month,No,Mailed check,20.75,141.1,No,2,5,16.78,Ariana
Male,0,Yes,Yes,12,Yes,No,DSL,No,No,No,Yes,No,Month-to-month,Yes,Mailed check,56.3,628.65,No,3,21,128.76,Jendouba
Male,0,Yes,Yes,53,Yes,Yes,Fiber optic,No,Yes,Yes,Yes,Yes,One year,Yes,Electronic check,105.25,5576.3,No,3,14,15.26,Ben Arous
Female,0,No,No,12,Yes,Yes,Fiber optic,No,No,No,Yes,Yes,Month-to-month,Yes,Electronic check,94.2,1046.1,Yes,5,4,4.78,Nabeul
Male,0,Yes,Yes,63,Yes,No,No,No internet service,No internet service,No internet service,No internet service,No internet service,Two year,No,Mailed check,19.55,1245.6,No,2,23,72.26,Tunis
Female,0,No,No,15,Yes,No,DSL,Yes,Yes,Yes,Yes,Yes,Month-to-month,No,Mailed check,84.45,1287.85,No,2,28,125.1,Manouba
Male,0,Yes,Yes,36,Yes,No,DSL,Yes,Yes,No,No,No,One year,No,Mailed check,53.65,1939.35,No,2,19,132.4,Ariana
Male,1,Yes,No,4,No,No phone service,DSL,No,No,Yes,No,No,Month-to-month,Yes,Electronic check,29.9,118.25,No,3,27,49.09,Tunis
Female,0,Yes,Yes,24,Yes,No,No,No internet service,No internet service,No internet service,No internet service,No internet service,Two year,No,Mailed check,19.7,452.55,No,3,26,18.76,Ariana
Female,0,No,No,61,No,No phone service,DSL,Yes,Yes,Yes,No,No,One year,No,Credit card (automatic),43.7,2696.55,No,0,10,144.68,Kairouan
Male,0,No,No,16,Yes,Yes,DSL,No,Yes,No,No,No,Month-to-month,No,Electronic check,55.3,875.35,No,3,18,87.91,Gabès
Male,0,Yes,Yes,65,Yes,No,No,No internet service,No internet service,No internet service,No internet service,No internet service,Two year,Yes,Credit card (automatic),19.85,1267.05,No,4,17,60.23,Ben Arous
Female,0,Yes,Yes,26,Yes,No,No,No internet service,No internet service,No internet service,No internet service,No internet service,Two year,No,Credit card (automatic),19.65,494.9,No,4,10,137.28,Ben Arous
Male,0,No,No,16,Yes,No,DSL,No,No,No,No,No,Month-to-month,Yes,Mailed check,49.45,799.0,No,1,16,128.54,Ben Arous
Female,0,Yes,No,54,Yes,Yes,Fiber optic,Yes,Yes,No,Yes,Yes,One year,No,Bank transfer (automatic),106.55,5763.3,Yes,10,2,31.24,Manouba
Male,0,No,No,1,Yes,No,No,No internet service,No internet service,No internet service,No internet service,No internet service,Month-to-month,No,Mailed check,20.1,20.1,Yes,4,3,12.58,Zaghouan
Male,0,No,Yes,5,Yes,No,No,No internet service,No internet service,No internet service,No internet service,No internet service,Two year,No,Mailed check,20.45,106.9,No,4,29,72.47,Sfax
Female,0,No,No,19,No,No phone service,DSL,No,Yes,No,No,Yes,Month-to-month,Yes,Electronic check,39.7,710.05,No,0,10,113.04,Tunis
Male,0,No,No,10,Yes,Yes,DSL,Yes,No,No,No,No,Month-to-month,Yes,Credit card (automatic),54.5,568.2,No,3,14,31.48,Sfax
Female,0,Yes,Yes,23,Yes,No,Fiber optic,No,Yes,Yes,No,No,Month-to-month,No,Electronic check,83.8,1900.25,Yes,7,4,38.59,Kairouan
Male,0,No,No,3,Yes,No,DSL,No,No,No,Yes,No,Month-to-month,No,Mailed check,55.15,159.15,Yes,8,3,48.23,Bizerte
Female,0,No,No,72,Yes,Yes,Fiber optic,No,Yes,Yes,Yes,Yes,Two year,Yes,Bank transfer (automatic),111.6,8012.75,No,3,23,14.95,Ariana
Male,1,Yes,No,10,Yes,Yes,Fiber optic,No,No,No,No,Yes,Month-to-month,Yes,Electronic check,86.65,856.65,Yes,5,2,41.25,Béja
Female,0,Yes,Yes,10,Yes,No,DSL,No,Yes,Yes,No,No,Month-to-month,Yes,Mailed check,55.55,551.3,No,3,20,139.71,Kef
Male,0,Yes,No,11,Yes,No,No,No internet service,No internet service,No internet service,No internet service,No internet service,One year,Yes,Mailed check,20.55,184.95,No,0,19,63.97,Médiénine
Female,1,No,No,37,Yes,Yes,Fiber optic,Yes,Yes,No,Yes,Yes,Month-to-month,Yes,Bank transfer (automatic),106.75,4056.75,Yes,8,4,7.49,Ariana
Male,0,Yes,Yes,17,Yes,Yes,DSL,Yes,No,No,No,No,One year,Yes,Mailed check,62.1,1096.65,No,0,29,25.61,Mahdia
Female,0,Yes,Yes,36,Yes,Yes,Fiber optic,Yes,No,Yes,Yes,Yes,Month-to-month,Yes,Credit card (automatic),104.5,3684.95,No,2,6,76.1,Tunis
Male,1,No,No,17,Yes,No,Fiber optic,No,Yes,Yes,Yes,Yes,Month-to-month,Yes,Electronic check,101.8,1752.45,No,3,15,79.8,Sousse
Female,1,Yes,Yes,66,Yes,Yes,Fiber optic,Yes,Yes,No,Yes,Yes,One year,Yes,Credit card (automatic),110.6,7210.85,No,3,11,60.79,Ben Arous
Male,0,Yes,Yes,61,Yes,No,DSL,Yes,Yes,Yes,Yes,Yes,One year,No,Bank transfer (automatic),84.9,5264.5,No,1,19,67.79,Siliana
Male,0,No,No,22,Yes,No,Fiber optic,No,Yes,No,Yes,Yes,Month-to-month,Yes,Mailed check,93.2,2157.3,No,0,7,136.68,Tunis
Male,0,No,No,1,No,No phone service,DSL,No,No,No,No,No,Month-to-month,Yes,Electronic check,24.4,24.4,No,2,17,88.91,Kasserine
Female,0,No,No,6,Yes,No,Fiber optic,No,No,No,No,No,Month-to-month,No,Credit card (automatic),70.55,433.95,No,4,24,136.72,Bizerte
Male,0,No,No,31,Yes,No,Fiber optic,No,Yes,No,No,No,Month-to-month,Yes,Electronic check,78.45,2435.15,Yes,10,5,39.88,Kairouan
Female,0,Yes,Yes,68,Yes,No,DSL,Yes,Yes,Yes,Yes,Yes,Two year,Yes,Credit card (automatic),85.0,5607.75,No,2,24,120.18,Sousse
Female,0,Yes,Yes,34,Yes,Yes,Fiber optic,No,No,Yes,Yes,No,Month-to-month,No,Electronic check,87.45,2874.15,Yes,5,1,35.93,Nabeul
Female,0,Yes,Yes,52,Yes,No,Fiber optic,No,Yes,Yes,No,No,Month-to-month,No,Bank transfer (automatic),85.8,4433.3,No,0,10,10.52,Kasserine
Female,0,No,Yes,10,Yes,No,Fiber optic,No,No,Yes,Yes,No,Month-to-month,Yes,Electronic check,91.1,964.35,No,3,9,144.16,Mahdia
Male,0,Yes,Yes,29,Yes,No,Fiber optic,No,No,No,No,No,Month-to-month,Yes,Electronic check,70.75,1974.8,Yes,10,1,40.61,Sfax
Female,0,Yes,Yes,72,Yes,No,No,No internet service,No internet service,No internet service,No internet service,No internet service,Two year,No,Bank transfer (automatic),20.1,1460.85,No,2,27,38.33,Kef
Male,0,Yes,Yes,47,Yes,No,No,No internet service,No internet service,No internet service,No internet service,No internet service,One year,No,Mailed check,20.05,951.55,No,0,5,56.27,Ariana
Male,0,Yes,Yes,24,Yes,Yes,DSL,Yes,No,No,Yes,Yes,One year,No,Mailed check,74.8,1821.2,No,0,8,135.47,Zaghouan
Male,0,No,No,65,Yes,Yes,No,No internet service,No internet service,No internet service,No internet service,No internet service,One year,No,Credit card (automatic),24.8,1600.95,No,0,6,128.14,Kairouan
Female,0,No,No,4,Yes,Yes,Fiber optic,No,No,No,Yes,Yes,Month-to-month,Yes,Mailed check,100.85,399.25,No,1,16,12.92,Tunis
Male,1,Yes,No,12,Yes,Yes,Fiber optic,No,Yes,No,Yes,Yes,Month-to-month,Yes,Electronic check,101.35,1218.55,Yes,4,0,14.49,Tunis
Male,0,No,No,1,Yes,Yes,Fiber optic,Yes,No,No,No,No,Month-to-month,Yes,Electronic check,81.7,81.7,Yes,10,1,46.22,Gabès
Male,0,No,No,33,Yes,No,Fiber optic,No,No,No,No,No,Month-to-month,No,Electronic check,68.25,2171.15,Yes,8,0,36.5,Tunis
Female,0,No,No,34,Yes,No,Fiber optic,No,Yes,Yes,Yes,Yes,Month-to-month,Yes,Electronic check,105.1,3634.8,No,0,6,65.93,Ariana
Female,0,Yes,No,14,Yes,No,No,No internet service,No internet service,No internet service,No internet service,No internet service,Two year,No,Mailed check,20.4,292.4,No,2,27,104.68,Mahdia
Female,0,No,No,4,Yes,No,Fiber optic,No,No,No,No,Yes,Month-to-month,Yes,Electronic check,79.15,317.25,Yes,7,2,36.17,Kasserine
Male,0,Yes,Yes,13,Yes,No,No,No internet service,No internet service,No internet service,No internet service,No internet service,One year,No,Mailed check,20.0,218.55,No,1,9,79.59,Tunis
Female,0,Yes,Yes,65,Yes,Yes,DSL,No,Yes,No,Yes,Yes,Two year,Yes,Bank transfer (automatic),79.4,5071.9,No,1,12,92.55,Ariana
Male,0,Yes,Yes,23,Yes,No,DSL,Yes,No,No,No,No,One year,No,Credit card (automatic),57.2,1423.35,No,4,21,106.54,Sousse
Male,0,Yes,No,55,Yes,No,DSL,Yes,Yes,Yes,No,No,Two year,No,Electronic check,58.6,3068.6,No,1,25,96.54,Monastir
Male,0,Yes,No,49,Yes,No,Fiber optic,No,Yes,No,Yes,Yes,Two year,Yes,Electronic check,94.8,4690.65,No,4,9,147.0,Kebili
Male,0,Yes,No,60,Yes,Yes,Fiber optic,No,Yes,Yes,Yes,Yes,One year,No,Bank transfer (automatic),102.5,6157.6,No,4,16,56.2,Sfax
Female,0,Yes,Yes,69,Yes,No,No,No internet service,No internet service,No internet service,No internet service,No internet service,One year,Yes,Credit card (automatic),20.35,1442.65,No,3,30,126.07,Tunis
Male,0,No,No,40,Yes,Yes,Fiber optic,No,No,No,Yes,No,Month-to-month,Yes,Electronic check,84.9,3369.05,No,3,16,88.48,Sfax
Male,0,Yes,No,67,Yes,No,DSL,Yes,Yes,No,No,Yes,Two year,Yes,Credit card (automatic),69.2,4671.65,No,1,25,38.4,Gabès
Male,1,No,No,35,Yes,Yes,Fiber optic,No,No,No,Yes,Yes,Month-to-month,Yes,Electronic check,95.45,3474.05,Yes,8,1,12.53,Sfax
Male,0,Yes,Yes,19,Yes,Yes,Fiber optic,No,No,No,Yes,Yes,One year,Yes,Electronic check,100.95,1875.55,Yes,7,4,3.86,Gabès
Female,0,Yes,Yes,13,Yes,No,No,No internet service,No internet service,No internet service,No internet service,No internet service,Two year,No,Mailed check,20.85,272.35,No,1,18,24.92,Nabeul
Female,0,No,Yes,41,Yes,Yes,Fiber optic,No,Yes,No,Yes,No,Month-to-month,Yes,Bank transfer (automatic),88.5,3645.05,No,2,8,14.87,Sousse
Female,0,No,No,4,No,No phone service,DSL,Yes,No,Yes,No,No,Month-to-month,No,Mailed check,35.0,135.75,No,4,29,80.86,Siliana
Female,0,Yes,Yes,24,Yes,No,DSL,Yes,No,No,No,No,Month-to-month,No,Electronic check,55.15,1319.85,No,2,8,77.35,Gafsa
Female,0,No,No,5,No,No phone service,DSL,No,Yes,No,Yes,Yes,Month-to-month,Yes,Credit card (automatic),50.95,229.4,No,0,22,119.63,Gafsa
Female,0,No,No,5,Yes,Yes,DSL,No,Yes,No,No,Yes,Month-to-month,Yes,Electronic check,64.0,370.25,No,3,24,17.25,Kairouan
Female,0,Yes,Yes,1,Yes,No,Fiber optic,No,No,No,No,No,Month-to-month,Yes,Mailed check,69.1,69.1,Yes,9,2,3.66,Sfax
Female,0,Yes,Yes,72,Yes,Yes,DSL,Yes,Yes,Yes,Yes,No,Two year,No,Bank transfer (automatic),80.2,5714.2,No,2,26,112.99,Sousse
Female,0,No,No,24,Yes,No,DSL,No,No,Yes,No,No,Month-to-month,Yes,Credit card (automatic),49.3,1233.25,No,2,27,39.76,Kasserine
Female,0,Yes,No,42,Yes,Yes,DSL,Yes,No,Yes,Yes,Yes,Two year,No,Credit card (automatic),84.35,3571.6,No,1,24,90.86,Nabeul
Female,0,No,No,4,Yes,No,No,No internet service,No internet service,No internet service,No internet service,No internet service,Month-to-month,No,Mailed check,20.05,83.3,No,0,22,115.73,Tunis
Male,0,No,No,68,Yes,Yes,Fiber optic,Yes,Yes,Yes,Yes,Yes,One year,Yes,Credit card (automatic),117.2,8035.95,No,1,9,97.19,Mahdia
Female,0,Yes,Yes,33,Yes,No,No,No internet service,No internet service,No internet service,No internet service,No internet service,One year,No,Mailed check,20.1,579.4,No,4,16,103.2,Mahdia
Female,1,No,No,1,Yes,No,Fiber optic,No,No,No,No,No,Month-to-month,Yes,Electronic check,69.6,69.6,Yes,7,5,30.59,Sfax
Male,0,No,No,31,Yes,Yes,Fiber optic,No,Yes,Yes,Yes,Yes,One year,Yes,Electronic check,103.45,3066.45,Yes,5,3,17.75,Ariana
Female,0,No,No,4,Yes,Yes,Fiber optic,No,Yes,No,No,No,Month-to-month,No,Bank transfer (automatic),77.95,305.55,Yes,5,3,13.21,Kasserine
Male,1,Yes,No,69,Yes,Yes,Fiber optic,No,Yes,Yes,Yes,Yes,Two year,Yes,Electronic check,109.95,7634.25,No,4,28,68.07,Ben Arous
Male,1,No,No,38,Yes,Yes,Fiber optic,No,No,No,Yes,Yes,Month-to-month,No,Electronic check,94.75,3653.0,No,1,9,124.72,Ariana
Female,0,Yes,Yes,3,Yes,No,Fiber optic,No,Yes,No,No,No,Month-to-month,Yes,Electronic check,80.0,241.3,No,1,10,38.48,Kairouan
Female,0,Yes,Yes,48,Yes,Yes,DSL,No,Yes,No,Yes,Yes,Two year,No,Electronic check,79.65,3870.3,No,3,20,89.75,Gafsa
Female,0,Yes,No,15,Yes,Yes,No,No internet service,No internet service,No internet service,No internet service,No internet service,Two year,No,Mailed check,25.2,387.9,No,4,22,115.73,Ariana
Female,0,No,No,25,Yes,No,No,No internet service,No internet service,No internet service,No internet service,No internet service,One year,No,Credit card (automatic),19.9,527.5,No,2,12,128.56,Kebili
Female,1,No,No,1,Yes,No,Fiber optic,No,No,No,Yes,No,Month-to-month,No,Electronic check,78.45,78.45,Yes,8,1,10.98,Sfax
Female,0,No,No,48,No,No phone service,DSL,Yes,Yes,No,Yes,No,Month-to-month,Yes,Electronic check,44.8,2104.55,No,0,6,16.66,Nabeul
Male,0,No,No,1,Yes,No,No,No internet service,No internet service,No internet service,No internet service,No internet service,Month-to-month,No,Mailed check,20.3,20.3,No,2,6,21.17,Tunis
Male,0,No,No,1,Yes,No,No,No internet service,No internet service,No internet service,No internet service,No internet service,Month-to-month,No,Electronic check,19.2,19.2,No,2,14,10.41,Sousse
Female,0,No,No,37,Yes,No,Fiber optic,No,Yes,Yes,No,No,One year,No,Electronic check,80.05,3019.1,No,0,21,105.19,Kairouan
Male,1,Yes,No,66,Yes,Yes,Fiber optic,No,Yes,Yes,Yes,Yes,One year,Yes,Bank transfer (automatic),107.35,7051.95,No,2,28,100.08,Monastir
Female,0,Yes,No,26,No,No phone service,DSL,Yes,Yes,Yes,Yes,No,One year,No,Bank transfer (automatic),47.85,1190.5,No,2,10,148.67,Gafsa
Male,0,Yes,No,63,Yes,No,DSL,Yes,Yes,No,Yes,No,One year,No,Credit card (automatic),70.8,4448.8,No,0,30,41.65,Manouba
Male,0,No,No,10,No,No phone service,DSL,No,No,Yes,No,No,Month-to-month,No,Mailed check,29.5,255.25,Yes,5,4,35.26,Siliana
Female,0,No,No,2,Yes,No,DSL,Yes,No,No,Yes,Yes,Month-to-month,Yes,Electronic check,70.75,146.9,Yes,4,0,33.48,Tunis
Male,1,Yes,No,18,Yes,No,DSL,Yes,No,No,No,Yes,Month-to-month,Yes,Credit card (automatic),59.1,1011.05,No,2,24,72.59,Monastir
Female,0,Yes,No,64,Yes,Yes,No,No internet service,No internet service,No internet service,No internet service,No internet service,Two year,No,Mailed check,25.55,1714.95,No,2,6,73.39,Bizerte
Female,1,No,No,9,Yes,Yes,Fiber optic,No,No,No,No,Yes,Month-to-month,Yes,Electronic check,84.45,762.5,Yes,10,5,31.58,Tunis
Female,0,No,Yes,28,Yes,No,No,No internet service,No internet service,No internet service,No internet service,No internet service,Month-to-month,No,Mailed check,20.25,535.35,No,1,30,123.45,Ariana
Female,0,No,No,1,Yes,No,Fiber optic,No,No,Yes,No,No,Month-to-month,No,Electronic check,75.55,75.55,No,4,6,40.77,Tunis
Male,0,No,No,4,Yes,Yes,Fiber optic,No,No,No,No,Yes,Month-to-month,Yes,Electronic check,85.65,338.9,Yes,7,5,15.0,Sousse
Male,1,No,No,38,Yes,No,DSL,No,Yes,Yes,Yes,No,One year,Yes,Credit card (automatic),70.15,2497.35,Yes,8,4,36.84,Kef
Male,0,Yes,No,66,Yes,Yes,Fiber optic,No,Yes,Yes,No,Yes,One year,No,Electronic check,95.3,6273.4,No,2,12,13.11,Sousse
Female,0,No,No,1,Yes,No,Fiber optic,No,No,No,No,No,Month-to-month,Yes,Electronic check,70.25,70.25,No,1,23,103.87,Kebili
Female,0,Yes,No,18,Yes,No,DSL,No,No,No,No,No,Month-to-month,Yes,Mailed check,50.3,908.75,No,1,19,125.39,Sousse
Male,1,No,No,51,Yes,Yes,Fiber optic,No,No,Yes,Yes,Yes,Month-to-month,Yes,Electronic check,97.8,4913.3,Yes,10,1,16.57,Sfax
Male,0,Yes,Yes,0,Yes,No,No,No internet service,No internet service,No internet service,No internet service,No internet service,Two year,No,Mailed check,19.85,1397.475,No,4,12,54.67,Ben Arous
Male,0,No,No,1,Yes,No,DSL,No,No,No,No,No,Month-to-month,No,Mailed check,46.3,46.3,Yes,6,1,5.71,Monastir
Male,0,No,Yes,12,Yes,No,No,No internet service,No internet service,No internet service,No internet service,No internet service,Two year,No,Bank transfer (automatic),19.35,212.3,No,3,28,69.25,Béja
Female,0,No,No,41,Yes,Yes,Fiber optic,No,Yes,Yes,Yes,Yes,Month-to-month,Yes,Electronic check,106.3,4443.45,Yes,8,4,8.06,Kef
Male,0,No,No,12,Yes,Yes,No,No internet service,No internet service,No internet service,No internet service,No internet service,Month-to-month,No,Electronic check,25.0,316.2,No,0,11,39.19,Ben Arous
Female,0,Yes,Yes,55,Yes,No,No,No internet service,No internet service,No internet service,No internet service,No internet service,Two year,No,Mailed check,20.3,1079.05,No,3,17,64.36,Tozeur
Female,0,No,No,7,Yes,Yes,Fiber optic,No,No,No,No,No,Month-to-month,Yes,Electronic check,75.35,564.65,No,3,17,83.62,Mahdia
Female,0,No,No,12,Yes,No,Fiber optic,No,No,Yes,No,Yes,Month-to-month,Yes,Electronic check,89.4,1095.65,Yes,10,4,36.84,Siliana
Female,0,Yes,Yes,68,Yes,Yes,DSL,Yes,Yes,Yes,Yes,Yes,Two year,No,Credit card (automatic),88.0,6161.9,No,1,15,26.84,Kasserine
Female,1,No,No,5,Yes,Yes,Fiber optic,No,No,No,Yes,No,Month-to-month,Yes,Credit card (automatic),83.15,446.05,Yes,10,3,36.34,Kairouan
Female,1,No,No,49,Yes,No,DSL,No,No,No,No,No,Month-to-month,No,Mailed check,43.8,2106.05,No,2,29,15.76,Gafsa
Male,0,No,No,40,No,No phone service,DSL,Yes,Yes,Yes,Yes,Yes,One year,No,Credit card (automatic),62.05,2511.55,No,3,13,16.99,Ben Arous
Female,0,No,No,16,Yes,No,No,No internet service,No internet service,No internet service,No internet service,No internet service,One year,No,Bank transfer (automatic),20.1,318.6,No,4,15,33.03,Monastir
Male,0,No,No,10,Yes,Yes,Fiber optic,No,No,No,No,No,Month-to-month,Yes,Mailed check,74.15,811.8,Yes,10,1,12.13,Sousse
Female,0,Yes,No,72,Yes,Yes,Fiber optic,No,Yes,Yes,Yes,Yes,One year,Yes,Electronic check,101.35,7323.15,No,2,9,141.09,Tunis
Female,1,No,No,2,Yes,Yes,Fiber optic,No,No,No,No,Yes,Month-to-month,Yes,Electronic check,84.05,186.05,No,3,24,96.87,Sousse
Male,0,Yes,Yes,23,Yes,No,No,No internet service,No internet service,No internet service,No internet service,No internet service,Two year,No,Mailed check,20.9,454.0,No,2,24,62.43,Gabès
Female,1,No,No,71,Yes,Yes,Fiber optic,No,Yes,Yes,Yes,Yes,One year,Yes,Electronic check,105.9,7521.95,No,0,12,149.17,Tunis
Female,0,Yes,No,11,Yes,Yes,Fiber optic,No,No,Yes,Yes,Yes,Month-to-month,Yes,Electronic check,99.5,1056.95,Yes,8,2,11.11,Nabeul
Male,0,No,No,1,Yes,No,DSL,No,No,No,No,No,Month-to-month,Yes,Mailed check,44.15,44.15,Yes,4,5,29.13,Tunis
Female,0,No,No,16,Yes,No,DSL,No,Yes,No,No,No,Month-to-month,Yes,Mailed check,53.9,834.15,Yes,6,0,6.69,Kef
Female,0,No,No,1,Yes,Yes,Fiber optic,No,No,No,No,Yes,Month-to-month,Yes,Mailed check,85.45,85.45,Yes,9,5,29.11,Tataouine
Male,0,Yes,No,12,Yes,No,Fiber optic,No,Yes,No,No,Yes,Month-to-month,Yes,Credit card (automatic),85.05,999.8,No,0,8,109.83,Tunis
Female,0,No,No,54,No,No phone service,DSL,Yes,No,No,No,Yes,One year,No,Bank transfer (automatic),44.1,2369.7,No,4,28,90.95,Nabeul
Female,0,Yes,No,68,Yes,Yes,Fiber optic,No,Yes,Yes,No,No,Two year,No,Credit card (automatic),90.2,6297.65,No,3,20,100.0,Bizerte
Female,0,Yes,Yes,4,Yes,Yes,DSL,No,No,No,No,No,Month-to-month,No,Mailed check,50.85,239.55,Yes,9,2,17.78,Nabeul
Female,0,No,Yes,1,Yes,No,DSL,No,No,Yes,No,Yes,Month-to-month,No,Electronic check,59.2,59.2,Yes,9,2,22.56,Sousse
Male,0,No,No,27,Yes,No,DSL,Yes,No,No,No,No,Month-to-month,No,Mailed check,53.45,1461.45,No,2,20,123.1,Sousse
Male,0,No,No,21,Yes,No,No,No internet service,No internet service,No internet service,No internet service,No internet service,Month-to-month,Yes,Mailed check,19.95,416.4,No,2,21,134.12,Tunis
Male,0,No,No,13,Yes,No,Fiber optic,No,No,Yes,Yes,No,Month-to-month,Yes,Electronic check,83.2,1060.6,Yes,6,2,40.2,Tataouine
Female,1,No,No,64,Yes,Yes,DSL,No,Yes,Yes,No,Yes,Month-to-month,No,Credit card (automatic),74.65,4869.35,No,4,28,122.18,Tozeur
Female,0,No,No,1,Yes,No,DSL,Yes,Yes,No,No,No,Month-to-month,Yes,Electronic check,54.9,54.9,Yes,5,5,15.54,Zaghouan
Male,0,Yes,No,57,No,No phone service,DSL,No,Yes,Yes,Yes,Yes,Two year,Yes,Bank transfer (automatic),57.5,3265.95,No,4,29,13.32,Mahdia
Female,0,Yes,No,21,Yes,Yes,Fiber optic,Yes,No,Yes,Yes,Yes,Month-to-month,Yes,Electronic check,103.9,2254.2,Yes,9,0,21.13,Sousse
Male,0,No,No,19,Yes,No,No,No internet service,No internet service,No internet service,No internet service,No internet service,Two year,No,Mailed check,19.65,358.15,No,1,27,123.51,Monastir
Male,0,Yes,No,31,Yes,No,Fiber optic,No,No,Yes,Yes,Yes,One year,Yes,Electronic check,93.8,2939.8,No,0,26,11.22,Ariana
Male,0,No,No,52,Yes,Yes,DSL,Yes,Yes,Yes,Yes,Yes,Two year,Yes,Mailed check,89.25,4652.4,No,2,12,59.46,Médiénine
Female,0,No,No,46,Yes,Yes,Fiber optic,No,Yes,Yes,No,Yes,One year,Yes,Electronic check,94.15,4408.45,No,0,26,103.43,Sousse
Female,1,No,No,11,Yes,Yes,DSL,Yes,No,No,No,No,Month-to-month,Yes,Electronic check,55.6,580.8,No,2,22,85.93,Sfax
Female,0,Yes,Yes,53,No,No phone service,DSL,Yes,Yes,Yes,No,Yes,Month-to-month,Yes,Bank transfer (automatic),48.7,2495.2,No,0,16,111.42,Ariana
Female,0,Yes,Yes,11,Yes,No,No,No internet service,No internet service,No internet service,No internet service,No internet service,Month-to-month,Yes,Mailed check,19.25,180.3,Yes,5,1,1.67,Sousse
Male,1,No,No,57,Yes,Yes,Fiber optic,No,Yes,No,Yes,Yes,Month-to-month,Yes,Bank transfer (automatic),104.9,5913.95,No,2,19,125.85,Tunis
Female,1,No,No,2,Yes,Yes,Fiber optic,No,No,No,No,No,Month-to-month,Yes,Mailed check,75.45,158.4,Yes,8,1,45.26,Tunis
Female,1,No,No,2,Yes,No,DSL,Yes,Yes,No,No,No,Month-to-month,No,Mailed check,54.85,104.2,Yes,6,2,12.24,Mahdia
Female,0,Yes,Yes,71,Yes,No,No,No internet service,No internet service,No internet service,No internet service,No internet service,Two year,No,Bank transfer (automatic),19.9,1389.35,No,4,28,129.41,Ariana
Female,0,Yes,Yes,1,Yes,No,No,No internet service,No internet service,No internet service,No internet service,No internet service,Month-to-month,Yes,Mailed check,19.4,19.4,No,0,28,61.49,Sfax
Male,0,Yes,No,68,Yes,Yes,No,No internet service,No internet service,No internet service,No internet service,No internet service,Two year,No,Credit card (automatic),25.05,1629.2,No,4,30,136.28,Tunis
Male,0,Yes,No,72,Yes,No,DSL,Yes,Yes,Yes,Yes,Yes,Two year,No,Mailed check,84.45,6033.1,No,0,9,117.14,Mahdia
Female,0,No,No,2,Yes,No,No,No internet service,No internet service,No internet service,No internet service,No internet service,Month-to-month,No,Mailed check,19.3,44.4,No,2,22,97.72,Kasserine
Male,1,Yes,No,1,Yes,Yes,Fiber optic,No,No,No,Yes,Yes,Month-to-month,Yes,Electronic check,95.1,95.1,Yes,9,2,6.93,Nabeul
Female,0,No,No,41,Yes,No,DSL,Yes,No,Yes,Yes,Yes,One year,Yes,Bank transfer (automatic),79.85,3320.75,No,2,8,27.38,Tunis
Male,0,Yes,Yes,72,Yes,Yes,No,No internet service,No internet service,No internet service,No internet service,No internet service,Two year,No,Credit card (automatic),25.55,1867.7,No,3,17,23.88,Sousse
Male,0,Yes,No,6,Yes,Yes,Fiber optic,No,No,No,No,No,Month-to-month,Yes,Electronic check,75.5,438.0,Yes,4,2,30.4,Sfax
Female,0,Yes,Yes,4,Yes,No,Fiber optic,No,No,Yes,No,No,Month-to-month,Yes,Electronic check,73.75,325.45,Yes,10,3,43.18,Mahdia
Male,0,No,No,12,Yes,Yes,Fiber optic,No,No,No,Yes,Yes,Month-to-month,Yes,Electronic check,96.05,1148.1,Yes,5,2,13.28,Sfax
Female,0,Yes,No,58,Yes,Yes,DSL,Yes,No,No,No,Yes,One year,Yes,Electronic check,68.4,3972.25,No,4,22,83.08,Jendouba
Female,0,No,No,7,Yes,No,No,No internet service,No internet service,No internet service,No internet service,No internet service,Month-to-month,No,Mailed check,20.65,155.9,No,0,17,128.93,Gafsa
Female,0,Yes,No,65,Yes,No,DSL,Yes,No,Yes,No,No,Month-to-month,Yes,Mailed check,55.15,3673.15,No,0,9,89.87,Mahdia
Male,0,No,No,1,Yes,No,Fiber optic,No,No,No,No,No,Month-to-month,Yes,Mailed check,70.6,70.6,No,1,13,133.41,Gabès
Male,0,Yes,No,56,Yes,No,No,No internet service,No internet service,No internet service,No internet service,No internet service,One year,No,Credit card (automatic),19.95,1126.75,No,1,29,129.05,Ben Arous
Male,0,No,No,4,Yes,No,No,No internet service,No internet service,No internet service,No internet service,No internet service,Month-to-month,No,Mailed check,19.0,73.45,No,2,21,18.93,Tataouine
Female,0,Yes,Yes,58,Yes,No,DSL,No,No,No,No,No,One year,Yes,Mailed check,44.1,2413.05,No,3,11,91.27,Bizerte
Male,0,Yes,No,62,Yes,Yes,Fiber optic,No,No,Yes,Yes,Yes,Two year,Yes,Bank transfer (automatic),107.6,6912.7,No,2,10,103.1,Bizerte
Male,0,No,No,26,Yes,Yes,DSL,Yes,Yes,No,No,No,One year,No,Electronic check,61.55,1581.95,No,1,27,50.29,Sousse
Male,0,No,No,62,Yes,Yes,Fiber optic,Yes,Yes,Yes,No,No,Month-to-month,No,Bank transfer (automatic),90.7,5586.45,No,4,18,62.37,Sfax
Female,0,Yes,Yes,58,Yes,No,Fiber optic,Yes,Yes,No,Yes,Yes,One year,No,Credit card (automatic),99.25,5846.65,No,3,8,145.22,Manouba
Female,0,Yes,No,68,Yes,Yes,DSL,Yes,Yes,Yes,Yes,Yes,Two year,Yes,Electronic check,91.7,6424.7,No,3,30,25.22,Kasserine
Female,0,Yes,Yes,61,Yes,Yes,Fiber optic,Yes,Yes,Yes,No,Yes,One year,Yes,Credit card (automatic),100.7,6018.65,No,3,9,113.12,Ben Arous
Female,0,No,No,42,Yes,Yes,DSL,No,No,Yes,Yes,Yes,Two year,Yes,Credit card (automatic),78.45,3373.4,No,2,11,86.81,Ben Arous
Male,0,No,No,18,Yes,Yes,Fiber optic,No,No,No,Yes,No,Month-to-month,No,Bank transfer (automatic),84.3,1537.9,No,4,13,69.97,Kasserine
Female,0,No,No,56,Yes,No,No,No internet service,No internet service,No internet service,No internet service,No internet service,Two year,Yes,Bank transfer (automatic),19.55,1080.55,No,3,18,101.53,Tunis
Female,0,No,No,4,Yes,Yes,Fiber optic,No,Yes,No,No,Yes,Month-to-month,Yes,Electronic check,88.95,355.2,Yes,5,5,32.41,Monastir
Female,0,No,No,4,Yes,No,No,No internet service,No internet service,No internet service,No internet service,No internet service,Month-to-month,No,Credit card (automatic),20.45,82.85,No,4,9,55.36,Bizerte
Female,0,No,Yes,35,Yes,No,DSL,Yes,Yes,No,No,No,One year,No,Credit card (automatic),55.6,2016.45,No,2,12,46.99,Sidi Bouzid
Female,0,Yes,Yes,64,Yes,Yes,Fiber optic,Yes,No,No,No,No,Month-to-month,Yes,Bank transfer (automatic),86.8,5327.25,No,3,22,61.36,Sfax
Female,0,No,No,31,Yes,No,No,No internet service,No internet service,No internet service,No internet service,No internet service,One year,No,Mailed check,20.95,683.25,No,3,28,20.34,Béja
Female,1,Yes,No,67,Yes,No,No,No internet service,No internet service,No internet service,No internet service,No internet service,Two year,Yes,Bank transfer (automatic),20.05,1263.05,No,4,20,35.69,Tunis
Female,0,No,No,4,Yes,No,DSL,No,Yes,No,No,No,Month-to-month,No,Credit card (automatic),50.7,151.3,Yes,7,2,12.68,Nabeul
Female,1,Yes,No,70,Yes,Yes,Fiber optic,Yes,Yes,Yes,Yes,Yes,Two year,Yes,Electronic check,113.65,7714.65,No,4,13,64.2,Mahdia
Male,0,No,No,3,Yes,No,DSL,No,No,No,Yes,No,Month-to-month,No,Credit card (automatic),53.4,188.7,Yes,5,0,16.77,Kef
Male,1,Yes,No,53,Yes,Yes,Fiber optic,No,Yes,No,Yes,Yes,Month-to-month,Yes,Electronic check,101.9,5549.4,Yes,9,4,19.73,Ben Arous
Male,0,Yes,Yes,2,Yes,No,DSL,Yes,Yes,No,No,No,Two year,No,Mailed check,59.5,130.5,No,4,30,83.22,Ariana
Female,0,Yes,Yes,29,Yes,No,Fiber optic,No,No,No,Yes,Yes,Month-to-month,Yes,Credit card (automatic),87.8,2621.75,No,0,25,22.15,Jendouba
Female,0,No,No,47,No,No phone service,DSL,Yes,No,Yes,No,No,Two year,No,Mailed check,41.9,1875.25,No,0,24,78.16,Tunis
Female,0,Yes,Yes,68,Yes,Yes,Fiber optic,No,No,No,Yes,No,One year,Yes,Electronic check,83.0,5685.8,Yes,8,4,3.84,Manouba
Male,0,No,Yes,12,Yes,No,DSL,Yes,No,No,Yes,Yes,Month-to-month,Yes,Mailed check,69.85,837.5,No,2,20,47.76,Tozeur
Female,0,Yes,Yes,8,Yes,No,DSL,No,Yes,No,No,No,Month-to-month,No,Bank transfer (automatic),56.3,401.5,No,3,8,20.88,Sfax
Male,0,Yes,No,54,Yes,Yes,Fiber optic,Yes,Yes,Yes,Yes,Yes,Month-to-month,No,Electronic check,109.55,6118.95,No,0,20,124.79,Gabès
Male,0,Yes,Yes,69,Yes,No,Fiber optic,No,Yes,No,Yes,No,Two year,Yes,Mailed check,92.15,6480.9,No,1,11,35.84,Tunis
Female,0,No,No,26,Yes,Yes,DSL,Yes,Yes,No,Yes,No,Month-to-month,Yes,Bank transfer (automatic),69.5,1800.05,No,2,19,33.95,Zaghouan
Female,0,Yes,No,72,Yes,Yes,Fiber optic,Yes,Yes,Yes,No,No,Two year,Yes,Bank transfer (automatic),97.0,7104.2,No,0,13,82.74,Tunis
Female,0,No,No,70,No,No phone service,DSL,Yes,No,Yes,Yes,Yes,Two year,Yes,Bank transfer (automatic),58.35,4214.25,No,1,26,46.09,Nabeul
Male,0,No,Yes,1,Yes,No,DSL,Yes,No,No,No,No,Month-to-month,No,Mailed check,50.6,50.6,Yes,5,5,46.9,Kairouan
Male,0,No,No,10,Yes,No,Fiber optic,No,No,No,Yes,Yes,Month-to-month,Yes,Electronic check,89.5,863.1,Yes,5,0,32.07,Tunis
Female,0,Yes,Yes,28,Yes,No,Fiber optic,No,No,No,No,No,One year,Yes,Bank transfer (automatic),70.4,1992.2,No,4,28,22.46,Médiénine
Male,0,No,No,1,Yes,No,Fiber optic,No,No,No,No,No,Month-to-month,Yes,Electronic check,69.8,69.8,Yes,6,0,18.67,Tunis
Female,0,Yes,No,21,Yes,Yes,Fiber optic,No,No,No,Yes,Yes,Month-to-month,Yes,Electronic check,94.3,1948.35,No,4,9,42.38,Tunis
Male,1,Yes,No,51,Yes,Yes,Fiber optic,Yes,No,Yes,Yes,No,Month-to-month,Yes,Bank transfer (automatic),93.8,4750.95,Yes,7,1,14.73,Ben Arous
Female,0,Yes,Yes,53,Yes,No,No,No internet service,No internet service,No internet service,No internet service,No internet service,One year,No,Bank transfer (automatic),19.55,1007.9,No,2,10,131.84,Médiénine
Male,0,No,Yes,53,Yes,No,Fiber optic,Yes,Yes,Yes,No,Yes,One year,No,Electronic check,95.95,5036.9,No,4,19,86.41,Manouba
Male,0,Yes,No,24,Yes,Yes,Fiber optic,No,No,Yes,Yes,Yes,Month-to-month,Yes,Electronic check,101.05,2391.8,Yes,7,0,37.21,Sfax
Female,0,Yes,No,70,Yes,Yes,DSL,Yes,Yes,Yes,Yes,Yes,Two year,Yes,Credit card (automatic),94.8,6859.05,No,2,11,133.52,Mahdia
Male,0,No,No,61,Yes,Yes,Fiber optic,Yes,Yes,Yes,Yes,Yes,One year,Yes,Electronic check,107.75,6521.9,No,4,5,91.84,Tunis
Female,0,No,No,11,Yes,No,DSL,Yes,No,No,No,No,One year,Yes,Mailed check,54.6,617.85,No,3,30,29.51,Tunis
Male,0,No,No,2,Yes,No,Fiber optic,No,No,No,No,No,Month-to-month,Yes,Credit card (automatic),71.3,157.75,No,1,24,83.2,Gabès
Male,0,No,No,25,Yes,No,No,No internet service,No internet service,No internet service,No internet service,No internet service,One year,Yes,Bank transfer (automatic),19.5,516.3,No,0,6,111.19,Kairouan
Female,0,No,No,41,Yes,Yes,DSL,No,Yes,No,No,No,One year,Yes,Credit card (automatic),56.3,2364.0,No,1,22,13.57,Gafsa
Male,0,Yes,No,18,Yes,Yes,Fiber optic,No,No,No,Yes,Yes,Month-to-month,Yes,Electronic check,94.7,1687.95,Yes,10,4,36.16,Sidi Bouzid
Male,1,Yes,No,72,Yes,Yes,Fiber optic,No,Yes,Yes,Yes,Yes,Two year,Yes,Bank transfer (automatic),104.15,7689.95,Yes,8,0,24.79,Sidi Bouzid
Female,0,Yes,Yes,71,Yes,Yes,DSL,Yes,Yes,Yes,Yes,Yes,Two year,Yes,Credit card (automatic),90.55,6239.05,No,1,21,122.99,Ariana
Female,0,Yes,Yes,34,Yes,No,DSL,Yes,Yes,Yes,No,No,One year,Yes,Mailed check,60.8,2042.05,No,2,27,140.8,Tunis
Male,0,No,No,29,Yes,No,Fiber optic,No,No,Yes,Yes,Yes,Month-to-month,Yes,Credit card (automatic),98.8,2807.1,No,4,28,84.74,Nabeul
Male,1,Yes,No,40,Yes,No,Fiber optic,Yes,Yes,Yes,Yes,No,One year,Yes,Credit card (automatic),98.15,4116.8,No,1,12,78.6,Tunis
Male,0,Yes,No,36,No,No phone service,DSL,Yes,No,Yes,No,No,One year,No,Mailed check,35.35,1317.95,No,3,9,64.02,Jendouba
Female,0,Yes,No,46,Yes,Yes,Fiber optic,No,Yes,No,Yes,Yes,One year,Yes,Electronic check,103.15,4594.65,No,4,5,85.25,Tunis
Female,0,No,No,58,Yes,Yes,Fiber optic,Yes,Yes,Yes,Yes,Yes,One year,Yes,Electronic check,107.75,6332.75,No,1,19,13.5,Mahdia
Male,0,No,No,39,Yes,Yes,Fiber optic,No,Yes,No,No,No,One year,No,Credit card (automatic),81.4,3213.75,No,4,16,39.83,Nabeul
Male,0,Yes,Yes,4,Yes,No,DSL,No,No,No,No,Yes,Month-to-month,No,Credit card (automatic),61.45,229.55,Yes,7,3,14.24,Tunis
Female,0,Yes,Yes,52,Yes,Yes,Fiber optic,No,Yes,Yes,Yes,No,One year,Yes,Credit card (automatic),95.7,4976.15,No,3,9,145.34,Kairouan
Male,1,Yes,No,70,Yes,Yes,Fiber optic,No,Yes,Yes,Yes,Yes,One year,Yes,Electronic check,104.8,7308.95,No,2,25,86.83,Sfax
Male,1,Yes,No,65,Yes,No,Fiber optic,No,No,No,No,No,One year,Yes,Bank transfer (automatic),70.95,4555.2,No,0,12,110.72,Kairouan
Male,0,No,No,1,Yes,No,DSL,No,No,No,No,No,Month-to-month,Yes,Mailed check,44.95,44.95,No,2,5,59.3,Kef
Female,0,Yes,No,70,Yes,Yes,Fiber optic,No,No,Yes,Yes,Yes,One year,Yes,Electronic check,97.65,6982.5,No,2,14,78.58,Tunis
Female,1,Yes,Yes,29,No,No phone service,DSL,No,Yes,Yes,No,No,Month-to-month,Yes,Mailed check,35.65,1025.15,No,0,18,75.44,Bizerte
Male,0,No,No,1,Yes,No,Fiber optic,No,No,No,Yes,Yes,Month-to-month,Yes,Electronic check,90.55,90.55,Yes,5,2,38.76,Sousse
Female,0,No,No,67,Yes,Yes,DSL,Yes,No,Yes,Yes,Yes,Two year,Yes,Mailed check,85.25,5714.2,No,4,28,133.36,Tunis
Female,0,No,No,1,Yes,No,No,No internet service,No internet service,No internet service,No internet service,No internet service,Month-to-month,Yes,Mailed check,19.5,19.5,No,0,11,58.79,Tataouine
Female,0,No,No,26,Yes,No,Fiber optic,No,No,No,Yes,Yes,Month-to-month,Yes,Bank transfer (automatic),88.8,2274.35,Yes,10,5,12.87,Monastir
Female,0,Yes,Yes,30,Yes,Yes,No,No internet service,No internet service,No internet service,No internet service,No internet service,Two year,Yes,Mailed check,25.1,789.55,No,2,11,67.32,Gabès
Female,0,Yes,No,48,Yes,No,Fiber optic,No,No,Yes,Yes,Yes,Month-to-month,Yes,Credit card (automatic),100.05,4834.0,No,2,21,57.86,Siliana
Female,0,Yes,Yes,55,Yes,No,DSL,Yes,Yes,No,No,No,Month-to-month,No,Electronic check,55.7,3131.8,No,2,19,61.01,Tunis
Male,0,No,No,7,Yes,Yes,Fiber optic,No,No,No,No,Yes,Month-to-month,Yes,Mailed check,85.2,602.55,Yes,8,4,34.13,Tozeur
Male,0,No,No,37,Yes,Yes,Fiber optic,Yes,No,No,Yes,No,Month-to-month,Yes,Electronic check,91.15,3369.25,No,4,7,108.68,Sfax
Female,0,Yes,No,31,Yes,No,Fiber optic,No,Yes,No,No,Yes,Month-to-month,Yes,Bank transfer (automatic),83.85,2674.15,No,1,29,94.94,Nabeul
Male,0,No,No,4,Yes,No,DSL,No,No,No,No,No,Month-to-month,Yes,Electronic check,45.9,199.75,No,1,10,22.95,Zaghouan
Male,0,Yes,Yes,72,Yes,Yes,No,No internet service,No internet service,No internet service,No internet service,No internet service,Two year,Yes,Credit card (automatic),25.1,1790.8,No,1,30,53.81,Nabeul
Male,1,No,No,5,Yes,No,Fiber optic,No,No,No,Yes,Yes,Month-to-month,Yes,Electronic check,91.4,449.75,Yes,4,4,6.54,Tunis
Male,0,Yes,Yes,1,Yes,No,No,No internet service,No internet service,No internet service,No internet service,No internet service,Month-to-month,No,Mailed check,19.7,19.7,No,1,12,89.4,Sfax
Female,1,No,No,15,Yes,No,Fiber optic,No,No,No,Yes,Yes,Month-to-month,Yes,Electronic check,91.5,1400.3,No,1,5,89.16,Médiénine
Male,0,Yes,Yes,8,Yes,No,DSL,Yes,No,No,No,No,Month-to-month,Yes,Credit card (automatic),51.3,411.6,No,4,14,14.0,Sfax
Female,0,No,No,35,Yes,No,No,No internet service,No internet service,No internet service,No internet service,No internet service,One year,No,Mailed check,21.1,741.0,No,4,27,68.82,Gafsa
Female,1,No,No,56,Yes,Yes,Fiber optic,No,Yes,Yes,Yes,Yes,Month-to-month,No,Electronic check,104.75,5841.35,No,4,30,40.78,Ariana
Male,0,Yes,No,42,Yes,Yes,Fiber optic,No,No,Yes,Yes,Yes,Month-to-month,Yes,Bank transfer (automatic),106.15,4512.7,Yes,8,4,16.81,Tunis
Male,1,Yes,Yes,65,Yes,Yes,Fiber optic,Yes,Yes,No,No,No,Month-to-month,Yes,Electronic check,85.75,5688.45,No,0,17,75.45,Tozeur
Female,0,Yes,Yes,2,Yes,No,No,No internet service,No internet service,No internet service,No internet service,No internet service,One year,No,Mailed check,20.3,31.9,No,0,17,99.69,Tunis
Male,1,Yes,No,65,Yes,Yes,Fiber optic,Yes,No,No,Yes,Yes,One year,Yes,Electronic check,100.75,6674.65,No,0,9,127.68,Béja
Female,0,No,No,18,Yes,Yes,Fiber optic,No,No,No,No,No,Month-to-month,Yes,Electronic check,74.15,1345.75,No,1,6,104.63,Kebili
Female,0,No,No,23,Yes,Yes,DSL,Yes,No,Yes,Yes,Yes,One year,Yes,Electronic check,78.55,1843.05,No,4,10,44.29,Kebili
Female,0,No,No,4,Yes,No,DSL,No,No,No,No,No,Month-to-month,Yes,Mailed check,45.3,196.95,Yes,7,3,30.31,Sidi Bouzid
Male,0,Yes,No,70,Yes,No,No,No internet service,No internet service,No internet service,No internet service,No internet service,Two year,No,Credit card (automatic),19.85,1433.8,No,1,22,24.8,Sousse
Female,0,No,No,4,Yes,Yes,DSL,No,No,No,No,No,Month-to-month,No,Electronic check,50.7,214.55,No,1,28,79.23,Kairouan
Male,0,No,No,19,Yes,No,DSL,No,No,No,No,No,Month-to-month,Yes,Bank transfer (automatic),45.0,865.85,No,3,18,107.94,Tunis
Female,0,No,No,18,Yes,No,Fiber optic,No,Yes,Yes,No,No,Month-to-month,No,Electronic check,77.8,1358.6,No,0,9,95.36,Gabès
Female,1,Yes,No,38,Yes,No,Fiber optic,Yes,No,No,No,Yes,Month-to-month,Yes,Electronic check,83.45,3147.15,No,4,21,108.66,Siliana
Male,0,No,No,2,Yes,Yes,Fiber optic,No,No,No,No,No,Month-to-month,Yes,Credit card (automatic),73.25,131.05,Yes,10,1,21.74,Bizerte
Male,0,No,No,47,Yes,Yes,Fiber optic,Yes,Yes,No,Yes,No,One year,No,Bank transfer (automatic),94.8,4535.85,No,2,19,13.76,Sfax
Female,0,Yes,Yes,52,Yes,No,No,No internet service,No internet service,No internet service,No internet service,No internet service,Two year,No,Bank transfer (automatic),20.1,1078.75,No,4,19,126.65,Tunis
Male,0,No,No,9,Yes,Yes,DSL,No,No,No,No,Yes,Month-to-month,No,Mailed check,59.9,542.4,No,0,26,111.53,Bizerte
Female,0,Yes,No,26,Yes,Yes,DSL,Yes,Yes,Yes,Yes,Yes,One year,Yes,Credit card (automatic),90.1,2312.55,No,4,24,144.0,Nabeul
Male,0,Yes,Yes,8,Yes,No,DSL,No,No,Yes,No,No,Month-to-month,Yes,Electronic check,51.05,415.05,Yes,7,4,19.33,Tunis
Male,0,Yes,No,44,Yes,No,DSL,No,Yes,Yes,Yes,No,One year,Yes,Electronic check,70.95,3250.45,No,2,5,78.77,Médiénine
Female,0,No,No,3,No,No phone service,DSL,No,Yes,No,No,No,Month-to-month,No,Mailed check,29.2,98.5,No,0,27,56.86,Bizerte
Male,0,No,No,2,Yes,No,DSL,No,No,No,No,No,Month-to-month,Yes,Bank transfer (automatic),46.6,87.9,No,3,14,115.54,Béja
Female,0,Yes,Yes,9,Yes,Yes,Fiber optic,No,No,No,Yes,No,Month-to-month,Yes,Bank transfer (automatic),85.35,754.65,Yes,6,4,38.58,Ben Arous
Male,1,No,No,1,Yes,Yes,Fiber optic,No,No,No,No,No,Month-to-month,Yes,Electronic check,75.35,75.35,Yes,6,5,37.57,Monastir
Male,0,No,No,25,Yes,No,Fiber optic,Yes,No,No,No,No,Month-to-month,No,Bank transfer (automatic),74.3,1952.25,No,0,25,126.15,Tunis
Female,1,Yes,No,2,Yes,No,Fiber optic,No,No,No,No,No,Month-to-month,Yes,Electronic check,69.3,153.8,No,4,5,37.91,Nabeul
Male,0,No,No,43,Yes,No,Fiber optic,Yes,No,No,No,No,Month-to-month,Yes,Electronic check,75.2,3198.6,Yes,4,4,24.67,Gabès
Female,0,No,No,1,Yes,No,No,No internet service,No internet service,No internet service,No internet service,No internet service,Month-to-month,No,Mailed check,20.9,20.9,Yes,5,4,6.33,Gafsa
Female,0,Yes,No,58,Yes,Yes,Fiber optic,No,Yes,Yes,No,Yes,One year,Yes,Electronic check,94.3,5610.15,No,1,14,138.0,Nabeul
Female,0,Yes,Yes,59,Yes,Yes,DSL,Yes,No,Yes,Yes,No,Two year,Yes,Mailed check,76.45,4519.5,No,0,16,93.58,Gabès
Male,0,No,No,44,No,No phone service,DSL,Yes,No,Yes,Yes,Yes,One year,Yes,Electronic check,54.0,2440.25,No,4,26,43.68,Béja
Male,0,No,No,66,Yes,Yes,Fiber optic,No,Yes,No,Yes,Yes,One year,Yes,Electronic check,104.25,6860.6,No,3,13,87.86,Sidi Bouzid
Male,0,Yes,Yes,68,Yes,No,No,No internet service,No internet service,No internet service,No internet service,No internet service,Two year,No,Bank transfer (automatic),19.95,1377.7,No,0,14,42.05,Siliana
Male,0,No,No,9,No,No phone service,DSL,No,No,No,No,No,Month-to-month,Yes,Electronic check,24.95,190.25,No,4,30,31.61,Sousse
Male,0,No,No,19,Yes,Yes,Fiber optic,Yes,No,Yes,No,No,Month-to-month,Yes,Electronic check,84.75,1651.95,No,4,22,130.7,Manouba
Male,0,No,No,4,Yes,No,No,No internet service,No internet service,No internet service,No internet service,No internet service,Month-to-month,No,Mailed check,19.75,78.3,No,4,13,146.84,Gabès
Female,0,No,No,70,Yes,Yes,Fiber optic,Yes,Yes,Yes,Yes,Yes,Two year,Yes,Bank transfer (automatic),113.65,7939.25,No,1,11,103.76,Tunis
Male,0,No,No,1,Yes,No,DSL,No,No,No,No,No,Month-to-month,Yes,Mailed check,44.9,44.9,No,3,10,133.43,Mahdia
Female,0,No,No,8,Yes,Yes,Fiber optic,No,No,No,No,No,Month-to-month,Yes,Electronic check,75.25,576.7,No,0,8,138.67,Ariana
Male,0,No,No,53,Yes,Yes,No,No internet service,No internet service,No internet service,No internet service,No internet service,Two year,No,Mailed check,24.6,1279.0,No,1,19,57.93,Sousse
Male,1,No,No,51,Yes,Yes,No,No internet service,No internet service,No internet service,No internet service,No internet service,One year,No,Bank transfer (automatic),25.0,1260.7,No,4,16,14.83,Nabeul
Male,0,Yes,Yes,11,Yes,No,No,No internet service,No internet service,No internet service,No internet service,No internet service,Month-to-month,No,Bank transfer (automatic),20.95,267.35,No,4,13,116.97,Sousse
Male,0,Yes,Yes,60,Yes,Yes,Fiber optic,Yes,No,Yes,Yes,Yes,Two year,Yes,Electronic check,110.6,6586.85,No,0,6,84.03,Kairouan
Male,0,No,No,17,Yes,No,DSL,Yes,Yes,No,No,No,Month-to-month,Yes,Credit card (automatic),55.5,934.15,No,2,5,125.3,Sousse
Male,0,No,No,3,Yes,No,DSL,No,No,No,No,No,Month-to-month,Yes,Electronic check,43.3,123.65,Yes,10,5,34.96,Bizerte
Male,0,Yes,No,70,Yes,No,Fiber optic,Yes,Yes,Yes,Yes,Yes,One year,Yes,Bank transfer (automatic),109.5,7534.65,Yes,5,4,38.3,Kasserine
Male,0,No,No,1,Yes,No,No,No internet service,No internet service,No internet service,No internet service,No internet service,Month-to-month,No,Mailed check,19.45,19.45,No,0,20,112.97,Sfax
Male,1,No,No,43,Yes,Yes,Fiber optic,No,No,No,Yes,No,Month-to-month,Yes,Electronic check,84.85,3645.6,No,3,24,32.04,Tunis
Female,0,Yes,No,16,Yes,No,No,No internet service,No internet service,No internet service,No internet service,No internet service,Month-to-month,No,Mailed check,19.6,314.45,No,3,18,130.49,Tunis
Female,0,Yes,Yes,57,Yes,No,DSL,Yes,Yes,No,No,No,One year,No,Electronic check,53.45,3053.0,No,3,5,26.47,Kairouan
Male,0,Yes,Yes,37,Yes,No,No,No internet service,No internet service,No internet service,No internet service,No internet service,One year,No,Credit card (automatic),19.8,677.05,No,4,21,126.22,Béja
Female,0,Yes,No,72,Yes,Yes,Fiber optic,Yes,Yes,Yes,Yes,Yes,Two year,No,Credit card (automatic),112.1,7965.95,No,4,11,127.48,Bizerte
Female,1,No,No,11,Yes,Yes,Fiber optic,No,No,No,No,Yes,Month-to-month,Yes,Credit card (automatic),84.8,906.85,Yes,7,2,4.64,Tunis
Female,1,Yes,No,50,Yes,Yes,Fiber optic,No,Yes,Yes,Yes,No,Month-to-month,Yes,Electronic check,95.05,4888.7,Yes,7,5,26.43,Kairouan
Male,1,No,No,5,Yes,No,DSL,No,No,Yes,No,No,Month-to-month,No,Electronic check,50.35,237.25,Yes,6,2,46.19,Bizerte
Male,0,Yes,No,1,Yes,Yes,Fiber optic,No,No,No,No,No,Month-to-month,Yes,Bank transfer (automatic),74.6,74.6,Yes,8,1,21.51,Tunis
Male,0,No,No,16,Yes,No,No,No internet service,No internet service,No internet service,No internet service,No internet service,Month-to-month,Yes,Mailed check,19.7,342.4,Yes,5,5,46.45,Gabès
Male,1,Yes,No,2,Yes,No,Fiber optic,No,No,Yes,No,No,Month-to-month,Yes,Electronic check,74.2,140.1,No,2,18,11.49,Sfax
Female,0,No,No,17,Yes,Yes,DSL,No,No,Yes,Yes,No,Month-to-month,Yes,Mailed check,69.0,1108.0,No,3,5,54.44,Bizerte
Female,0,No,No,16,Yes,No,No,No internet service,No internet service,No internet service,No internet service,No internet service,One year,No,Credit card (automatic),19.35,295.55,No,0,6,79.3,Zaghouan
Female,0,No,No,15,Yes,No,DSL,No,No,Yes,No,Yes,Month-to-month,Yes,Electronic check,59.45,892.65,Yes,9,0,13.7,Gabès
Female,0,No,No,10,Yes,No,No,No internet service,No internet service,No internet service,No internet service,No internet service,One year,Yes,Mailed check,19.8,198.25,No,3,16,88.46,Kairouan
Female,0,No,Yes,46,Yes,No,Fiber optic,Yes,Yes,No,Yes,Yes,One year,Yes,Bank transfer (automatic),105.2,4822.85,Yes,8,4,24.71,Tunis
Male,0,Yes,Yes,64,Yes,Yes,Fiber optic,No,Yes,Yes,Yes,Yes,Two year,Yes,Credit card (automatic),109.2,6741.15,No,3,6,79.93,Tunis
Female,0,No,No,1,Yes,Yes,Fiber optic,No,Yes,No,No,No,Month-to-month,Yes,Mailed check,79.15,79.15,No,3,11,68.49,Gabès
Male,0,Yes,Yes,25,Yes,No,DSL,No,Yes,Yes,No,No,One year,No,Mailed check,53.65,1355.45,No,3,8,142.45,Sousse
Male,0,Yes,Yes,71,Yes,No,Fiber optic,Yes,Yes,Yes,Yes,No,Two year,No,Credit card (automatic),100.2,7209.0,No,2,9,143.29,Mahdia
Male,0,No,No,8,Yes,No,DSL,No,No,No,No,No,Month-to-month,Yes,Mailed check,45.15,438.4,Yes,10,1,3.85,Jendouba
Female,0,Yes,Yes,72,Yes,No,Fiber optic,Yes,Yes,Yes,Yes,Yes,Two year,Yes,Bank transfer (automatic),108.65,7726.35,No,1,28,64.8,Sousse
Female,0,Yes,No,49,No,No phone service,DSL,Yes,No,No,Yes,No,Month-to-month,No,Bank transfer (automatic),40.65,2070.75,No,1,13,49.98,Sfax
Male,0,Yes,Yes,29,No,No phone service,DSL,Yes,Yes,Yes,No,Yes,One year,Yes,Credit card (automatic),55.35,1636.95,No,3,24,77.88,Tunis
Male,0,Yes,No,72,Yes,Yes,Fiber optic,Yes,Yes,Yes,No,Yes,Two year,No,Bank transfer (automatic),105.6,7581.5,No,2,19,24.78,Sfax
Male,0,Yes,No,31,Yes,Yes,Fiber optic,No,Yes,Yes,Yes,No,Month-to-month,No,Electronic check,93.8,3019.5,Yes,8,1,43.29,Tunis
Female,0,No,No,50,Yes,Yes,Fiber optic,No,No,No,Yes,Yes,Month-to-month,Yes,Electronic check,95.7,4729.75,No,0,18,30.22,Nabeul
Male,0,Yes,No,71,Yes,Yes,DSL,Yes,No,Yes,Yes,Yes,Two year,No,Electronic check,83.2,6126.1,No,2,12,39.52,Manouba
Male,1,Yes,No,70,Yes,Yes,DSL,Yes,Yes,Yes,Yes,Yes,Two year,No,Credit card (automatic),90.05,6333.4,No,2,27,20.94,Ariana
Male,0,No,No,71,Yes,Yes,Fiber optic,Yes,No,No,No,Yes,One year,No,Credit card (automatic),97.65,6687.85,No,3,18,95.36,Ben Arous
Male,0,Yes,Yes,61,Yes,No,DSL,Yes,Yes,Yes,No,No,Two year,Yes,Bank transfer (automatic),68.05,4158.25,No,1,23,31.8,Kairouan
Male,0,No,No,32,Yes,No,Fiber optic,No,No,No,Yes,Yes,Month-to-month,Yes,Electronic check,96.2,3183.4,Yes,4,1,42.98,Gafsa
Female,0,No,Yes,1,Yes,No,Fiber optic,No,No,No,No,Yes,Month-to-month,Yes,Electronic check,79.6,79.6,Yes,4,3,17.3,Sfax
Male,0,No,No,68,Yes,Yes,Fiber optic,Yes,Yes,Yes,No,Yes,Two year,Yes,Bank transfer (automatic),102.1,7149.35,No,1,23,74.42,Kairouan
Male,0,No,No,62,Yes,Yes,No,No internet service,No internet service,No internet service,No internet service,No internet service,Two year,No,Bank transfer (automatic),23.4,1429.65,No,4,30,133.13,Zaghouan
Female,0,No,Yes,7,Yes,No,Fiber optic,No,No,No,No,No,Month-to-month,Yes,Electronic check,71.05,472.65,No,3,20,104.55,Béja
Male,0,No,No,20,Yes,Yes,Fiber optic,No,No,No,Yes,No,Month-to-month,Yes,Electronic check,85.25,1734.5,Yes,9,3,10.9,Sfax
Male,0,Yes,Yes,6,Yes,No,No,No internet service,No internet service,No internet service,No internet service,No internet service,One year,No,Mailed check,19.45,113.5,No,0,14,13.57,Siliana
Female,1,No,No,33,No,No phone service,DSL,Yes,Yes,Yes,Yes,Yes,Month-to-month,Yes,Bank transfer (automatic),59.45,1884.65,No,2,17,51.99,Nabeul
Male,0,Yes,Yes,28,Yes,Yes,Fiber optic,No,No,No,Yes,Yes,One year,No,Bank transfer (automatic),92.2,2568.15,No,0,22,51.41,Médiénine
Male,0,No,No,27,Yes,No,No,No internet service,No internet service,No internet service,No internet service,No internet service,Two year,No,Credit card (automatic),19.85,470.0,No,0,8,24.65,Zaghouan
Male,0,No,No,7,Yes,No,DSL,No,No,No,No,No,Month-to-month,No,Mailed check,43.9,278.4,No,4,26,95.78,Monastir
Male,0,No,No,26,Yes,Yes,Fiber optic,No,No,No,No,No,Month-to-month,Yes,Electronic check,80.5,2088.8,Yes,9,4,11.84,Tunis
Male,1,No,No,5,Yes,Yes,Fiber optic,No,Yes,No,No,Yes,Month-to-month,Yes,Electronic check,89.8,502.6,Yes,10,5,19.85,Tunis
Male,1,No,No,30,Yes,Yes,Fiber optic,Yes,No,No,No,Yes,Month-to-month,Yes,Credit card (automatic),90.5,2595.85,No,1,19,66.79,Médiénine
Male,0,No,No,63,Yes,Yes,Fiber optic,No,Yes,No,No,Yes,One year,No,Credit card (automatic),90.45,5825.5,No,1,21,55.62,Sousse
Male,0,No,No,1,Yes,No,DSL,No,Yes,No,No,No,Month-to-month,Yes,Electronic check,50.75,50.75,Yes,5,4,10.24,Bizerte
Female,0,No,Yes,53,Yes,Yes,DSL,No,Yes,Yes,Yes,Yes,One year,Yes,Electronic check,84.6,4449.75,No,1,15,54.42,Sfax
Female,0,Yes,Yes,14,Yes,No,Fiber optic,No,Yes,No,No,Yes,Month-to-month,Yes,Credit card (automatic),89.65,1208.35,Yes,7,0,9.62,Sfax
Female,0,No,No,21,Yes,No,Fiber optic,No,Yes,No,Yes,Yes,Month-to-month,Yes,Bank transfer (automatic),99.15,1956.4,No,2,26,74.66,Zaghouan
Male,0,No,No,17,Yes,No,No,No internet service,No internet service,No internet service,No internet service,No internet service,One year,No,Mailed check,19.95,310.6,No,1,11,44.21,Monastir
Male,0,Yes,Yes,16,Yes,No,No,No internet service,No internet service,No internet service,No internet service,No internet service,Two year,No,Mailed check,20.5,290.55,No,4,21,77.53,Bizerte
Female,0,No,No,35,Yes,No,DSL,No,No,Yes,No,Yes,Month-to-month,Yes,Electronic check,62.1,2096.1,No,4,14,109.0,Bizerte
Female,1,No,No,32,Yes,No,Fiber optic,No,No,No,No,Yes,Month-to-month,Yes,Electronic check,79.5,2665.0,No,4,22,39.19,Sfax
Female,0,Yes,Yes,28,Yes,No,No,No internet service,No internet service,No internet service,No internet service,No internet service,Month-to-month,Yes,Bank transfer (automatic),19.55,543.8,No,0,5,103.3,Sidi Bouzid
Female,0,No,No,1,Yes,No,No,No internet service,No internet service,No internet service,No internet service,No internet service,Month-to-month,Yes,Mailed check,20.35,20.35,No,4,27,128.5,Kairouan
Male,0,No,No,59,No,No phone service,DSL,No,No,No,Yes,Yes,Month-to-month,Yes,Electronic check,51.7,3005.8,No,3,25,71.19,Sidi Bouzid
Female,0,Yes,Yes,72,Yes,Yes,No,No internet service,No internet service,No internet service,No internet service,No internet service,One year,Yes,Bank transfer (automatic),23.3,1623.15,No,1,6,139.66,Jendouba
Male,0,No,No,36,Yes,No,DSL,No,Yes,No,No,Yes,One year,Yes,Mailed check,65.4,2498.4,Yes,4,4,45.0,Jendouba
Female,0,No,No,40,Yes,No,DSL,Yes,Yes,No,Yes,No,Month-to-month,No,Mailed check,65.1,2586.0,No,2,10,44.94,Sfax
Male,0,Yes,Yes,40,Yes,Yes,Fiber optic,No,No,Yes,No,No,Month-to-month,Yes,Electronic check,81.2,3292.3,No,2,17,130.9,Nabeul
Female,0,No,Yes,9,Yes,No,DSL,No,No,Yes,Yes,Yes,Month-to-month,Yes,Mailed check,72.9,651.4,Yes,4,2,24.72,Siliana
Male,0,Yes,Yes,63,Yes,No,DSL,Yes,Yes,Yes,Yes,No,Two year,No,Credit card (automatic),74.5,4674.55,No,0,13,98.05,Kairouan
Female,0,No,No,3,Yes,No,Fiber optic,No,No,No,Yes,No,Month-to-month,Yes,Electronic check,80.5,232.35,No,0,23,113.07,Sidi Bouzid
Male,0,Yes,Yes,40,No,No phone service,DSL,No,Yes,Yes,Yes,Yes,One year,No,Mailed check,60.3,2448.5,No,1,9,125.98,Sousse
Male,0,Yes,No,8,Yes,No,Fiber optic,Yes,No,No,No,No,Month-to-month,Yes,Mailed check,75.0,658.1,No,1,14,145.56,Médiénine
Male,1,Yes,No,34,Yes,No,Fiber optic,Yes,No,No,Yes,No,One year,No,Mailed check,90.15,3128.8,No,0,7,144.09,Ariana
Male,0,No,No,5,No,No phone service,DSL,Yes,No,Yes,No,No,Month-to-month,No,Mailed check,40.0,223.45,Yes,10,4,34.54,Mahdia
Male,1,No,No,9,Yes,Yes,Fiber optic,No,Yes,No,Yes,Yes,Month-to-month,Yes,Credit card (automatic),99.45,919.4,Yes,9,4,19.15,Ariana
Male,0,Yes,No,9,Yes,Yes,DSL,No,Yes,Yes,No,Yes,Month-to-month,Yes,Credit card (automatic),69.05,653.95,No,4,29,59.13,Sousse
Male,0,Yes,Yes,31,Yes,Yes,DSL,No,No,No,No,Yes,Month-to-month,No,Bank transfer (automatic),59.7,1825.5,No,4,5,32.02,Nabeul
Female,0,Yes,No,50,Yes,No,No,No internet service,No internet service,No internet service,No internet service,No internet service,One year,Yes,Bank transfer (automatic),19.85,943.1,No,2,5,143.94,Ariana
Female,0,No,No,2,Yes,No,Fiber optic,Yes,Yes,No,No,No,Month-to-month,Yes,Electronic check,86.25,181.65,Yes,6,4,43.31,Kasserine
Female,0,No,No,1,Yes,No,DSL,No,No,No,No,No,Month-to-month,Yes,Electronic check,45.65,45.65,Yes,8,2,33.12,Kairouan
Male,0,No,No,8,Yes,No,Fiber optic,No,No,No,No,No,Month-to-month,Yes,Mailed check,70.1,551.35,Yes,7,1,29.17,Manouba
Female,0,No,No,9,No,No phone service,DSL,No,Yes,No,No,Yes,Month-to-month,No,Electronic check,40.75,359.4,No,0,6,104.77,Sfax
Female,1,No,No,2,Yes,No,Fiber optic,No,No,No,No,No,Month-to-month,Yes,Bank transfer (automatic),70.2,115.95,Yes,10,3,39.5,Sfax
Female,0,No,No,3,Yes,No,DSL,Yes,Yes,No,No,No,Month-to-month,No,Electronic check,55.35,165.2,Yes,10,0,38.24,Kasserine
Male,0,Yes,No,25,Yes,No,Fiber optic,No,No,No,Yes,Yes,Month-to-month,Yes,Credit card (automatic),95.7,2338.35,No,4,7,148.66,Médiénine
Male,1,No,No,1,Yes,No,DSL,No,No,No,No,No,Month-to-month,No,Electronic check,46.3,46.3,No,4,8,86.86,Tunis
Female,0,Yes,Yes,45,Yes,Yes,DSL,Yes,Yes,Yes,Yes,No,Month-to-month,No,Mailed check,81.3,3541.1,No,0,10,146.69,Kairouan
Male,1,Yes,Yes,51,Yes,Yes,Fiber optic,No,Yes,Yes,No,No,Month-to-month,Yes,Electronic check,84.2,4146.05,Yes,10,5,6.09,Sousse
Female,0,Yes,Yes,55,Yes,No,No,No internet service,No internet service,No internet service,No internet service,No internet service,Month-to-month,No,Credit card (automatic),20.0,1087.25,No,1,7,120.65,Sfax
Female,0,No,No,38,Yes,Yes,DSL,Yes,Yes,Yes,No,No,Month-to-month,Yes,Bank transfer (automatic),66.15,2522.4,No,2,23,114.02,Tunis
Male,0,No,No,2,Yes,No,DSL,No,No,No,No,No,Month-to-month,No,Mailed check,45.85,81.0,Yes,9,2,15.46,Tunis
Male,0,Yes,Yes,38,Yes,No,No,No internet service,No internet service,No internet service,No internet service,No internet service,Month-to-month,No,Electronic check,19.6,717.3,No,2,22,87.76,Gabès
Male,0,No,No,34,Yes,No,DSL,No,Yes,No,No,No,Month-to-month,Yes,Electronic check,49.8,1734.2,No,1,22,114.53,Kebili
Female,0,Yes,No,70,Yes,Yes,Fiber optic,No,No,Yes,Yes,Yes,One year,Yes,Electronic check,101.75,7069.3,No,0,18,33.45,Sidi Bouzid
Female,0,No,No,13,Yes,No,DSL,Yes,No,No,No,No,One year,No,Mailed check,55.15,742.9,No,1,30,120.88,Gabès
Male,0,No,No,39,Yes,Yes,Fiber optic,No,No,No,No,No,Month-to-month,No,Electronic check,75.25,3017.65,Yes,8,0,42.96,Siliana
Female,0,No,No,61,Yes,Yes,Fiber optic,No,Yes,Yes,Yes,Yes,One year,Yes,Electronic check,103.95,6423.0,No,2,12,39.44,Sfax
Female,0,No,No,12,Yes,Yes,Fiber optic,No,No,Yes,Yes,Yes,Month-to-month,Yes,Bank transfer (automatic),100.15,1164.3,Yes,5,1,43.53,Kairouan
Male,0,No,No,41,Yes,No,Fiber optic,No,Yes,No,Yes,Yes,Two year,Yes,Credit card (automatic),99.65,4220.35,No,4,27,29.06,Tunis
Male,0,No,No,21,Yes,Yes,Fiber optic,No,No,No,No,No,Month-to-month,Yes,Electronic check,73.7,1558.7,No,1,16,21.86,Tunis
Male,1,No,No,55,No,No phone service,DSL,No,No,Yes,Yes,Yes,One year,Yes,Bank transfer (automatic),50.05,2743.45,No,0,22,21.86,Tunis
Male,0,Yes,No,69,No,No phone service,DSL,Yes,No,Yes,Yes,Yes,Two year,No,Bank transfer (automatic),60.25,4055.5,No,3,14,80.63,Manouba
Male,1,Yes,Yes,26,Yes,Yes,Fiber optic,No,Yes,Yes,Yes,Yes,Month-to-month,No,Electronic check,105.75,2710.25,Yes,5,5,18.03,Tunis
Female,1,Yes,No,69,Yes,No,Fiber optic,Yes,Yes,No,No,Yes,One year,No,Credit card (automatic),87.3,6055.55,No,2,13,78.17,Siliana
Female,1,Yes,No,18,No,No phone service,DSL,No,No,Yes,Yes,Yes,Month-to-month,Yes,Electronic check,48.35,810.7,Yes,5,5,47.58,Ariana
Male,0,Yes,Yes,47,Yes,Yes,DSL,No,Yes,No,No,No,Month-to-month,No,Electronic check,54.25,2538.2,No,3,21,57.22,Sidi Bouzid
Female,0,Yes,Yes,72,Yes,No,DSL,Yes,Yes,Yes,Yes,Yes,Two year,No,Bank transfer (automatic),85.3,6129.2,No,0,27,47.58,Sfax
Male,1,Yes,No,33,No,No phone service,DSL,No,Yes,Yes,Yes,No,Month-to-month,Yes,Electronic check,50.0,1750.85,No,0,22,114.66,Gabès
Female,0,Yes,Yes,2,No,No phone service,DSL,No,No,No,No,No,Month-to-month,Yes,Mailed check,24.4,36.55,Yes,6,5,29.56,Gabès
Female,0,Yes,Yes,72,Yes,Yes,DSL,Yes,Yes,Yes,Yes,Yes,Two year,No,Credit card (automatic),90.95,6652.45,No,3,19,15.84,Sfax
Male,1,Yes,No,37,Yes,No,Fiber optic,No,No,No,No,No,Month-to-month,Yes,Bank transfer (automatic),72.25,2575.45,No,3,28,76.8,Monastir
Female,1,Yes,Yes,62,Yes,Yes,Fiber optic,No,Yes,Yes,No,Yes,Month-to-month,Yes,Credit card (automatic),96.1,6019.35,No,0,10,30.02,Kasserine
Female,0,Yes,No,71,Yes,No,No,No internet service,No internet service,No internet service,No internet service,No internet service,Two year,No,Credit card (automatic),19.85,1379.6,No,0,17,94.85,Béja
Male,0,No,Yes,23,Yes,No,DSL,No,Yes,No,No,No,Month-to-month,Yes,Bank transfer (automatic),55.3,1284.2,No,4,5,82.26,Kasserine
Female,0,No,No,16,Yes,No,No,No internet service,No internet service,No internet service,No internet service,No internet service,One year,No,Mailed check,20.1,296.15,No,0,15,36.92,Sfax
Male,0,No,No,9,Yes,No,DSL,Yes,No,Yes,Yes,No,Month-to-month,Yes,Mailed check,69.5,653.25,No,3,18,45.77,Manouba
Male,0,Yes,Yes,17,Yes,Yes,No,No internet service,No internet service,No internet service,No internet service,No internet service,Two year,Yes,Mailed check,25.15,412.6,No,2,23,18.41,Ben Arous
Female,0,No,No,4,Yes,No,No,No internet service,No internet service,No internet service,No internet service,No internet service,Month-to-month,No,Bank transfer (automatic),20.95,85.5,Yes,5,1,40.1,Bizerte
Female,1,Yes,No,1,Yes,No,DSL,Yes,No,No,No,No,Month-to-month,Yes,Electronic check,49.55,49.55,Yes,5,4,37.25,Tunis
Female,0,Yes,No,24,Yes,Yes,Fiber optic,No,No,Yes,No,No,Month-to-month,Yes,Mailed check,79.65,1928.7,No,0,26,89.26,Kasserine
Female,1,No,No,1,Yes,No,Fiber optic,No,No,No,No,No,Month-to-month,Yes,Electronic check,71.25,71.25,No,3,20,69.34,Gabès
Male,1,No,No,72,Yes,Yes,Fiber optic,Yes,Yes,Yes,Yes,Yes,Two year,No,Bank transfer (automatic),113.8,7845.8,No,0,14,63.69,Tunis
Female,0,Yes,No,72,Yes,Yes,No,No internet service,No internet service,No internet service,No internet service,No internet service,Two year,No,Electronic check,24.55,1750.7,No,1,13,107.51,Gabès
Female,0,No,Yes,11,Yes,No,No,No internet service,No internet service,No internet service,No internet service,No internet service,Month-to-month,No,Credit card (automatic),19.7,216.2,No,3,26,23.47,Sidi Bouzid
Male,0,No,No,9,Yes,No,No,No internet service,No internet service,No internet service,No internet service,No internet service,Month-to-month,No,Mailed check,20.25,178.5,Yes,10,4,18.73,Bizerte
Female,1,Yes,No,2,Yes,No,DSL,No,Yes,No,No,No,Month-to-month,No,Credit card (automatic),50.15,115.1,Yes,10,0,37.09,Kasserine
Female,1,Yes,No,60,Yes,Yes,Fiber optic,No,No,Yes,Yes,Yes,One year,Yes,Credit card (automatic),100.5,6029.0,No,2,28,120.79,Ariana
Male,1,Yes,No,29,Yes,Yes,Fiber optic,No,Yes,Yes,No,Yes,Month-to-month,Yes,Electronic check,95.9,2745.2,Yes,9,4,21.45,Sousse
Female,0,No,No,49,Yes,No,DSL,No,No,Yes,Yes,Yes,Two year,Yes,Bank transfer (automatic),74.45,3721.9,No,4,10,110.97,Ariana
Female,1,No,No,30,Yes,Yes,Fiber optic,No,Yes,Yes,Yes,Yes,Month-to-month,Yes,Electronic check,104.1,3121.1,No,2,29,37.32,Manouba
Female,0,Yes,No,53,Yes,No,No,No internet service,No internet service,No internet service,No internet service,No internet service,One year,No,Credit card (automatic),19.05,990.45,No,0,5,18.69,Tunis
Male,0,No,Yes,39,Yes,Yes,No,No internet service,No internet service,No internet service,No internet service,No internet service,Two year,No,Mailed check,25.0,1004.35,No,3,27,29.16,Mahdia
Female,0,No,No,9,Yes,No,No,No internet service,No internet service,No internet service,No internet service,No internet service,Month-to-month,No,Mailed check,19.05,157.65,No,3,5,133.31,Gafsa
Male,0,No,No,39,Yes,No,Fiber optic,No,No,Yes,No,No,One year,No,Electronic check,81.9,3219.75,No,4,9,116.38,Médiénine
Male,1,No,No,8,Yes,No,Fiber optic,No,No,No,No,No,Month-to-month,Yes,Electronic check,69.7,572.85,No,4,15,137.9,Sfax
Female,0,Yes,Yes,51,Yes,Yes,Fiber optic,No,No,Yes,No,Yes,One year,Yes,Electronic check,90.15,4554.85,No,0,30,81.02,Gabès
Male,0,Yes,Yes,71,Yes,Yes,No,No internet service,No internet service,No internet service,No internet service,No internet service,Two year,No,Credit card (automatic),25.35,1847.55,No,1,10,51.88,Ben Arous
Male,1,No,No,71,Yes,Yes,No,No internet service,No internet service,No internet service,No internet service,No internet service,Two year,Yes,Mailed check,24.65,1766.75,No,3,11,110.82,Sousse
Female,1,Yes,No,70,Yes,No,No,No internet service,No internet service,No internet service,No internet service,No internet service,Two year,Yes,Credit card (automatic),19.55,1462.05,No,0,13,72.58,Sfax
Female,1,No,No,1,No,No phone service,DSL,No,No,No,No,No,Month-to-month,No,Electronic check,25.25,25.25,Yes,10,2,8.87,Ariana
Male,0,Yes,No,38,No,No phone service,DSL,Yes,Yes,No,Yes,Yes,Two year,Yes,Bank transfer (automatic),60.0,2193.2,No,3,24,28.66,Bizerte
Female,0,Yes,No,28,Yes,No,Fiber optic,No,Yes,Yes,No,Yes,Month-to-month,No,Credit card (automatic),89.9,2433.5,No,2,13,25.23,Nabeul
Female,0,Yes,No,32,Yes,No,No,No internet service,No internet service,No internet service,No internet service,No internet service,Month-to-month,No,Bank transfer (automatic),19.4,641.15,No,0,30,37.69,Sfax
Male,1,Yes,No,49,Yes,No,DSL,No,Yes,No,No,No,Two year,No,Mailed check,49.8,2398.4,No,1,12,83.81,Bizerte
Female,0,Yes,Yes,37,Yes,Yes,No,No internet service,No internet service,No internet service,No internet service,No internet service,Two year,Yes,Bank transfer (automatic),24.1,861.85,No,2,16,30.03,Sousse
Female,0,No,No,10,Yes,No,DSL,No,No,Yes,No,No,Month-to-month,No,Electronic check,54.25,583.0,No,3,26,17.65,Jendouba
Male,0,Yes,No,67,Yes,Yes,Fiber optic,Yes,Yes,Yes,Yes,Yes,One year,No,Credit card (automatic),109.9,7332.4,No,1,29,105.02,Ben Arous
Male,0,No,No,7,No,No phone service,DSL,No,No,Yes,No,No,One year,Yes,Credit card (automatic),35.5,249.55,No,2,30,134.5,Mahdia
Female,0,No,No,51,Yes,No,Fiber optic,No,No,No,Yes,Yes,One year,No,Credit card (automatic),87.55,4475.9,No,0,29,103.55,Kasserine
Female,0,No,No,9,Yes,No,DSL,No,No,No,No,No,Month-to-month,No,Electronic check,45.15,416.45,Yes,7,3,6.18,Sousse
Female,0,No,No,9,Yes,No,Fiber optic,No,No,No,Yes,Yes,Month-to-month,Yes,Mailed check,88.4,788.6,No,3,11,53.64,Ariana
Male,0,No,No,4,Yes,No,DSL,No,No,No,No,No,Month-to-month,Yes,Mailed check,50.8,202.3,No,1,6,19.32,Tunis
Male,0,Yes,No,71,Yes,Yes,Fiber optic,Yes,Yes,Yes,Yes,No,Two year,Yes,Electronic check,99.0,6994.6,No,2,6,130.84,Manouba
Female,0,Yes,Yes,50,Yes,Yes,Fiber optic,No,No,No,Yes,No,Month-to-month,Yes,Bank transfer (automatic),84.4,4116.15,Yes,8,3,24.88,Tunis
Female,1,Yes,Yes,24,Yes,No,Fiber optic,No,No,Yes,Yes,Yes,Two year,Yes,Electronic check,96.55,2263.45,No,4,8,110.3,Zaghouan
Male,0,Yes,No,22,Yes,No,DSL,Yes,No,No,Yes,No,One year,Yes,Bank transfer (automatic),59.75,1374.35,No,2,9,108.22,Sfax
Male,0,No,No,44,Yes,Yes,Fiber optic,Yes,Yes,Yes,Yes,Yes,Month-to-month,Yes,Electronic check,111.5,4915.15,No,3,8,90.94,Sidi Bouzid
Female,0,Yes,Yes,33,Yes,Yes,No,No internet service,No internet service,No internet service,No internet service,No internet service,Month-to-month,No,Bank transfer (automatic),24.25,838.5,No,4,21,122.05,Médiénine
Female,0,No,No,1,Yes,Yes,Fiber optic,No,No,No,No,No,Month-to-month,Yes,Electronic check,75.1,75.1,Yes,8,2,13.77,Sousse
Female,0,Yes,No,54,Yes,Yes,DSL,No,No,No,Yes,Yes,One year,Yes,Credit card (automatic),70.15,3715.65,Yes,9,2,10.52,Nabeul
Male,0,No,No,42,Yes,Yes,Fiber optic,No,Yes,No,Yes,Yes,Month-to-month,Yes,Electronic check,101.75,4273.45,Yes,8,0,36.74,Sousse
Female,0,No,No,1,Yes,No,DSL,No,No,No,No,No,Month-to-month,No,Electronic check,45.8,45.8,Yes,10,0,26.86,Manouba
Female,0,No,No,1,Yes,No,No,No internet service,No internet service,No internet service,No internet service,No internet service,Month-to-month,No,Mailed check,20.5,20.5,No,0,18,126.8,Zaghouan
Male,0,No,No,30,Yes,No,DSL,Yes,Yes,No,Yes,No,One year,No,Electronic check,70.4,2044.75,No,3,28,131.06,Ariana
Female,0,No,No,1,No,No phone service,DSL,No,No,No,No,No,Month-to-month,No,Mailed check,30.55,30.55,No,1,14,85.9,Tunis
Male,0,Yes,Yes,16,Yes,Yes,DSL,Yes,Yes,No,Yes,Yes,Month-to-month,No,Electronic check,84.9,1398.25,No,4,6,133.61,Bizerte
Male,0,No,No,1,Yes,No,No,No internet service,No internet service,No internet service,No internet service,No internet service,Month-to-month,Yes,Mailed check,20.1,20.1,Yes,8,2,0.99,Ariana
Male,0,Yes,No,9,No,No phone service,DSL,No,No,No,Yes,No,Month-to-month,No,Mailed check,40.65,328.95,Yes,9,0,32.18,Tunis
Male,1,Yes,No,46,Yes,Yes,Fiber optic,No,No,Yes,Yes,Yes,Month-to-month,Yes,Electronic check,101.0,4680.05,Yes,10,4,9.7,Tozeur
Male,0,No,No,1,Yes,No,Fiber optic,No,No,No,No,No,Month-to-month,Yes,Electronic check,69.1,69.1,Yes,6,2,28.14,Tunis
Male,0,Yes,No,71,Yes,No,DSL,Yes,No,No,No,No,Two year,No,Bank transfer (automatic),54.5,3778.2,No,1,8,110.54,Tunis
Male,0,No,No,43,Yes,Yes,Fiber optic,No,No,No,No,No,Month-to-month,Yes,Credit card (automatic),75.35,3161.4,No,3,22,92.7,Gabès
Male,0,Yes,No,50,No,No phone service,DSL,Yes,No,No,Yes,No,One year,Yes,Bank transfer (automatic),44.45,2188.45,No,4,18,55.0,Tunis
Female,0,No,No,13,Yes,Yes,Fiber optic,No,No,No,No,No,Month-to-month,Yes,Mailed check,75.0,999.45,Yes,8,0,23.72,Monastir
Male,0,Yes,Yes,19,Yes,No,Fiber optic,No,Yes,No,Yes,Yes,One year,No,Bank transfer (automatic),100.0,1888.65,Yes,7,1,5.44,Nabeul
Female,0,No,No,41,Yes,Yes,Fiber optic,No,No,Yes,Yes,Yes,Month-to-month,No,Bank transfer (automatic),98.05,3990.6,No,1,10,39.26,Tunis
Female,1,No,No,1,Yes,No,Fiber optic,No,No,No,No,No,Month-to-month,Yes,Electronic check,71.15,71.15,Yes,5,5,4.85,Ben Arous
Female,0,No,No,24,No,No phone service,DSL,No,Yes,Yes,Yes,Yes,Month-to-month,Yes,Credit card (automatic),54.15,1240.25,Yes,5,4,46.91,Bizerte
Female,0,Yes,No,40,Yes,Yes,DSL,No,Yes,No,Yes,No,One year,No,Bank transfer (automatic),63.9,2635.0,No,3,11,42.29,Ariana
Female,0,Yes,Yes,3,Yes,Yes,DSL,No,Yes,Yes,Yes,No,Month-to-month,Yes,Bank transfer (automatic),69.15,235.0,No,0,14,75.2,Médiénine
Female,0,No,No,37,Yes,Yes,DSL,Yes,No,No,Yes,No,One year,No,Bank transfer (automatic),64.65,2347.85,No,2,16,22.94,Sousse
Female,0,Yes,Yes,67,Yes,Yes,Fiber optic,Yes,No,Yes,Yes,Yes,Two year,Yes,Credit card (automatic),108.75,7156.2,Yes,4,5,10.68,Tunis
Female,0,Yes,Yes,32,Yes,Yes,Fiber optic,No,Yes,No,Yes,Yes,Month-to-month,Yes,Electronic check,98.85,3089.6,No,4,15,103.15,Bizerte
Female,0,Yes,No,6,Yes,No,DSL,No,No,No,No,No,Month-to-month,Yes,Electronic check,49.15,270.8,Yes,4,4,14.42,Tunis
Female,0,Yes,Yes,32,Yes,Yes,Fiber optic,Yes,No,No,Yes,No,Month-to-month,No,Electronic check,89.6,2901.8,No,0,18,86.02,Siliana
Female,0,No,No,59,Yes,Yes,Fiber optic,No,Yes,Yes,No,No,Month-to-month,Yes,Electronic check,83.25,4949.1,No,0,11,44.54,Ben Arous
Female,0,Yes,No,30,Yes,No,DSL,No,Yes,Yes,No,Yes,One year,No,Bank transfer (automatic),70.25,2198.9,No,0,5,91.22,Ariana
Male,0,No,Yes,20,Yes,No,No,No internet service,No internet service,No internet service,No internet service,No internet service,Month-to-month,Yes,Electronic check,19.4,374.5,Yes,6,2,16.01,Bizerte
Female,0,Yes,Yes,27,Yes,Yes,No,No internet service,No internet service,No internet service,No internet service,No internet service,Two year,No,Electronic check,24.5,761.95,No,1,11,113.91,Béja
Female,1,No,No,20,Yes,Yes,Fiber optic,Yes,No,No,No,No,Month-to-month,Yes,Electronic check,79.15,1520.9,Yes,6,1,40.88,Kairouan
Male,0,No,Yes,9,Yes,No,No,No internet service,No internet service,No internet service,No internet service,No internet service,One year,No,Mailed check,20.1,190.25,No,0,12,104.48,Mahdia
Female,0,Yes,Yes,68,Yes,Yes,DSL,Yes,Yes,Yes,Yes,No,One year,Yes,Credit card (automatic),73.0,5163.0,No,1,13,145.27,Kairouan
Female,0,Yes,Yes,69,Yes,Yes,DSL,Yes,No,No,No,No,Two year,No,Credit card (automatic),61.4,4059.85,No,2,16,89.25,Kairouan
Male,0,No,No,26,Yes,Yes,Fiber optic,No,No,Yes,No,No,Month-to-month,Yes,Mailed check,84.3,2281.6,No,4,28,140.93,Zaghouan
Male,0,Yes,Yes,69,Yes,No,No,No internet service,No internet service,No internet service,No internet service,No internet service,Two year,No,Bank transfer (automatic),19.9,1356.7,No,2,6,108.32,Gabès
Male,0,No,No,11,Yes,No,No,No internet service,No internet service,No internet service,No internet service,No internet service,Two year,No,Mailed check,20.4,231.45,No,0,24,28.21,Médiénine
Male,0,No,No,1,Yes,Yes,DSL,No,No,No,No,No,Month-to-month,No,Mailed check,50.75,50.75,No,0,8,32.27,Tunis
Male,0,Yes,Yes,10,Yes,No,No,No internet service,No internet service,No internet service,No internet service,No internet service,One year,No,Mailed check,20.45,242.4,No,4,30,65.29,Ariana
Female,0,Yes,Yes,55,Yes,Yes,DSL,Yes,Yes,No,No,Yes,One year,Yes,Bank transfer (automatic),75.75,4264.25,No,1,14,138.41,Tunis
Male,0,No,No,44,Yes,No,DSL,Yes,No,No,Yes,No,One year,No,Electronic check,65.4,2774.55,No,2,19,16.84,Tunis
Male,1,Yes,No,46,Yes,No,Fiber optic,No,No,No,No,Yes,Month-to-month,Yes,Electronic check,80.4,3605.2,Yes,10,0,18.72,Monastir
Male,0,Yes,Yes,69,Yes,No,DSL,Yes,Yes,Yes,No,No,Two year,Yes,Bank transfer (automatic),59.75,4069.9,No,3,7,86.02,Ariana
Male,1,No,No,11,Yes,No,Fiber optic,No,No,No,No,Yes,Month-to-month,Yes,Electronic check,78.5,874.2,No,1,22,109.85,Sousse
Female,0,Yes,No,11,Yes,Yes,Fiber optic,No,Yes,No,Yes,Yes,Month-to-month,Yes,Electronic check,102.0,1145.35,Yes,10,3,20.72,Gabès
Male,0,No,No,29,Yes,No,DSL,No,No,Yes,No,No,Month-to-month,No,Bank transfer (automatic),48.95,1323.7,No,0,29,39.87,Sousse
Female,0,Yes,No,57,Yes,Yes,Fiber optic,Yes,No,No,Yes,Yes,Month-to-month,Yes,Electronic check,99.65,5497.05,No,0,8,32.64,Médiénine
Male,0,No,No,28,Yes,No,No,No internet service,No internet service,No internet service,No internet service,No internet service,One year,No,Credit card (automatic),18.25,534.7,No,4,25,71.87,Ben Arous
Female,0,No,No,42,Yes,No,DSL,Yes,No,Yes,No,No,Month-to-month,No,Credit card (automatic),54.55,2455.05,No,1,16,97.29,Tunis
Female,0,No,No,2,Yes,No,No,No internet service,No internet service,No internet service,No internet service,No internet service,Month-to-month,No,Mailed check,20.65,38.7,Yes,4,3,20.13,Kairouan
Male,0,No,Yes,23,No,No phone service,DSL,Yes,Yes,No,No,No,One year,No,Bank transfer (automatic),40.65,947.4,No,1,26,33.07,Jendouba
Female,0,Yes,Yes,18,Yes,No,No,No internet service,No internet service,No internet service,No internet service,No internet service,Month-to-month,No,Mailed check,20.45,357.0,No,3,26,123.49,Sfax
Male,0,Yes,Yes,62,Yes,Yes,No,No internet service,No internet service,No internet service,No internet service,No internet service,One year,No,Bank transfer (automatic),24.8,1476.25,No,0,14,83.01,Sfax
Female,0,No,No,1,Yes,No,Fiber optic,No,No,No,No,No,Month-to-month,Yes,Mailed check,70.8,70.8,Yes,5,3,17.82,Kasserine
Male,0,No,No,16,Yes,Yes,Fiber optic,No,No,No,No,Yes,Month-to-month,Yes,Credit card (automatic),89.05,1448.6,Yes,8,3,14.35,Gabès
Female,0,No,No,3,Yes,Yes,Fiber optic,No,No,No,Yes,Yes,Month-to-month,Yes,Electronic check,96.6,291.9,Yes,4,0,1.9,Sousse
Male,0,No,No,67,Yes,Yes,DSL,Yes,Yes,Yes,Yes,Yes,One year,Yes,Bank transfer (automatic),88.8,5903.15,No,2,9,92.86,Sfax
Male,0,No,No,62,Yes,No,No,No internet service,No internet service,No internet service,No internet service,No internet service,Two year,Yes,Credit card (automatic),20.05,1201.65,No,4,10,96.74,Sfax
Female,0,Yes,No,57,Yes,Yes,Fiber optic,No,Yes,Yes,Yes,Yes,Month-to-month,Yes,Credit card (automatic),104.5,5921.35,Yes,8,3,19.15,Nabeul
Male,0,No,No,2,Yes,No,Fiber optic,No,No,No,No,No,Month-to-month,Yes,Electronic check,69.8,146.65,No,3,11,25.28,Bizerte
Female,0,Yes,Yes,23,Yes,Yes,DSL,Yes,No,Yes,Yes,No,Two year,Yes,Bank transfer (automatic),77.15,1759.4,No,0,21,99.62,Tunis
Female,0,No,Yes,25,No,No phone service,DSL,Yes,No,No,No,No,Two year,No,Bank transfer (automatic),35.05,844.45,No,4,20,130.48,Béja
Female,1,No,No,72,Yes,Yes,Fiber optic,No,Yes,Yes,Yes,Yes,Two year,Yes,Bank transfer (automatic),108.1,7774.05,No,4,27,24.36,Ben Arous
Female,0,Yes,No,2,Yes,Yes,Fiber optic,No,No,No,Yes,No,Month-to-month,Yes,Electronic check,84.05,134.05,No,4,20,136.27,Tunis
Female,0,No,No,8,Yes,No,No,No internet service,No internet service,No internet service,No internet service,No internet service,One year,Yes,Bank transfer (automatic),20.2,140.95,No,4,10,129.01,Kairouan
Female,0,No,No,5,Yes,Yes,DSL,No,No,No,No,No,Month-to-month,Yes,Mailed check,50.6,249.95,Yes,10,3,25.86,Monastir
Male,0,No,No,35,No,No phone service,DSL,No,No,Yes,Yes,Yes,Month-to-month,No,Electronic check,49.2,1701.65,No,0,7,54.52,Sfax
Male,0,No,No,24,Yes,Yes,No,No internet service,No internet service,No internet service,No internet service,No internet service,One year,No,Electronic check,24.6,592.65,No,4,14,139.94,Sousse
Female,0,Yes,Yes,2,Yes,No,Fiber optic,No,No,No,No,No,Month-to-month,Yes,Electronic check,71.65,135.75,No,4,20,130.58,Ben Arous
Male,0,Yes,Yes,72,Yes,Yes,Fiber optic,Yes,Yes,Yes,No,Yes,Two year,Yes,Credit card (automatic),104.9,7732.65,No,3,24,34.62,Gabès
Female,0,No,No,41,Yes,Yes,Fiber optic,Yes,Yes,Yes,Yes,No,Month-to-month,Yes,Electronic check,106.5,4282.4,No,4,10,147.97,Gabès
Male,0,No,Yes,4,Yes,No,DSL,Yes,No,No,No,No,Month-to-month,No,Electronic check,49.35,219.65,Yes,6,4,48.41,Béja
Male,0,No,No,26,Yes,No,Fiber optic,No,Yes,No,No,No,One year,No,Bank transfer (automatic),75.5,2018.1,No,2,13,89.84,Bizerte
Male,0,No,No,7,Yes,No,Fiber optic,No,Yes,No,Yes,Yes,Month-to-month,Yes,Electronic check,94.25,669.0,Yes,10,3,37.42,Gabès
Female,0,Yes,No,1,Yes,No,Fiber optic,No,No,No,No,No,Month-to-month,Yes,Electronic check,68.95,68.95,Yes,4,5,18.8,Sfax
Female,0,Yes,Yes,4,Yes,Yes,DSL,No,Yes,No,No,No,Month-to-month,Yes,Mailed check,58.5,224.85,No,3,19,32.04,Kef
Male,0,No,No,48,Yes,No,DSL,No,Yes,Yes,Yes,Yes,Two year,No,Credit card (automatic),78.9,3771.5,No,0,10,17.33,Sousse
Male,1,No,No,2,Yes,Yes,Fiber optic,No,No,No,Yes,Yes,Month-to-month,Yes,Electronic check,93.85,196.75,Yes,7,2,4.77,Jendouba
Female,1,Yes,No,12,Yes,No,DSL,Yes,No,Yes,Yes,Yes,One year,Yes,Electronic check,79.2,943.85,No,4,25,21.93,Ben Arous
Male,0,Yes,No,60,Yes,Yes,Fiber optic,Yes,No,Yes,Yes,Yes,Month-to-month,Yes,Bank transfer (automatic),109.45,6572.85,No,3,26,49.5,Sousse
Male,0,No,No,55,Yes,No,DSL,Yes,No,Yes,No,No,Two year,Yes,Electronic check,59.2,3175.85,No,0,13,114.44,Sousse
Male,0,No,No,1,No,No phone service,DSL,No,No,No,No,No,Month-to-month,No,Mailed check,29.15,29.15,No,3,15,55.77,Sidi Bouzid
Male,0,No,No,1,Yes,No,No,No internet service,No internet service,No internet service,No internet service,No internet service,Month-to-month,No,Mailed check,20.05,20.05,No,1,29,52.86,Médiénine
Male,0,No,No,4,Yes,Yes,Fiber optic,No,No,No,No,No,Month-to-month,Yes,Electronic check,76.05,318.9,Yes,5,3,41.55,Sfax
Male,0,No,No,1,No,No phone service,DSL,No,No,No,No,No,Month-to-month,Yes,Mailed check,24.45,24.45,Yes,8,0,3.05,Jendouba
Female,0,No,No,42,Yes,No,DSL,No,No,Yes,No,Yes,Two year,No,Credit card (automatic),66.5,2762.75,No,1,7,18.76,Tunis
Female,0,No,No,1,Yes,No,DSL,Yes,No,No,No,No,Month-to-month,No,Bank transfer (automatic),49.55,49.55,No,4,16,118.31,Sfax
Male,0,No,No,7,Yes,Yes,Fiber optic,No,No,Yes,Yes,No,Month-to-month,Yes,Credit card (automatic),89.35,631.85,Yes,9,0,25.2,Kasserine
Male,0,No,No,3,Yes,No,Fiber optic,No,No,Yes,No,No,Month-to-month,Yes,Credit card (automatic),73.6,232.5,No,1,16,114.64,Médiénine
Female,0,Yes,No,72,Yes,Yes,DSL,Yes,Yes,Yes,Yes,Yes,Two year,Yes,Credit card (automatic),82.65,5919.35,No,3,27,84.34,Sidi Bouzid
Male,0,No,No,15,Yes,Yes,DSL,No,No,No,No,No,Month-to-month,Yes,Electronic check,49.0,749.25,No,1,17,41.79,Sidi Bouzid
Male,0,Yes,No,4,Yes,No,Fiber optic,No,No,No,Yes,No,Month-to-month,Yes,Electronic check,80.35,307.4,Yes,4,0,41.47,Sousse
Female,0,No,No,11,Yes,Yes,No,No internet service,No internet service,No internet service,No internet service,No internet service,One year,No,Electronic check,25.2,245.15,No,0,5,17.67,Ben Arous
Female,0,No,No,5,Yes,Yes,No,No internet service,No internet service,No internet service,No internet service,No internet service,Month-to-month,No,Mailed check,25.45,134.75,No,0,20,24.17,Kairouan
Female,1,No,No,1,Yes,No,DSL,Yes,No,Yes,No,No,Month-to-month,Yes,Electronic check,55.8,55.8,Yes,9,1,38.43,Nabeul
Male,0,Yes,No,72,Yes,Yes,Fiber optic,Yes,No,Yes,Yes,Yes,Two year,Yes,Credit card (automatic),110.9,8240.85,No,0,10,24.21,Tunis
Female,0,Yes,No,55,Yes,Yes,Fiber optic,No,Yes,No,No,No,Month-to-month,Yes,Credit card (automatic),77.75,4266.4,No,1,22,142.49,Sfax
Female,0,Yes,Yes,40,Yes,Yes,No,No internet service,No internet service,No internet service,No internet service,No internet service,Month-to-month,Yes,Electronic check,26.2,1077.5,No,2,19,79.28,Nabeul
Female,0,Yes,No,57,Yes,No,No,No internet service,No internet service,No internet service,No internet service,No internet service,Two year,No,Bank transfer (automatic),19.9,1115.6,No,3,21,29.93,Monastir
Male,0,No,No,1,Yes,No,Fiber optic,No,No,No,Yes,No,Month-to-month,Yes,Electronic check,79.05,79.05,Yes,5,2,16.57,Kairouan
Male,0,Yes,No,1,Yes,No,Fiber optic,Yes,No,No,Yes,Yes,Month-to-month,Yes,Electronic check,95.0,95.0,Yes,6,0,16.54,Sousse
Female,0,No,No,1,No,No phone service,DSL,No,No,No,No,No,Month-to-month,No,Mailed check,25.2,25.2,Yes,6,2,4.42,Sousse
Male,1,Yes,Yes,52,Yes,Yes,DSL,No,Yes,Yes,Yes,Yes,One year,Yes,Electronic check,80.85,4079.55,No,0,13,46.74,Sousse
Male,1,No,No,41,Yes,Yes,Fiber optic,No,No,Yes,Yes,Yes,Month-to-month,Yes,Electronic check,98.4,4187.75,Yes,10,4,42.59,Mahdia
Male,0,Yes,No,43,Yes,No,DSL,No,No,No,Yes,No,One year,Yes,Mailed check,56.35,2391.15,No,1,22,59.9,Bizerte
Female,0,Yes,Yes,47,Yes,No,No,No internet service,No internet service,No internet service,No internet service,No internet service,Two year,No,Bank transfer (automatic),19.3,890.5,No,0,11,137.76,Siliana
Male,0,No,No,3,Yes,Yes,DSL,No,No,No,No,No,Month-to-month,No,Bank transfer (automatic),50.4,137.25,No,2,18,39.89,Kasserine
Male,1,Yes,Yes,66,Yes,Yes,DSL,Yes,Yes,Yes,Yes,No,Two year,No,Credit card (automatic),79.4,5154.6,Yes,4,1,10.8,Tunis
Male,0,Yes,Yes,55,Yes,No,DSL,No,No,Yes,No,No,Two year,Yes,Credit card (automatic),55.25,3119.9,No,4,30,118.93,Gafsa
Male,0,No,No,29,Yes,No,No,No internet service,No internet service,No internet service,No internet service,No internet service,One year,No,Mailed check,19.1,529.5,No,0,27,48.97,Sfax
Female,0,No,Yes,12,Yes,Yes,Fiber optic,No,No,No,Yes,No,Month-to-month,Yes,Electronic check,84.05,966.55,No,2,19,91.67,Monastir
Female,0,Yes,No,66,Yes,Yes,Fiber optic,No,Yes,Yes,Yes,Yes,Month-to-month,Yes,Electronic check,105.2,6936.85,No,3,16,113.02,Kairouan
Male,1,No,No,35,Yes,Yes,Fiber optic,No,No,Yes,Yes,Yes,Month-to-month,Yes,Electronic check,101.4,3496.3,Yes,6,1,6.41,Jendouba
Male,1,Yes,No,10,Yes,Yes,Fiber optic,No,No,Yes,No,Yes,Month-to-month,Yes,Electronic check,89.8,914.3,Yes,5,2,2.32,Tunis
Male,0,Yes,Yes,27,Yes,Yes,Fiber optic,No,No,No,No,No,Month-to-month,Yes,Bank transfer (automatic),75.75,1929.0,No,1,19,59.22,Monastir
Female,0,No,No,58,Yes,No,Fiber optic,No,No,No,Yes,Yes,Month-to-month,Yes,Electronic check,95.3,5817.7,No,1,12,14.45,Gafsa
Male,0,Yes,No,54,Yes,No,Fiber optic,Yes,Yes,Yes,Yes,Yes,Two year,No,Bank transfer (automatic),109.75,6110.2,Yes,10,4,49.65,Sidi Bouzid
Male,0,No,No,9,Yes,No,No,No internet service,No internet service,No internet service,No internet service,No internet service,Month-to-month,No,Mailed check,19.85,178.8,No,3,22,147.13,Jendouba
Male,0,No,No,2,Yes,No,No,No internet service,No internet service,No internet service,No internet service,No internet service,One year,No,Credit card (automatic),19.3,28.3,Yes,7,5,26.19,Kairouan
Male,0,No,No,6,Yes,No,Fiber optic,No,No,No,No,No,Month-to-month,Yes,Electronic check,69.1,435.0,No,1,8,63.34,Tunis
Female,1,No,No,26,Yes,No,Fiber optic,No,No,No,Yes,Yes,Month-to-month,Yes,Electronic check,91.25,2351.8,Yes,6,4,28.6,Kasserine
Female,0,No,No,9,Yes,No,No,No internet service,No internet service,No internet service,No internet service,No internet service,Month-to-month,No,Mailed check,20.25,186.15,No,2,5,97.34,Sfax
Male,0,Yes,No,8,Yes,No,DSL,No,Yes,Yes,No,No,Month-to-month,Yes,Mailed check,54.75,445.85,No,0,10,48.15,Tozeur
Male,0,No,No,12,Yes,No,Fiber optic,No,No,No,Yes,No,Month-to-month,Yes,Electronic check,81.45,912.0,No,3,6,21.79,Ariana
Female,0,No,No,15,Yes,Yes,DSL,No,No,No,No,No,Month-to-month,Yes,Electronic check,49.1,679.55,Yes,10,3,24.35,Ben Arous
Male,0,Yes,No,43,Yes,Yes,DSL,Yes,No,Yes,Yes,Yes,One year,Yes,Electronic check,80.2,3581.6,No,0,7,96.75,Kairouan
Male,0,No,No,42,Yes,Yes,Fiber optic,No,No,No,Yes,Yes,Month-to-month,Yes,Electronic check,100.3,4222.95,No,4,21,20.27,Ariana
Female,0,No,No,31,Yes,Yes,DSL,Yes,No,Yes,No,No,Month-to-month,No,Credit card (automatic),65.25,1994.3,Yes,8,2,42.08,Sousse
Female,0,No,Yes,66,Yes,Yes,Fiber optic,Yes,No,Yes,No,No,Two year,Yes,Credit card (automatic),90.95,5930.05,No,2,18,114.82,Kebili
Female,1,No,No,18,Yes,Yes,Fiber optic,No,Yes,No,No,No,Month-to-month,Yes,Electronic check,85.45,1505.85,Yes,7,2,22.42,Sousse
Male,0,No,No,1,Yes,No,No,No internet service,No internet service,No internet service,No internet service,No internet service,Month-to-month,No,Mailed check,20.0,20.0,No,1,29,34.48,Kairouan
Male,0,Yes,No,61,Yes,Yes,Fiber optic,No,Yes,No,Yes,No,Two year,Yes,Electronic check,94.1,5638.3,Yes,7,1,25.52,Siliana
Male,0,No,No,10,Yes,Yes,Fiber optic,No,Yes,No,No,No,Month-to-month,No,Electronic check,79.85,797.25,No,1,8,79.59,Ariana
Male,1,No,No,1,Yes,No,Fiber optic,No,No,No,No,No,Month-to-month,Yes,Electronic check,71.65,71.65,Yes,4,5,7.23,Jendouba
Female,1,No,No,18,Yes,No,Fiber optic,No,Yes,No,No,No,Month-to-month,Yes,Electronic check,73.55,1359.45,No,4,6,55.22,Mahdia
Male,0,Yes,No,24,Yes,Yes,Fiber optic,No,Yes,Yes,Yes,Yes,Month-to-month,Yes,Electronic check,104.65,2542.45,Yes,5,5,35.16,Sfax
Female,0,Yes,Yes,3,Yes,No,No,No internet service,No internet service,No internet service,No internet service,No internet service,Month-to-month,No,Mailed check,19.3,54.7,No,0,14,127.24,Sidi Bouzid
Male,0,No,No,50,Yes,No,No,No internet service,No internet service,No internet service,No internet service,No internet service,One year,No,Credit card (automatic),20.15,989.05,No,1,26,115.22,Ben Arous
Male,0,Yes,Yes,1,Yes,No,DSL,No,No,No,No,No,Month-to-month,No,Electronic check,44.55,44.55,No,4,12,16.81,Ariana
Male,0,No,No,2,Yes,No,DSL,Yes,No,No,No,No,Month-to-month,Yes,Mailed check,54.45,87.3,No,2,25,139.19,Ariana
Male,0,No,No,17,Yes,No,No,No internet service,No internet service,No internet service,No internet service,No internet service,One year,Yes,Bank transfer (automatic),19.65,351.55,No,3,28,36.0,Jendouba
Male,0,Yes,Yes,69,Yes,Yes,Fiber optic,No,Yes,Yes,Yes,Yes,Two year,Yes,Electronic check,105.0,7297.75,No,1,25,65.23,Sfax
Male,0,Yes,No,72,Yes,Yes,DSL,Yes,Yes,Yes,Yes,Yes,Two year,Yes,Credit card (automatic),88.7,6301.7,No,4,10,32.9,Ariana
Female,0,No,No,3,Yes,Yes,Fiber optic,No,No,No,No,No,Month-to-month,Yes,Electronic check,74.25,210.3,Yes,9,4,36.7,Sousse
Male,1,Yes,Yes,50,Yes,Yes,DSL,Yes,Yes,Yes,No,Yes,Two year,Yes,Bank transfer (automatic),75.15,3822.45,No,4,28,139.65,Tunis
Female,0,No,No,53,Yes,No,No,No internet service,No internet service,No internet service,No internet service,No internet service,Two year,No,Mailed check,20.25,1048.45,No,4,26,31.74,Ariana
Female,0,Yes,No,58,Yes,Yes,Fiber optic,Yes,Yes,No,Yes,Yes,Two year,Yes,Credit card (automatic),109.1,6393.65,No,3,18,46.5,Nabeul
Male,0,No,No,46,No,No phone service,DSL,Yes,No,No,No,No,One year,Yes,Bank transfer (automatic),30.75,1489.3,No,2,27,41.56,Ben Arous
Male,1,Yes,No,72,Yes,Yes,Fiber optic,Yes,Yes,Yes,Yes,Yes,Month-to-month,Yes,Credit card (automatic),112.9,8061.5,No,2,7,45.18,Sfax
Female,1,No,No,1,Yes,Yes,Fiber optic,No,No,No,No,No,Month-to-month,Yes,Electronic check,74.2,74.2,Yes,10,5,23.39,Gabès
Female,0,Yes,Yes,6,Yes,Yes,Fiber optic,No,Yes,Yes,Yes,No,Month-to-month,Yes,Mailed check,94.05,518.75,No,0,15,87.64,Tunis
Male,0,Yes,No,72,Yes,Yes,DSL,Yes,Yes,Yes,No,Yes,Two year,No,Bank transfer (automatic),78.85,5763.15,No,3,12,112.08,Jendouba
Male,0,No,No,4,Yes,No,DSL,No,No,No,No,Yes,Month-to-month,Yes,Mailed check,55.3,238.5,No,2,22,63.84,Nabeul
Female,0,Yes,Yes,52,Yes,No,No,No internet service,No internet service,No internet service,No internet service,No internet service,Two year,No,Mailed check,19.35,1031.7,No,4,23,64.56,Nabeul
Male,0,Yes,Yes,0,Yes,Yes,No,No internet service,No internet service,No internet service,No internet service,No internet service,Two year,No,Mailed check,25.35,1397.475,No,3,5,71.49,Sfax
Female,0,No,No,2,Yes,No,No,No internet service,No internet service,No internet service,No internet service,No internet service,One year,No,Mailed check,20.45,34.8,No,0,23,99.23,Ben Arous
Female,0,Yes,No,65,Yes,No,No,No internet service,No internet service,No internet service,No internet service,No internet service,Two year,No,Bank transfer (automatic),19.35,1319.95,No,0,7,37.72,Zaghouan
Male,1,Yes,No,43,Yes,Yes,Fiber optic,No,Yes,No,Yes,Yes,Month-to-month,Yes,Electronic check,101.0,4388.4,Yes,7,5,2.87,Kairouan
Male,0,Yes,No,4,Yes,Yes,Fiber optic,No,Yes,No,Yes,Yes,Month-to-month,Yes,Electronic check,100.2,420.2,Yes,6,2,16.13,Nabeul
Male,1,Yes,No,25,Yes,Yes,Fiber optic,Yes,No,No,No,Yes,One year,Yes,Electronic check,89.05,2177.45,Yes,4,1,46.52,Tunis
Female,0,Yes,No,51,Yes,Yes,DSL,No,Yes,No,Yes,Yes,One year,Yes,Credit card (automatic),78.65,3950.85,No,1,26,17.55,Gabès
Male,0,No,No,12,Yes,Yes,DSL,No,No,Yes,Yes,Yes,Month-to-month,No,Bank transfer (automatic),74.75,827.05,No,4,21,50.63,Kef
Female,0,Yes,Yes,57,Yes,No,DSL,Yes,No,No,Yes,Yes,One year,Yes,Bank transfer (automatic),70.1,3913.3,Yes,9,4,47.86,Mahdia
Female,0,Yes,Yes,24,Yes,No,No,No internet service,No internet service,No internet service,No internet service,No internet service,One year,No,Mailed check,19.9,533.5,No,4,24,82.23,Kebili
Female,0,Yes,No,64,Yes,Yes,DSL,No,No,Yes,No,No,One year,No,Bank transfer (automatic),58.35,3756.45,No,4,12,59.33,Médiénine
Female,0,No,No,4,Yes,No,Fiber optic,No,Yes,Yes,Yes,Yes,One year,Yes,Electronic check,105.65,443.9,Yes,7,0,13.97,Zaghouan
Female,0,No,No,26,Yes,Yes,Fiber optic,No,No,Yes,Yes,Yes,Month-to-month,Yes,Bank transfer (automatic),100.5,2599.95,No,1,30,53.99,Ben Arous
Female,0,Yes,Yes,15,Yes,No,No,No internet service,No internet service,No internet service,No internet service,No internet service,Month-to-month,No,Mailed check,20.05,284.3,No,4,11,44.32,Tunis
Male,1,Yes,No,64,Yes,Yes,No,No internet service,No internet service,No internet service,No internet service,No internet service,Two year,No,Credit card (automatic),25.65,1740.8,No,3,11,32.84,Nabeul
Male,1,Yes,No,36,Yes,Yes,Fiber optic,No,Yes,No,Yes,Yes,Month-to-month,Yes,Electronic check,96.5,3436.1,Yes,10,0,5.52,Ariana
Female,0,Yes,No,27,Yes,Yes,Fiber optic,No,No,No,Yes,Yes,Month-to-month,No,Credit card (automatic),95.0,2462.55,No,1,21,36.34,Tozeur
Male,1,Yes,No,1,Yes,No,Fiber optic,No,No,No,No,No,Month-to-month,No,Mailed check,70.85,70.85,Yes,9,3,49.28,Jendouba
Female,0,No,No,35,Yes,Yes,DSL,Yes,No,Yes,Yes,Yes,One year,Yes,Credit card (automatic),85.95,3110.1,Yes,8,0,26.51,Médiénine
Male,0,No,No,4,Yes,No,Fiber optic,No,No,Yes,No,No,Month-to-month,Yes,Electronic check,73.9,280.85,Yes,9,1,47.34,Tunis
Female,0,Yes,Yes,8,Yes,No,DSL,No,No,No,No,No,Month-to-month,Yes,Electronic check,45.45,411.75,No,3,19,20.15,Tunis
Male,0,No,No,10,Yes,No,No,No internet service,No internet service,No internet service,No internet service,No internet service,Month-to-month,Yes,Credit card (automatic),20.0,198.6,No,1,23,121.06,Sfax
Female,0,No,No,2,Yes,No,DSL,No,Yes,No,No,No,Month-to-month,No,Mailed check,49.2,103.7,No,0,5,92.65,Ben Arous
Female,0,Yes,No,58,Yes,Yes,Fiber optic,Yes,Yes,Yes,Yes,Yes,Two year,Yes,Bank transfer (automatic),109.45,6144.55,Yes,10,2,21.68,Sousse
Male,0,Yes,No,51,Yes,No,DSL,Yes,Yes,Yes,Yes,Yes,Two year,Yes,Credit card (automatic),83.25,4089.45,No,4,14,32.63,Kairouan
Female,0,Yes,Yes,46,Yes,No,No,No internet service,No internet service,No internet service,No internet service,No internet service,Two year,Yes,Mailed check,19.25,864.2,No,0,25,28.84,Kairouan
Male,0,No,No,1,Yes,No,No,No internet service,No internet service,No internet service,No internet service,No internet service,Month-to-month,Yes,Bank transfer (automatic),19.65,19.65,No,3,26,120.26,Kasserine
Male,0,No,No,46,Yes,Yes,Fiber optic,No,No,No,No,No,Month-to-month,No,Bank transfer (automatic),72.8,3249.4,No,1,28,132.31,Béja
Female,0,Yes,No,50,Yes,Yes,Fiber optic,Yes,Yes,No,Yes,Yes,Month-to-month,Yes,Bank transfer (automatic),109.65,5405.8,No,0,30,74.53,Ben Arous
Male,0,Yes,Yes,53,Yes,No,DSL,No,Yes,No,Yes,No,Month-to-month,No,Credit card (automatic),65.0,3363.8,No,3,20,133.22,Tunis
Male,0,Yes,No,61,Yes,Yes,Fiber optic,No,Yes,Yes,Yes,Yes,Month-to-month,Yes,Electronic check,114.1,7132.15,No,2,11,44.89,Sousse
Male,0,No,No,5,Yes,No,No,No internet service,No internet service,No internet service,No internet service,No internet service,Month-to-month,No,Bank transfer (automatic),20.65,93.55,No,2,16,44.18,Gafsa
Male,0,No,No,47,Yes,No,DSL,Yes,Yes,Yes,Yes,Yes,One year,Yes,Bank transfer (automatic),86.95,4138.9,No,1,22,104.64,Kairouan
Female,0,No,No,54,Yes,Yes,Fiber optic,No,Yes,Yes,Yes,No,One year,Yes,Bank transfer (automatic),94.75,5121.75,No,4,29,45.01,Sousse
Male,0,No,Yes,19,No,No phone service,DSL,No,No,No,No,No,Month-to-month,Yes,Credit card (automatic),25.35,566.1,No,3,14,42.48,Tunis
Female,0,No,Yes,26,Yes,No,Fiber optic,No,Yes,Yes,Yes,Yes,Two year,Yes,Electronic check,105.45,2715.3,No,4,20,111.41,Sidi Bouzid
Male,0,Yes,Yes,70,Yes,Yes,No,No internet service,No internet service,No internet service,No internet service,No internet service,Two year,No,Mailed check,25.4,1782.05,No,1,6,131.99,Sidi Bouzid
Male,0,Yes,No,17,Yes,Yes,Fiber optic,No,Yes,Yes,Yes,Yes,Month-to-month,Yes,Electronic check,102.55,1742.5,No,3,23,149.94,Bizerte
Female,0,No,No,30,Yes,Yes,Fiber optic,No,Yes,No,Yes,Yes,Month-to-month,Yes,Electronic check,100.2,2983.8,Yes,9,4,29.37,Sousse
Female,0,No,Yes,1,Yes,Yes,No,No internet service,No internet service,No internet service,No internet service,No internet service,Month-to-month,No,Mailed check,24.0,24.0,No,0,10,113.98,Béja
Female,0,Yes,Yes,19,Yes,Yes,No,No internet service,No internet service,No internet service,No internet service,No internet service,Two year,No,Mailed check,25.6,485.9,No,4,12,39.92,Ben Arous
Female,0,Yes,No,26,Yes,No,DSL,No,Yes,Yes,Yes,Yes,Two year,Yes,Credit card (automatic),73.5,1905.7,No,3,25,55.7,Béja
Female,0,Yes,Yes,21,Yes,No,Fiber optic,No,Yes,No,No,No,Month-to-month,Yes,Bank transfer (automatic),74.05,1565.7,Yes,5,1,9.05,Kairouan
Male,0,Yes,No,50,Yes,Yes,Fiber optic,No,Yes,No,Yes,Yes,One year,Yes,Electronic check,98.25,4858.7,No,0,27,99.99,Nabeul
Female,0,Yes,No,68,No,No phone service,DSL,Yes,No,Yes,Yes,Yes,One year,Yes,Electronic check,54.4,3723.65,No,3,14,97.37,Ariana
Male,0,No,No,3,Yes,Yes,Fiber optic,No,No,Yes,Yes,Yes,Month-to-month,Yes,Bank transfer (automatic),101.55,298.35,Yes,6,3,2.87,Gabès
Male,0,Yes,Yes,9,Yes,No,Fiber optic,No,No,Yes,Yes,Yes,Month-to-month,No,Electronic check,103.1,970.45,No,2,23,51.56,Bizerte
Female,0,Yes,Yes,51,No,No phone service,DSL,Yes,No,No,No,No,Two year,No,Bank transfer (automatic),34.2,1782.0,No,1,6,48.73,Sfax
Female,0,No,No,9,Yes,No,DSL,No,No,No,No,No,Month-to-month,Yes,Electronic check,43.75,405.7,No,0,15,38.28,Nabeul
Male,1,Yes,Yes,41,Yes,Yes,Fiber optic,No,Yes,Yes,Yes,Yes,One year,Yes,Electronic check,111.95,4534.9,Yes,9,2,46.71,Tunis
Male,0,No,No,22,Yes,Yes,Fiber optic,No,Yes,No,Yes,Yes,Month-to-month,Yes,Electronic check,100.65,2415.95,No,0,7,28.63,Sfax
Female,0,Yes,Yes,21,No,No phone service,DSL,Yes,No,Yes,Yes,Yes,One year,Yes,Electronic check,55.95,1157.05,Yes,9,1,43.19,Jendouba
Male,0,Yes,Yes,71,Yes,Yes,Fiber optic,Yes,Yes,Yes,Yes,Yes,Two year,Yes,Bank transfer (automatic),116.05,8297.5,No,1,10,27.29,Sousse
Male,0,No,No,1,Yes,No,DSL,No,No,No,No,No,Month-to-month,No,Electronic check,45.75,45.75,Yes,4,3,29.3,Sousse
Male,0,Yes,Yes,26,Yes,Yes,DSL,No,No,Yes,Yes,Yes,One year,Yes,Credit card (automatic),82.0,2083.1,No,3,25,146.93,Monastir
Male,0,Yes,No,71,Yes,Yes,DSL,Yes,Yes,No,No,No,Two year,No,Bank transfer (automatic),65.15,4681.75,No,3,27,139.33,Sousse
Male,0,No,No,4,Yes,No,DSL,No,No,No,No,No,Month-to-month,Yes,Credit card (automatic),44.8,176.2,No,0,25,75.65,Ariana
Female,0,No,No,12,Yes,Yes,Fiber optic,Yes,No,No,No,No,Month-to-month,Yes,Electronic check,79.8,1001.2,No,4,11,47.27,Sfax
Female,0,Yes,No,18,Yes,Yes,Fiber optic,No,No,No,Yes,No,Month-to-month,Yes,Electronic check,88.85,1594.75,No,3,15,136.21,Zaghouan
Female,0,No,No,3,Yes,Yes,Fiber optic,No,No,No,No,No,Month-to-month,Yes,Electronic check,74.95,212.4,No,4,6,129.4,Tunis
Female,1,Yes,No,72,Yes,Yes,Fiber optic,Yes,Yes,No,Yes,Yes,One year,Yes,Bank transfer (automatic),106.85,7677.4,No,4,12,20.31,Monastir
Male,0,No,No,11,Yes,No,Fiber optic,No,Yes,No,No,No,Month-to-month,No,Electronic check,74.95,815.5,Yes,4,4,12.17,Monastir
Female,0,No,No,1,Yes,No,Fiber optic,No,No,No,No,Yes,Month-to-month,No,Credit card (automatic),80.15,80.15,Yes,6,3,26.53,Tozeur
Male,0,No,No,13,Yes,No,No,No internet service,No internet service,No internet service,No internet service,No internet service,One year,No,Credit card (automatic),19.3,259.65,No,1,16,115.06,Kasserine
Female,0,Yes,No,72,Yes,Yes,Fiber optic,No,Yes,Yes,Yes,Yes,One year,Yes,Electronic check,109.25,8109.8,Yes,9,0,49.06,Kasserine
Male,0,Yes,No,42,Yes,Yes,DSL,Yes,No,No,No,No,One year,No,Credit card (automatic),56.1,2386.85,No,2,7,49.15,Sidi Bouzid
Female,0,No,No,17,Yes,No,No,No internet service,No internet service,No internet service,No internet service,No internet service,Month-to-month,No,Credit card (automatic),19.7,340.35,No,2,16,121.15,Sousse
Female,1,No,No,7,Yes,No,DSL,No,Yes,No,No,No,Month-to-month,Yes,Mailed check,51.3,419.35,No,3,10,121.39,Sfax
Female,0,Yes,No,68,Yes,Yes,Fiber optic,Yes,Yes,Yes,Yes,Yes,Two year,No,Mailed check,118.6,7990.05,No,0,11,36.91,Tunis
Male,0,Yes,Yes,56,Yes,Yes,No,No internet service,No internet service,No internet service,No internet service,No internet service,Two year,No,Bank transfer (automatic),24.15,1402.25,No,3,21,120.75,Tunis
Female,0,Yes,Yes,38,Yes,No,No,No internet service,No internet service,No internet service,No internet service,No internet service,One year,No,Mailed check,20.3,749.35,No,0,15,129.05,Bizerte
Female,0,Yes,Yes,72,Yes,Yes,Fiber optic,Yes,Yes,Yes,Yes,Yes,Two year,Yes,Electronic check,115.5,8425.15,No,4,5,133.27,Tunis
Female,0,No,No,48,Yes,Yes,No,No internet service,No internet service,No internet service,No internet service,No internet service,One year,No,Credit card (automatic),25.05,1171.5,No,4,26,24.3,Kasserine
Female,1,Yes,No,52,Yes,Yes,Fiber optic,Yes,Yes,Yes,Yes,Yes,Month-to-month,Yes,Electronic check,109.1,5647.95,No,4,7,133.54,Sfax
Female,0,Yes,Yes,35,Yes,No,No,No internet service,No internet service,No internet service,No internet service,No internet service,One year,No,Mailed check,19.65,708.8,No,3,27,54.52,Tunis
Male,0,Yes,No,67,Yes,Yes,Fiber optic,No,Yes,Yes,Yes,Yes,Two year,Yes,Bank transfer (automatic),111.3,7567.2,No,4,19,78.41,Kef
Female,0,No,No,1,No,No phone service,DSL,Yes,No,No,No,No,Month-to-month,No,Mailed check,29.9,29.9,No,0,6,96.87,Tunis
Male,0,No,No,53,Yes,No,Fiber optic,No,Yes,No,No,No,Month-to-month,Yes,Mailed check,80.6,4348.1,No,3,28,117.28,Sfax
Male,0,Yes,Yes,34,Yes,No,No,No internet service,No internet service,No internet service,No internet service,No internet service,Month-to-month,No,Mailed check,20.8,635.9,No,4,25,13.76,Kairouan
Female,0,No,No,3,No,No phone service,DSL,No,No,No,Yes,No,Month-to-month,No,Credit card (automatic),35.2,108.95,Yes,10,4,18.53,Tunis
Female,0,Yes,No,1,Yes,No,Fiber optic,No,No,No,Yes,No,Month-to-month,No,Electronic check,78.8,78.8,Yes,4,4,4.77,Tataouine
Male,0,No,No,19,Yes,No,Fiber optic,No,No,Yes,Yes,No,Month-to-month,No,Mailed check,89.95,1682.4,No,1,17,103.46,Sfax
Female,1,Yes,No,60,Yes,Yes,Fiber optic,Yes,Yes,Yes,Yes,Yes,Two year,Yes,Bank transfer (automatic),116.05,6925.9,No,0,8,140.1,Kasserine
Male,0,No,No,11,Yes,No,No,No internet service,No internet service,No internet service,No internet service,No internet service,Two year,No,Credit card (automatic),19.55,223.15,No,1,6,106.51,Sidi Bouzid
Female,0,No,No,47,Yes,Yes,Fiber optic,No,Yes,Yes,Yes,Yes,Month-to-month,Yes,Electronic check,106.4,5127.95,Yes,7,5,15.85,Sfax
Male,0,No,No,18,Yes,No,DSL,Yes,No,No,No,No,Month-to-month,No,Electronic check,49.4,874.8,Yes,4,0,42.95,Kairouan
Female,0,Yes,Yes,60,Yes,Yes,Fiber optic,Yes,Yes,Yes,Yes,Yes,Two year,No,Credit card (automatic),115.25,6758.45,No,2,22,127.47,Jendouba
Male,0,Yes,No,72,Yes,Yes,No,No internet service,No internet service,No internet service,No internet service,No internet service,Two year,No,Credit card (automatic),24.8,1874.3,No,1,21,140.84,Ariana
Male,0,No,No,39,Yes,No,No,No internet service,No internet service,No internet service,No internet service,No internet service,One year,No,Mailed check,19.9,791.15,No,0,25,57.3,Jendouba
Female,0,Yes,No,59,Yes,No,Fiber optic,Yes,No,Yes,No,No,One year,Yes,Credit card (automatic),81.25,4639.45,No,3,8,34.76,Sousse
Male,0,Yes,Yes,2,Yes,No,Fiber optic,No,No,No,No,No,Month-to-month,No,Mailed check,69.95,143.9,No,1,30,84.65,Sfax
Male,1,No,No,1,Yes,No,Fiber optic,No,No,No,No,No,Month-to-month,No,Electronic check,69.1,69.1,Yes,5,0,2.7,Sousse
Male,0,Yes,Yes,20,Yes,No,Fiber optic,No,No,No,Yes,Yes,Month-to-month,Yes,Electronic check,90.2,1776.55,Yes,9,5,13.43,Siliana
Female,0,No,No,6,Yes,Yes,Fiber optic,No,No,No,Yes,Yes,Month-to-month,Yes,Bank transfer (automatic),93.55,536.4,Yes,4,5,41.22,Kairouan
Male,0,No,No,71,Yes,Yes,Fiber optic,No,No,Yes,No,No,Two year,Yes,Credit card (automatic),86.4,6172.0,No,2,23,36.75,Nabeul
Female,0,Yes,No,24,Yes,Yes,DSL,Yes,Yes,Yes,No,No,Month-to-month,No,Mailed check,66.3,1559.45,No,3,30,55.57,Ben Arous
Male,1,Yes,No,67,Yes,Yes,Fiber optic,No,No,No,Yes,Yes,Month-to-month,Yes,Credit card (automatic),94.65,6079.0,No,3,20,116.72,Sousse
Male,0,No,No,1,Yes,No,Fiber optic,No,No,No,No,Yes,Month-to-month,Yes,Mailed check,80.85,80.85,Yes,8,4,15.94,Kebili
Female,0,Yes,Yes,48,Yes,Yes,Fiber optic,No,No,No,No,Yes,One year,Yes,Mailed check,82.05,4029.95,Yes,5,4,24.65,Béja
Female,0,Yes,No,37,Yes,Yes,DSL,No,Yes,No,No,Yes,One year,No,Mailed check,72.1,2658.4,No,0,14,25.41,Tunis
Male,0,No,No,11,No,No phone service,DSL,No,Yes,Yes,No,No,Month-to-month,No,Mailed check,34.7,383.55,No,3,7,47.48,Kasserine
Male,0,Yes,No,3,Yes,No,No,No internet service,No internet service,No internet service,No internet service,No internet service,Month-to-month,Yes,Credit card (automatic),20.55,51.15,Yes,5,0,16.97,Médiénine
Female,0,Yes,No,18,Yes,No,Fiber optic,No,No,Yes,Yes,Yes,Month-to-month,Yes,Credit card (automatic),95.95,1745.5,No,2,27,147.55,Sousse
Male,0,Yes,Yes,50,Yes,No,DSL,No,No,No,No,No,One year,Yes,Bank transfer (automatic),44.8,2230.85,No,1,30,76.93,Jendouba
Female,0,Yes,Yes,67,Yes,Yes,Fiber optic,Yes,No,Yes,Yes,Yes,One year,Yes,Electronic check,109.4,7281.6,No,3,19,89.08,Tunis
Female,0,Yes,No,25,Yes,No,DSL,Yes,Yes,No,No,Yes,Month-to-month,Yes,Mailed check,71.05,1837.7,No,3,21,120.4,Bizerte
Female,1,No,No,2,Yes,Yes,Fiber optic,No,No,Yes,No,No,Month-to-month,Yes,Electronic check,78.55,149.55,Yes,6,4,47.85,Tunis
Male,0,No,No,9,Yes,No,No,No internet service,No internet service,No internet service,No internet service,No internet service,Month-to-month,No,Credit card (automatic),19.7,180.7,No,4,28,11.99,Monastir
Female,0,No,Yes,10,No,No phone service,DSL,Yes,Yes,No,No,No,One year,No,Mailed check,40.25,411.45,No,1,24,145.09,Nabeul
Female,0,Yes,No,70,Yes,No,No,No internet service,No internet service,No internet service,No internet service,No internet service,Two year,No,Credit card (automatic),19.85,1328.35,No,0,22,48.08,Sfax
Male,0,No,No,9,Yes,No,DSL,Yes,No,Yes,No,Yes,Month-to-month,Yes,Bank transfer (automatic),68.25,576.95,No,3,14,109.39,Sousse
Female,0,No,No,4,Yes,No,No,No internet service,No internet service,No internet service,No internet service,No internet service,Month-to-month,Yes,Credit card (automatic),20.15,68.45,No,4,10,129.82,Nabeul
Female,0,No,No,2,Yes,No,DSL,Yes,No,No,No,No,Month-to-month,No,Mailed check,50.95,123.05,No,2,10,103.85,Tataouine
Female,0,No,Yes,1,Yes,No,Fiber optic,No,No,No,No,Yes,Month-to-month,No,Electronic check,78.65,78.65,Yes,7,1,34.75,Tunis
Male,0,No,No,19,No,No phone service,DSL,No,No,No,No,No,Month-to-month,Yes,Bank transfer (automatic),25.15,468.35,No,3,5,80.41,Kef
Male,0,Yes,Yes,7,Yes,No,No,No internet service,No internet service,No internet service,No internet service,No internet service,Month-to-month,Yes,Bank transfer (automatic),20.25,174.7,No,2,5,85.43,Tunis
Male,0,No,No,1,Yes,No,DSL,No,No,No,No,No,Month-to-month,Yes,Electronic check,42.9,42.9,Yes,10,0,31.35,Sfax
Male,1,No,No,1,Yes,No,DSL,No,No,No,No,No,Month-to-month,No,Electronic check,44.0,44.0,No,1,27,147.76,Monastir
Female,0,Yes,Yes,9,Yes,No,No,No internet service,No internet service,No internet service,No internet service,No internet service,One year,No,Mailed check,20.25,172.35,No,4,13,84.2,Tunis
Female,0,No,No,3,No,No phone service,DSL,Yes,No,No,No,No,Month-to-month,No,Mailed check,34.25,139.35,Yes,7,0,1.67,Tunis
Female,0,No,No,9,No,No phone service,DSL,Yes,No,Yes,Yes,Yes,Month-to-month,No,Mailed check,58.5,539.85,Yes,5,0,38.55,Sousse
Female,0,No,No,5,Yes,No,DSL,Yes,No,Yes,No,No,Month-to-month,No,Credit card (automatic),55.8,300.4,No,2,23,44.14,Ben Arous
Female,0,Yes,Yes,56,Yes,No,Fiber optic,No,No,No,Yes,Yes,One year,No,Bank transfer (automatic),88.9,4968.0,No,0,20,104.57,Sousse
Female,0,No,Yes,18,Yes,Yes,DSL,Yes,No,No,No,No,Month-to-month,No,Mailed check,57.65,992.7,No,3,22,25.58,Ben Arous
Male,1,No,No,49,Yes,Yes,Fiber optic,No,No,No,Yes,Yes,Month-to-month,Yes,Electronic check,96.2,4718.25,Yes,4,5,12.09,Sidi Bouzid
Male,0,Yes,No,70,Yes,Yes,DSL,Yes,Yes,Yes,Yes,No,Two year,No,Mailed check,79.15,5536.5,No,2,28,50.12,Ben Arous
Female,0,No,No,72,Yes,Yes,Fiber optic,No,Yes,Yes,Yes,Yes,Two year,Yes,Credit card (automatic),108.05,7806.6,No,4,29,117.85,Gabès
Female,1,No,No,6,Yes,No,Fiber optic,No,No,Yes,No,No,Month-to-month,No,Electronic check,74.4,434.1,Yes,5,1,13.45,Kairouan
Male,1,Yes,No,17,Yes,Yes,Fiber optic,No,No,No,Yes,Yes,Month-to-month,Yes,Electronic check,94.8,1563.9,No,1,23,54.35,Kasserine
Male,0,Yes,No,29,No,No phone service,DSL,No,No,No,Yes,Yes,Month-to-month,Yes,Electronic check,45.9,1332.4,No,0,5,89.54,Manouba
Female,0,Yes,No,6,Yes,Yes,Fiber optic,No,Yes,Yes,Yes,Yes,Month-to-month,Yes,Electronic check,105.3,545.2,Yes,6,1,1.49,Jendouba
Male,0,Yes,No,63,Yes,Yes,Fiber optic,No,No,Yes,Yes,Yes,Two year,No,Electronic check,102.6,6296.75,No,3,12,80.95,Monastir
Male,0,Yes,No,16,Yes,Yes,Fiber optic,No,No,No,No,No,Month-to-month,Yes,Bank transfer (automatic),73.85,1284.2,Yes,10,2,34.93,Sidi Bouzid
Male,0,No,No,59,Yes,No,DSL,No,No,Yes,No,Yes,One year,Yes,Bank transfer (automatic),61.35,3645.5,No,3,28,141.41,Tunis
Female,0,No,No,3,Yes,No,DSL,No,No,Yes,Yes,No,Month-to-month,No,Electronic check,57.55,161.45,No,1,21,44.4,Tataouine
Female,0,No,No,8,No,No phone service,DSL,No,Yes,No,No,No,Month-to-month,Yes,Mailed check,29.25,226.95,No,4,16,86.94,Ben Arous
Female,1,Yes,No,7,Yes,Yes,Fiber optic,No,No,No,No,Yes,Month-to-month,Yes,Electronic check,84.55,646.85,Yes,9,3,27.49,Gabès
Female,0,No,No,68,Yes,No,No,No internet service,No internet service,No internet service,No internet service,No internet service,Two year,No,Credit card (automatic),19.6,1441.65,No,1,20,79.37,Manouba
Female,0,Yes,Yes,68,Yes,Yes,Fiber optic,Yes,No,Yes,Yes,Yes,Two year,No,Credit card (automatic),111.75,7511.3,No,4,6,16.52,Sfax
Female,1,Yes,No,52,Yes,Yes,Fiber optic,No,Yes,Yes,Yes,Yes,One year,Yes,Electronic check,106.5,5621.85,No,0,24,101.33,Sousse
Male,0,Yes,Yes,72,Yes,Yes,Fiber optic,Yes,Yes,No,Yes,Yes,Two year,Yes,Credit card (automatic),107.7,7919.8,No,0,29,38.29,Ariana
Female,0,Yes,No,32,Yes,No,No,No internet service,No internet service,No internet service,No internet service,No internet service,One year,No,Mailed check,19.3,593.2,No,4,22,140.58,Bizerte
Female,0,Yes,No,72,Yes,No,No,No internet service,No internet service,No internet service,No internet service,No internet service,Two year,No,Bank transfer (automatic),20.05,1423.65,No,3,18,142.29,Kef
Male,0,Yes,Yes,1,Yes,No,Fiber optic,No,No,No,No,No,Month-to-month,Yes,Credit card (automatic),69.95,69.95,No,0,12,73.22,Tunis
Male,0,Yes,Yes,42,Yes,No,DSL,Yes,No,No,No,Yes,One year,No,Credit card (automatic),63.7,2763.35,No,1,7,147.68,Médiénine
Female,0,No,No,25,Yes,Yes,No,No internet service,No internet service,No internet service,No internet service,No internet service,Two year,No,Credit card (automatic),24.75,692.1,Yes,8,0,25.72,Tunis
Male,0,No,No,45,Yes,No,DSL,Yes,No,No,No,No,Month-to-month,Yes,Bank transfer (automatic),50.9,2298.55,No,1,6,140.13,Sfax
Female,0,Yes,Yes,43,No,No phone service,DSL,Yes,No,Yes,Yes,Yes,One year,Yes,Credit card (automatic),60.4,2640.55,No,3,18,51.24,Tunis
Male,0,Yes,No,37,Yes,Yes,DSL,Yes,No,Yes,Yes,Yes,One year,No,Mailed check,79.25,2911.8,No,2,11,95.91,Bizerte
Female,1,No,No,20,Yes,Yes,Fiber optic,No,No,No,No,Yes,Month-to-month,Yes,Credit card (automatic),85.8,1727.5,Yes,9,2,8.95,Ben Arous
Female,0,No,No,4,No,No phone service,DSL,No,No,No,No,No,Month-to-month,Yes,Electronic check,24.45,86.6,Yes,5,1,46.39,Monastir
Male,0,Yes,No,63,Yes,No,Fiber optic,Yes,Yes,Yes,Yes,Yes,Two year,Yes,Credit card (automatic),110.1,6705.7,No,3,24,148.79,Sousse
Male,0,No,No,3,Yes,No,Fiber optic,No,No,No,Yes,Yes,Month-to-month,No,Mailed check,90.7,237.65,No,0,5,64.95,Kairouan
Male,0,Yes,Yes,66,Yes,Yes,No,No internet service,No internet service,No internet service,No internet service,No internet service,Two year,Yes,Credit card (automatic),25.3,1672.35,No,4,12,129.88,Médiénine
Male,0,No,No,28,Yes,Yes,Fiber optic,No,Yes,Yes,Yes,Yes,Month-to-month,Yes,Electronic check,105.7,2979.5,Yes,8,3,47.68,Gabès
Female,1,No,No,8,Yes,Yes,Fiber optic,No,No,No,No,Yes,Month-to-month,No,Electronic check,85.2,695.75,No,1,26,85.95,Bizerte
Male,0,No,Yes,71,Yes,Yes,No,No internet service,No internet service,No internet service,No internet service,No internet service,Two year,No,Mailed check,24.35,1654.6,No,4,15,74.82,Mahdia
Male,0,No,No,1,No,No phone service,DSL,No,No,No,No,No,Month-to-month,Yes,Electronic check,24.25,24.25,Yes,6,2,23.73,Sousse
Female,0,Yes,Yes,72,Yes,Yes,No,No internet service,No internet service,No internet service,No internet service,No internet service,Two year,No,Bank transfer (automatic),25.1,1857.85,No,1,21,35.82,Kairouan
Male,1,Yes,No,16,Yes,No,DSL,Yes,Yes,No,No,No,Month-to-month,Yes,Bank transfer (automatic),54.55,825.1,No,1,9,38.91,Manouba
Male,0,Yes,No,66,Yes,Yes,Fiber optic,Yes,Yes,Yes,No,No,Two year,No,Mailed check,96.6,6424.25,No,4,20,102.06,Kef
Female,0,No,No,11,Yes,Yes,Fiber optic,No,No,No,No,No,Month-to-month,Yes,Electronic check,76.5,837.95,Yes,10,1,32.27,Tunis
Male,0,No,No,51,Yes,Yes,DSL,Yes,Yes,Yes,Yes,No,One year,Yes,Credit card (automatic),81.15,4126.2,No,1,15,28.2,Gabès
Female,0,No,Yes,8,No,No phone service,DSL,Yes,No,No,No,Yes,Month-to-month,Yes,Electronic check,38.5,330.8,No,4,7,79.38,Gabès
Male,0,No,No,14,Yes,No,Fiber optic,No,No,No,Yes,Yes,Month-to-month,Yes,Electronic check,92.9,1337.45,No,4,13,67.49,Kairouan
Female,0,No,No,4,Yes,Yes,Fiber optic,No,Yes,No,No,Yes,Month-to-month,Yes,Electronic check,93.5,362.2,Yes,8,4,19.32,Kairouan
Female,0,No,No,70,Yes,Yes,DSL,Yes,Yes,Yes,Yes,Yes,Two year,No,Mailed check,84.7,5991.05,No,4,10,104.21,Tunis
Female,0,No,Yes,70,Yes,Yes,DSL,Yes,Yes,No,No,No,Two year,No,Electronic check,66.0,4891.5,No,4,9,14.1,Monastir
Female,1,Yes,No,54,Yes,Yes,Fiber optic,No,Yes,No,Yes,Yes,One year,Yes,Credit card (automatic),101.5,5373.1,Yes,5,0,21.86,Monastir
Male,0,No,Yes,28,Yes,No,Fiber optic,Yes,No,No,No,No,Month-to-month,Yes,Bank transfer (automatic),74.9,2068.55,Yes,6,5,46.67,Ariana
Male,0,No,No,24,Yes,No,No,No internet service,No internet service,No internet service,No internet service,No internet service,Two year,No,Mailed check,20.75,487.05,No,0,6,86.63,Monastir
Female,0,Yes,No,69,Yes,No,DSL,No,Yes,No,No,Yes,Two year,Yes,Credit card (automatic),61.45,4131.2,No,0,27,108.66,Kairouan
Male,0,Yes,Yes,42,Yes,No,DSL,Yes,Yes,No,No,No,Month-to-month,No,Mailed check,54.5,2301.15,No,1,5,128.19,Sousse
Female,1,No,No,2,Yes,No,Fiber optic,No,No,No,No,No,Month-to-month,Yes,Electronic check,69.6,131.65,Yes,4,5,34.79,Tunis
Female,1,No,No,39,Yes,Yes,Fiber optic,No,No,Yes,Yes,Yes,Month-to-month,Yes,Electronic check,99.75,4036.0,No,4,29,53.34,Kasserine
Male,0,Yes,Yes,45,Yes,Yes,Fiber optic,No,Yes,Yes,Yes,Yes,Two year,Yes,Bank transfer (automatic),109.75,4900.65,No,4,29,93.08,Sfax
Male,0,Yes,Yes,72,Yes,Yes,DSL,Yes,Yes,Yes,Yes,No,Two year,Yes,Bank transfer (automatic),80.85,5727.45,No,2,21,140.52,Médiénine
Female,0,No,No,38,Yes,No,No,No internet service,No internet service,No internet service,No internet service,No internet service,Two year,No,Mailed check,20.3,743.05,No,1,6,38.03,Tunis
Male,0,Yes,No,72,Yes,Yes,DSL,Yes,Yes,Yes,No,No,Two year,Yes,Bank transfer (automatic),67.8,4804.65,No,0,9,23.22,Kef
Male,0,No,No,1,Yes,Yes,No,No internet service,No internet service,No internet service,No internet service,No internet service,Month-to-month,Yes,Mailed check,24.05,24.05,Yes,4,1,13.96,Tunis
Male,0,Yes,Yes,72,Yes,No,No,No internet service,No internet service,No internet service,No internet service,No internet service,Two year,Yes,Credit card (automatic),19.8,1414.65,No,1,6,108.34,Tunis
Male,0,Yes,No,55,Yes,Yes,No,No internet service,No internet service,No internet service,No internet service,No internet service,Two year,No,Bank transfer (automatic),25.7,1443.65,No,1,18,93.28,Kairouan
Female,0,Yes,Yes,51,No,No phone service,DSL,No,No,Yes,Yes,Yes,One year,Yes,Electronic check,56.15,2898.95,No,3,8,16.14,Ariana
Male,0,No,No,63,Yes,No,DSL,Yes,Yes,Yes,Yes,Yes,Two year,Yes,Bank transfer (automatic),86.7,5309.5,No,0,6,34.77,Mahdia
Female,0,No,No,1,Yes,No,No,No internet service,No internet service,No internet service,No internet service,No internet service,Month-to-month,No,Mailed check,20.4,20.4,No,1,28,108.22,Tunis
Female,0,Yes,Yes,23,Yes,No,No,No internet service,No internet service,No internet service,No internet service,No internet service,Two year,Yes,Mailed check,19.65,451.55,No,0,18,13.1,Gabès
Female,0,No,No,1,Yes,No,DSL,No,Yes,No,No,No,Month-to-month,No,Electronic check,50.55,50.55,Yes,10,5,29.89,Sfax
Female,0,No,No,2,Yes,Yes,DSL,No,No,No,No,No,Month-to-month,Yes,Mailed check,54.35,117.05,No,0,5,86.55,Bizerte
Female,1,No,No,52,Yes,Yes,Fiber optic,Yes,Yes,Yes,Yes,Yes,Month-to-month,No,Credit card (automatic),108.1,5839.3,No,0,5,60.18,Sfax
Female,0,No,No,36,Yes,Yes,DSL,Yes,No,No,No,No,One year,No,Mailed check,54.45,1893.5,No,1,19,19.11,Gafsa
Female,0,No,No,1,Yes,No,DSL,No,No,No,No,No,Month-to-month,No,Mailed check,45.35,45.35,No,0,20,121.48,Médiénine
Female,0,No,No,28,Yes,Yes,DSL,Yes,No,Yes,No,No,One year,No,Mailed check,59.0,1654.45,No,0,10,54.96,Kasserine
Female,0,Yes,Yes,7,Yes,No,DSL,Yes,Yes,Yes,Yes,No,One year,No,Electronic check,69.45,477.05,No,0,27,118.04,Ariana
Male,0,No,No,14,Yes,Yes,Fiber optic,No,Yes,No,Yes,Yes,Month-to-month,Yes,Electronic check,100.55,1415.55,Yes,6,2,22.88,Kasserine
Male,1,Yes,No,72,No,No phone service,DSL,Yes,Yes,Yes,Yes,Yes,Two year,Yes,Credit card (automatic),64.95,4546.0,No,0,8,82.89,Sfax
Female,0,Yes,Yes,1,Yes,No,No,No internet service,No internet service,No internet service,No internet service,No internet service,Month-to-month,Yes,Mailed check,20.5,20.5,Yes,4,5,23.61,Sfax
Female,0,No,No,10,Yes,No,No,No internet service,No internet service,No internet service,No internet service,No internet service,Month-to-month,No,Mailed check,18.85,163.2,No,1,27,59.61,Gafsa
Male,0,No,No,42,Yes,No,No,No internet service,No internet service,No internet service,No internet service,No internet service,One year,No,Bank transfer (automatic),19.8,849.9,No,2,8,31.12,Tunis
Female,0,No,No,7,No,No phone service,DSL,No,No,No,No,No,Month-to-month,No,Bank transfer (automatic),25.05,189.95,No,0,24,40.36,Sousse
Male,0,No,No,4,Yes,No,Fiber optic,No,No,Yes,No,No,Month-to-month,Yes,Bank transfer (automatic),74.8,321.9,Yes,7,4,25.86,Médiénine
Male,0,Yes,Yes,72,Yes,Yes,Fiber optic,Yes,Yes,Yes,Yes,Yes,Two year,Yes,Credit card (automatic),114.3,8058.55,No,3,24,49.54,Bizerte
Female,0,Yes,No,20,No,No phone service,DSL,No,No,No,No,No,Month-to-month,Yes,Electronic check,24.45,482.8,Yes,10,0,16.67,Sfax
Male,0,No,No,63,Yes,No,Fiber optic,Yes,Yes,Yes,Yes,Yes,Two year,No,Credit card (automatic),109.2,7049.75,No,0,19,10.8,Sfax
Female,0,No,No,56,No,No phone service,DSL,Yes,Yes,Yes,No,No,Two year,No,Bank transfer (automatic),45.05,2560.1,No,4,19,114.04,Siliana
Female,0,No,Yes,5,Yes,No,DSL,No,No,No,No,No,Month-to-month,Yes,Mailed check,51.0,286.8,No,1,20,46.26,Médiénine
Female,0,Yes,No,72,Yes,Yes,Fiber optic,No,Yes,Yes,Yes,Yes,Two year,Yes,Bank transfer (automatic),110.45,7982.5,No,1,22,47.02,Sfax
Male,1,Yes,Yes,68,Yes,Yes,Fiber optic,No,Yes,Yes,No,No,Month-to-month,Yes,Electronic check,84.65,5683.6,No,2,29,128.17,Tunis
Male,0,Yes,Yes,67,Yes,No,DSL,Yes,Yes,No,No,No,One year,No,Mailed check,60.05,3994.05,No,4,8,148.55,Kairouan
Male,0,Yes,Yes,8,Yes,No,DSL,No,No,No,No,No,Month-to-month,No,Bank transfer (automatic),44.65,369.15,No,1,18,102.52,Gabès
Male,0,Yes,Yes,52,Yes,Yes,Fiber optic,No,Yes,No,No,Yes,Month-to-month,Yes,Bank transfer (automatic),93.25,4631.7,No,0,25,99.72,Sfax
Female,0,Yes,Yes,18,Yes,No,No,No internet service,No internet service,No internet service,No internet service,No internet service,Month-to-month,Yes,Mailed check,20.25,401.95,No,3,6,137.06,Tunis
Female,0,Yes,Yes,59,Yes,Yes,No,No internet service,No internet service,No internet service,No internet service,No internet service,Two year,No,Mailed check,25.45,1534.05,No,0,13,111.72,Kairouan
Female,0,No,No,60,Yes,No,No,No internet service,No internet service,No internet service,No internet service,No internet service,Two year,No,Mailed check,20.6,1093.0,No,3,28,47.62,Médiénine
Male,0,No,No,7,Yes,Yes,Fiber optic,No,No,No,Yes,Yes,Month-to-month,Yes,Electronic check,94.1,701.3,No,1,9,67.5,Manouba
Male,0,Yes,Yes,59,No,No phone service,DSL,Yes,No,Yes,No,No,One year,No,Mailed check,34.8,1980.3,No,4,7,117.39,Tunis
Male,0,No,No,46,No,No phone service,DSL,Yes,No,Yes,Yes,Yes,Two year,Yes,Bank transfer (automatic),60.75,2893.4,No,2,28,69.74,Jendouba
Male,0,No,No,5,Yes,No,DSL,No,Yes,No,No,No,Month-to-month,Yes,Electronic check,51.35,262.3,No,0,29,93.88,Monastir
Male,1,Yes,No,59,No,No phone service,DSL,Yes,No,Yes,Yes,Yes,Two year,Yes,Credit card (automatic),64.05,3886.85,No,2,8,119.93,Tunis
Female,0,Yes,No,70,Yes,Yes,DSL,No,Yes,Yes,Yes,Yes,Two year,Yes,Bank transfer (automatic),84.8,5917.55,No,0,16,28.87,Siliana
Female,0,No,No,14,Yes,No,Fiber optic,No,No,No,No,No,Month-to-month,Yes,Credit card (automatic),71.0,914.0,Yes,9,0,45.65,Sousse
Female,0,No,No,44,Yes,Yes,DSL,No,No,No,No,No,Month-to-month,Yes,Mailed check,50.15,2139.1,No,1,5,95.85,Ben Arous
Female,0,Yes,No,64,Yes,Yes,Fiber optic,Yes,No,Yes,Yes,No,Two year,Yes,Credit card (automatic),94.6,5948.7,No,3,26,48.56,Sfax
Female,0,Yes,Yes,58,No,No phone service,DSL,Yes,No,Yes,Yes,Yes,Two year,No,Mailed check,59.75,3624.35,No,4,26,33.05,Ariana
Female,1,Yes,No,46,Yes,Yes,Fiber optic,No,No,No,Yes,Yes,One year,No,Electronic check,100.25,4753.85,No,2,25,83.24,Monastir
Male,1,Yes,No,58,Yes,Yes,Fiber optic,No,Yes,No,Yes,Yes,Month-to-month,Yes,Electronic check,98.9,5780.7,No,3,13,139.59,Manouba
Female,0,Yes,No,72,Yes,Yes,Fiber optic,No,Yes,No,Yes,Yes,Two year,Yes,Credit card (automatic),97.7,6869.7,No,0,16,106.78,Bizerte
Female,1,No,No,30,No,No phone service,DSL,No,No,Yes,Yes,No,Month-to-month,Yes,Electronic check,40.3,1172.95,Yes,7,4,19.06,Manouba
Male,1,No,No,11,Yes,Yes,DSL,Yes,Yes,No,No,No,Month-to-month,No,Bank transfer (automatic),60.25,662.95,No,3,20,118.75,Tunis
Female,1,No,No,34,No,No phone service,DSL,No,Yes,Yes,Yes,Yes,Month-to-month,Yes,Electronic check,56.25,1765.95,No,1,7,86.71,Manouba
Male,0,No,No,54,No,No phone service,DSL,Yes,Yes,No,No,Yes,Two year,No,Bank transfer (automatic),46.2,2431.95,No,1,24,84.16,Ben Arous
Female,0,No,No,3,No,No phone service,DSL,No,Yes,No,Yes,Yes,Month-to-month,Yes,Electronic check,50.6,155.35,Yes,8,1,31.0,Mahdia
Female,0,Yes,Yes,72,Yes,Yes,No,No internet service,No internet service,No internet service,No internet service,No internet service,Two year,No,Mailed check,24.9,1859.2,No,1,28,107.17,Médiénine
Female,0,Yes,Yes,40,Yes,Yes,Fiber optic,No,No,Yes,No,No,Month-to-month,Yes,Electronic check,84.85,3303.05,Yes,9,3,43.46,Jendouba
Female,0,Yes,Yes,2,Yes,No,DSL,No,No,No,Yes,Yes,Month-to-month,No,Mailed check,65.7,134.35,Yes,5,4,26.46,Bizerte
Male,0,Yes,Yes,54,Yes,Yes,DSL,No,No,Yes,No,Yes,Two year,No,Credit card (automatic),63.35,3409.1,No,1,19,139.02,Gabès
Female,0,No,No,14,Yes,No,DSL,Yes,No,No,No,No,Month-to-month,No,Bank transfer (automatic),50.1,709.5,No,4,21,115.96,Kairouan
Female,0,No,No,1,Yes,No,Fiber optic,No,No,No,No,No,Month-to-month,No,Electronic check,70.5,70.5,Yes,7,0,34.4,Ariana
Female,0,No,No,10,Yes,Yes,Fiber optic,No,Yes,Yes,No,Yes,Month-to-month,Yes,Electronic check,94.85,953.45,Yes,8,5,41.52,Gafsa
Female,0,No,No,1,Yes,No,DSL,Yes,No,No,No,No,Month-to-month,No,Electronic check,50.15,50.15,No,2,22,30.08,Ariana
Male,0,No,No,1,Yes,No,No,No internet service,No internet service,No internet service,No internet service,No internet service,Month-to-month,No,Mailed check,19.75,19.75,Yes,5,0,31.63,Kairouan
Male,0,No,No,56,Yes,Yes,DSL,Yes,Yes,No,No,No,One year,Yes,Bank transfer (automatic),64.65,3665.55,No,1,5,146.31,Bizerte
Female,0,Yes,No,68,Yes,No,DSL,Yes,Yes,No,Yes,Yes,Two year,Yes,Bank transfer (automatic),79.6,5515.8,No,1,30,78.35,Béja
Female,0,Yes,Yes,14,Yes,No,No,No internet service,No internet service,No internet service,No internet service,No internet service,One year,Yes,Mailed check,19.5,272.0,No,4,21,20.73,Sousse
Male,0,Yes,Yes,68,Yes,No,Fiber optic,Yes,No,No,Yes,Yes,Two year,Yes,Electronic check,99.55,6668.0,No,1,26,83.37,Zaghouan
Male,1,Yes,No,55,Yes,Yes,Fiber optic,No,No,No,No,No,Month-to-month,Yes,Electronic check,74.0,4052.4,No,2,29,108.98,Tunis
Female,0,No,No,16,No,No phone service,DSL,Yes,No,No,Yes,No,Month-to-month,Yes,Electronic check,38.9,664.4,No,4,5,51.32,Zaghouan
Male,1,No,No,9,Yes,No,Fiber optic,No,No,No,No,Yes,Month-to-month,Yes,Electronic check,79.55,718.55,No,3,15,41.18,Kairouan
Male,0,Yes,Yes,14,Yes,No,DSL,Yes,Yes,No,Yes,No,Month-to-month,Yes,Electronic check,65.45,937.6,Yes,5,3,6.44,Sousse
Male,1,Yes,No,58,Yes,Yes,Fiber optic,No,No,Yes,Yes,Yes,Month-to-month,Yes,Electronic check,98.7,5812.6,Yes,8,1,4.04,Sousse
Male,0,No,No,53,No,No phone service,DSL,Yes,Yes,No,No,Yes,Month-to-month,Yes,Bank transfer (automatic),46.3,2546.85,No,2,21,109.78,Jendouba
Male,0,Yes,No,70,Yes,Yes,Fiber optic,Yes,Yes,Yes,Yes,No,Two year,Yes,Credit card (automatic),99.35,6944.5,No,4,30,107.63,Sfax
Female,1,Yes,Yes,14,Yes,Yes,Fiber optic,No,No,No,Yes,Yes,Month-to-month,Yes,Electronic check,95.8,1346.3,No,4,23,10.76,Mahdia
Male,0,Yes,Yes,22,Yes,No,DSL,Yes,No,Yes,Yes,No,One year,Yes,Bank transfer (automatic),67.5,1544.05,Yes,4,1,43.36,Kasserine
Female,0,Yes,No,10,Yes,Yes,Fiber optic,Yes,No,No,No,No,Month-to-month,Yes,Credit card (automatic),78.15,765.15,No,1,20,12.39,Zaghouan
Female,0,Yes,Yes,29,Yes,Yes,No,No internet service,No internet service,No internet service,No internet service,No internet service,Two year,No,Mailed check,26.1,692.55,No,4,7,25.87,Sousse
Female,0,No,No,1,Yes,No,Fiber optic,No,No,No,No,No,Month-to-month,Yes,Electronic check,69.6,69.6,Yes,8,4,29.71,Bizerte
Male,0,Yes,No,49,Yes,Yes,DSL,Yes,No,Yes,Yes,Yes,One year,No,Electronic check,84.35,4059.35,Yes,4,3,28.76,Monastir
Female,1,Yes,No,68,Yes,Yes,Fiber optic,No,Yes,No,Yes,Yes,Month-to-month,Yes,Electronic check,100.2,6851.65,Yes,4,5,29.47,Gabès
Female,0,No,No,1,Yes,No,Fiber optic,No,No,No,Yes,No,Month-to-month,No,Electronic check,78.05,78.05,Yes,7,5,21.96,Tunis
Female,0,No,No,30,No,No phone service,DSL,No,No,No,No,Yes,One year,Yes,Credit card (automatic),40.35,1187.05,No,2,12,147.29,Manouba
Female,0,Yes,No,72,Yes,Yes,DSL,Yes,Yes,Yes,Yes,No,Two year,No,Credit card (automatic),79.2,5401.9,No,4,9,98.17,Ariana
Female,0,No,No,10,Yes,No,No,No internet service,No internet service,No internet service,No internet service,No internet service,Month-to-month,Yes,Mailed check,20.9,247.0,No,4,23,138.12,Bizerte
Male,0,No,No,7,Yes,Yes,Fiber optic,No,No,No,No,No,Month-to-month,No,Electronic check,73.6,520.0,Yes,4,5,43.33,Kasserine
Female,0,No,No,9,Yes,Yes,Fiber optic,No,No,No,No,No,Month-to-month,Yes,Electronic check,74.75,706.6,Yes,9,1,34.33,Mahdia
Female,0,No,Yes,1,Yes,No,DSL,Yes,No,No,No,No,Month-to-month,No,Mailed check,49.9,49.9,No,0,15,109.4,Sfax
Female,0,No,No,20,Yes,Yes,DSL,No,Yes,No,No,Yes,Month-to-month,Yes,Credit card (automatic),68.9,1370.35,No,4,28,147.85,Sfax
Female,0,No,No,1,Yes,No,No,No internet service,No internet service,No internet service,No internet service,No internet service,Month-to-month,Yes,Mailed check,20.25,20.25,No,0,27,75.97,Sfax
Female,0,No,No,29,Yes,Yes,Fiber optic,No,No,No,No,No,Month-to-month,Yes,Credit card (automatic),76.0,2215.25,No,1,25,32.63,Ben Arous
Male,0,No,No,1,Yes,No,Fiber optic,No,No,No,No,No,Month-to-month,No,Electronic check,74.0,74.0,No,2,21,11.56,Sousse
Male,0,No,No,3,Yes,No,Fiber optic,Yes,No,No,No,No,Month-to-month,Yes,Mailed check,82.3,214.4,No,3,29,43.19,Tunis
Female,0,No,No,20,Yes,No,Fiber optic,Yes,No,Yes,Yes,No,Month-to-month,Yes,Bank transfer (automatic),89.4,1871.15,No,4,5,56.53,Nabeul
Male,0,No,Yes,64,Yes,No,Fiber optic,No,Yes,No,Yes,Yes,Month-to-month,Yes,Credit card (automatic),99.15,6171.2,No,1,29,62.22,Tunis
Male,0,No,No,1,Yes,No,No,No internet service,No internet service,No internet service,No internet service,No internet service,Month-to-month,Yes,Mailed check,20.2,20.2,Yes,10,0,11.99,Gabès
Female,0,No,No,6,No,No phone service,DSL,Yes,No,No,No,No,Month-to-month,No,Bank transfer (automatic),29.45,161.45,No,4,5,101.15,Gafsa
Male,0,Yes,No,50,Yes,No,No,No internet service,No internet service,No internet service,No internet service,No internet service,Two year,No,Electronic check,19.8,1013.2,No,3,12,39.7,Kebili
Male,0,No,No,6,Yes,No,DSL,Yes,No,No,No,Yes,Month-to-month,Yes,Bank transfer (automatic),59.15,336.7,No,3,29,74.6,Ariana
Male,0,Yes,Yes,7,Yes,No,DSL,No,No,No,No,No,Month-to-month,No,Electronic check,44.75,333.65,No,2,8,114.53,Gabès
Male,0,Yes,Yes,72,Yes,Yes,Fiber optic,No,No,Yes,No,Yes,Two year,Yes,Credit card (automatic),90.8,6511.8,No,0,9,119.59,Tunis
Male,0,Yes,No,8,Yes,No,DSL,No,Yes,No,No,No,Month-to-month,Yes,Bank transfer (automatic),49.55,393.45,No,4,23,56.17,Kairouan
Female,0,Yes,Yes,67,Yes,Yes,Fiber optic,Yes,No,No,Yes,Yes,Two year,No,Credit card (automatic),106.7,7009.5,No,2,22,77.42,Sfax
Female,1,Yes,No,24,Yes,Yes,Fiber optic,No,No,No,Yes,Yes,Month-to-month,Yes,Electronic check,93.55,2264.05,Yes,4,2,12.31,Ariana
Female,0,Yes,No,72,Yes,Yes,Fiber optic,Yes,Yes,No,No,Yes,Two year,Yes,Credit card (automatic),94.45,6921.7,No,3,17,117.68,Tunis
Male,0,Yes,Yes,33,Yes,No,No,No internet service,No internet service,No internet service,No internet service,No internet service,One year,Yes,Bank transfer (automatic),19.45,600.25,No,1,22,90.05,Sousse
Male,0,No,No,2,No,No phone service,DSL,No,No,No,No,No,Month-to-month,Yes,Electronic check,25.05,56.35,Yes,8,3,22.07,Tunis
Male,0,Yes,No,70,Yes,No,DSL,Yes,Yes,No,No,Yes,Two year,No,Mailed check,67.95,4664.15,No,3,14,103.86,Kasserine
Female,0,No,No,22,Yes,No,DSL,No,Yes,Yes,Yes,No,One year,No,Bank transfer (automatic),65.25,1441.8,No,1,5,75.91,Tunis
Female,0,No,No,59,Yes,Yes,Fiber optic,Yes,Yes,Yes,No,Yes,Month-to-month,Yes,Bank transfer (automatic),99.45,5623.7,No,1,22,107.79,Kasserine
Male,0,No,No,36,Yes,No,No,No internet service,No internet service,No internet service,No internet service,No internet service,One year,Yes,Credit card (automatic),20.35,695.85,No,0,17,87.96,Zaghouan
Female,0,Yes,Yes,51,Yes,No,No,No internet service,No internet service,No internet service,No internet service,No internet service,Two year,No,Mailed check,19.95,1028.75,No,0,27,25.65,Tunis
Male,0,Yes,No,53,Yes,Yes,DSL,Yes,No,Yes,Yes,No,One year,No,Bank transfer (automatic),77.4,4155.95,No,0,14,143.57,Kairouan
Female,0,Yes,Yes,20,Yes,No,No,No internet service,No internet service,No internet service,No internet service,No internet service,One year,No,Bank transfer (automatic),19.7,395.6,No,4,25,39.37,Sousse
Male,0,Yes,No,63,Yes,No,Fiber optic,Yes,No,Yes,Yes,Yes,Two year,No,Credit card (automatic),99.7,6330.4,No,1,30,105.22,Zaghouan
Female,0,No,No,40,Yes,No,Fiber optic,No,Yes,No,No,No,Month-to-month,No,Credit card (automatic),74.8,2971.7,No,1,9,46.6,Jendouba
Male,0,No,No,35,Yes,No,No,No internet service,No internet service,No internet service,No internet service,No internet service,One year,Yes,Mailed check,19.15,638.0,No,2,7,51.4,Tunis
Male,0,Yes,Yes,26,Yes,No,Fiber optic,No,No,No,No,Yes,One year,No,Bank transfer (automatic),78.95,2034.25,No,0,10,99.06,Siliana
Male,1,Yes,No,27,Yes,Yes,Fiber optic,No,Yes,Yes,No,Yes,Month-to-month,Yes,Electronic check,95.55,2510.2,Yes,9,3,23.23,Siliana
Male,0,No,Yes,53,Yes,No,DSL,Yes,Yes,No,No,No,One year,No,Credit card (automatic),62.85,3419.5,No,4,17,132.71,Sfax
Male,1,Yes,No,34,Yes,No,Fiber optic,No,No,No,No,No,Month-to-month,No,Credit card (automatic),71.55,2427.35,No,3,19,119.96,Jendouba
Female,1,Yes,No,19,Yes,Yes,Fiber optic,No,No,No,Yes,Yes,Month-to-month,Yes,Electronic check,94.95,1760.25,No,0,15,89.19,Kasserine
Male,0,Yes,No,43,Yes,No,Fiber optic,Yes,Yes,Yes,No,No,Month-to-month,Yes,Credit card (automatic),86.1,3551.65,No,0,12,78.84,Manouba
Male,0,Yes,Yes,6,Yes,No,No,No internet service,No internet service,No internet service,No internet service,No internet service,Month-to-month,No,Mailed check,19.55,122.9,No,4,24,60.3,Ben Arous
Male,0,No,Yes,56,Yes,Yes,No,No internet service,No internet service,No internet service,No internet service,No internet service,Two year,Yes,Mailed check,24.8,1424.2,No,0,6,127.03,Ariana
Male,0,No,No,57,No,No phone service,DSL,No,Yes,No,Yes,No,Month-to-month,Yes,Electronic check,39.3,2111.45,Yes,8,4,29.96,Kasserine
Male,0,Yes,Yes,34,Yes,No,Fiber optic,No,No,Yes,Yes,No,Month-to-month,Yes,Mailed check,84.05,2909.95,No,0,9,90.95,Tozeur
Female,0,No,No,10,No,No phone service,DSL,No,Yes,No,No,No,Month-to-month,No,Electronic check,36.25,374.0,No,3,9,145.26,Tunis
Female,0,No,No,1,Yes,No,No,No internet service,No internet service,No internet service,No internet service,No internet service,Month-to-month,Yes,Mailed check,20.25,20.25,Yes,5,3,1.09,Manouba
Female,0,No,No,13,No,No phone service,DSL,No,No,No,No,No,Month-to-month,Yes,Electronic check,23.9,300.8,Yes,6,2,39.88,Mahdia
Male,0,No,No,56,Yes,Yes,Fiber optic,No,Yes,No,Yes,Yes,Month-to-month,No,Electronic check,98.6,5581.05,No,4,12,82.64,Tunis
Female,0,Yes,No,55,Yes,Yes,Fiber optic,No,Yes,Yes,Yes,Yes,Month-to-month,Yes,Credit card (automatic),103.65,5676.65,No,3,22,21.13,Gabès
Female,0,Yes,Yes,36,Yes,Yes,DSL,Yes,Yes,Yes,Yes,Yes,Two year,Yes,Credit card (automatic),92.9,3379.25,No,1,7,126.54,Ben Arous
Male,0,Yes,No,47,Yes,No,No,No internet service,No internet service,No internet service,No internet service,No internet service,One year,No,Bank transfer (automatic),19.9,942.95,No,0,27,69.09,Gafsa
Female,0,Yes,Yes,12,Yes,No,No,No internet service,No internet service,No internet service,No internet service,No internet service,Month-to-month,Yes,Credit card (automatic),20.1,232.4,No,2,22,62.6,Sfax
Female,0,No,No,1,Yes,No,Fiber optic,No,No,Yes,Yes,No,Month-to-month,Yes,Electronic check,85.45,85.45,Yes,7,1,9.23,Tunis
Male,1,No,No,24,Yes,Yes,Fiber optic,No,Yes,No,No,No,Month-to-month,Yes,Electronic check,80.5,2088.45,No,3,11,73.11,Sidi Bouzid
Female,0,No,No,63,Yes,Yes,Fiber optic,No,Yes,No,Yes,Yes,One year,No,Bank transfer (automatic),99.9,6137.0,Yes,8,1,37.46,Sfax
Female,1,No,No,35,No,No phone service,DSL,No,No,Yes,Yes,No,Month-to-month,Yes,Electronic check,39.85,1434.6,No,3,23,13.9,Bizerte
Female,0,No,No,67,Yes,No,DSL,Yes,Yes,No,No,No,One year,No,Credit card (automatic),60.5,3870.0,No,1,11,107.83,Sousse
Male,0,No,No,25,Yes,Yes,Fiber optic,No,No,No,No,Yes,Month-to-month,Yes,Electronic check,84.8,2043.45,Yes,8,3,36.37,Mahdia
Male,0,No,No,21,Yes,Yes,Fiber optic,Yes,No,Yes,Yes,Yes,Month-to-month,No,Mailed check,103.85,2215.0,No,3,19,44.5,Sousse
Female,0,No,No,13,Yes,No,DSL,Yes,Yes,No,No,Yes,Month-to-month,No,Bank transfer (automatic),67.8,842.25,No,0,7,106.1,Tozeur
Male,0,Yes,No,35,Yes,Yes,Fiber optic,No,No,No,No,No,Month-to-month,Yes,Electronic check,75.2,2576.2,Yes,4,2,21.82,Tunis
Male,1,Yes,No,71,Yes,Yes,No,No internet service,No internet service,No internet service,No internet service,No internet service,Two year,No,Bank transfer (automatic),24.85,1901.0,No,4,27,28.55,Nabeul
Female,0,No,No,29,Yes,No,No,No internet service,No internet service,No internet service,No internet service,No internet service,Month-to-month,No,Credit card (automatic),19.35,601.6,No,2,13,53.03,Jendouba
Male,0,Yes,No,71,No,No phone service,DSL,No,Yes,No,Yes,Yes,Two year,No,Electronic check,49.35,3515.25,Yes,6,5,35.38,Mahdia
Male,1,Yes,No,7,Yes,No,Fiber optic,No,No,No,Yes,Yes,Month-to-month,Yes,Electronic check,89.0,605.45,No,2,20,77.01,Tataouine
Female,1,No,No,57,No,No phone service,DSL,No,Yes,Yes,Yes,Yes,Month-to-month,Yes,Electronic check,55.0,3094.05,No,0,14,103.49,Médiénine
Male,0,Yes,No,65,Yes,Yes,DSL,Yes,No,Yes,No,Yes,Two year,No,Bank transfer (automatic),76.15,4929.55,No,0,13,83.67,Sidi Bouzid
Male,0,No,No,27,Yes,No,No,No internet service,No internet service,No internet service,No internet service,No internet service,One year,No,Mailed check,20.3,595.05,No,0,6,13.28,Sousse
Male,0,No,No,6,Yes,Yes,Fiber optic,No,No,No,No,No,Month-to-month,Yes,Electronic check,74.9,469.8,Yes,4,1,7.53,Kasserine
Female,1,No,No,72,Yes,Yes,Fiber optic,Yes,Yes,Yes,Yes,Yes,Two year,Yes,Credit card (automatic),117.35,8436.25,No,3,28,88.97,Gafsa
Male,0,No,No,1,Yes,No,No,No internet service,No internet service,No internet service,No internet service,No internet service,Month-to-month,Yes,Mailed check,19.75,19.75,No,3,8,39.24,Gabès
Male,0,No,No,11,Yes,No,DSL,No,No,No,No,No,Month-to-month,No,Credit card (automatic),45.2,492.0,No,3,20,22.83,Bizerte
Male,0,Yes,Yes,39,Yes,Yes,No,No internet service,No internet service,No internet service,No internet service,No internet service,Two year,No,Mailed check,25.2,987.95,No,3,26,49.19,Sousse
Female,1,No,No,59,Yes,Yes,Fiber optic,Yes,Yes,Yes,No,No,Month-to-month,Yes,Electronic check,89.75,5496.9,No,1,5,41.13,Ben Arous
Male,0,No,No,26,Yes,No,DSL,Yes,No,No,Yes,Yes,One year,No,Bank transfer (automatic),75.0,1908.35,No,3,5,101.16,Monastir
Male,1,No,No,2,Yes,No,DSL,No,No,Yes,No,No,Month-to-month,No,Mailed check,49.95,107.1,No,1,23,139.5,Sidi Bouzid
Female,0,Yes,Yes,72,No,No phone service,DSL,Yes,Yes,Yes,Yes,Yes,Two year,No,Bank transfer (automatic),65.7,4575.35,No,2,28,80.96,Sfax
Male,0,Yes,No,65,Yes,Yes,DSL,Yes,Yes,Yes,No,No,One year,No,Credit card (automatic),67.05,4309.55,No,4,12,48.74,Monastir
Male,0,Yes,Yes,72,Yes,Yes,Fiber optic,No,Yes,Yes,Yes,Yes,Two year,No,Credit card (automatic),110.9,7922.75,No,2,17,38.37,Sfax
Male,0,No,No,6,Yes,Yes,Fiber optic,No,No,No,No,Yes,Month-to-month,Yes,Bank transfer (automatic),87.95,522.35,No,2,8,94.11,Bizerte
Male,1,No,No,32,Yes,No,No,No internet service,No internet service,No internet service,No internet service,No internet service,One year,No,Credit card (automatic),19.8,587.7,No,4,13,31.83,Kairouan
Female,0,Yes,No,50,Yes,Yes,DSL,No,No,Yes,Yes,Yes,One year,No,Bank transfer (automatic),75.7,3876.2,No,2,7,39.44,Tunis
Male,0,Yes,No,61,No,No phone service,DSL,Yes,No,Yes,Yes,Yes,Two year,Yes,Mailed check,62.15,3778.85,No,3,26,109.22,Béja
Female,0,No,No,15,Yes,No,Fiber optic,No,Yes,Yes,Yes,Yes,Month-to-month,Yes,Electronic check,101.25,1457.25,Yes,8,4,25.96,Kasserine
Male,0,Yes,No,72,Yes,Yes,Fiber optic,Yes,Yes,Yes,Yes,Yes,Two year,No,Bank transfer (automatic),115.15,8349.45,No,4,6,103.87,Kebili
Male,0,No,No,9,Yes,No,No,No internet service,No internet service,No internet service,No internet service,No internet service,Month-to-month,Yes,Mailed check,18.95,185.6,Yes,9,3,9.57,Gafsa
Female,0,No,No,1,Yes,No,No,No internet service,No internet service,No internet service,No internet service,No internet service,Month-to-month,No,Mailed check,19.5,19.5,No,3,14,75.85,Sousse
Female,0,No,No,12,Yes,Yes,Fiber optic,No,No,No,No,Yes,Month-to-month,Yes,Electronic check,86.55,1066.9,No,4,6,32.84,Kasserine
Female,0,No,No,37,No,No phone service,DSL,No,No,No,No,No,Month-to-month,No,Credit card (automatic),28.6,973.55,Yes,8,4,43.52,Kairouan
Male,0,Yes,Yes,61,Yes,No,No,No internet service,No internet service,No internet service,No internet service,No internet service,One year,No,Mailed check,20.4,1226.45,No,4,6,19.72,Jendouba
Male,0,Yes,Yes,18,Yes,No,No,No internet service,No internet service,No internet service,No internet service,No internet service,One year,No,Bank transfer (automatic),19.8,342.3,No,4,14,13.35,Siliana
Male,0,No,Yes,21,Yes,No,DSL,No,No,No,No,No,Month-to-month,No,Mailed check,45.65,985.05,No,1,19,72.58,Ariana
Male,0,Yes,Yes,68,No,No phone service,DSL,Yes,Yes,Yes,No,Yes,Two year,Yes,Mailed check,56.4,3948.45,No,4,29,54.02,Kef
Male,1,No,No,12,Yes,Yes,Fiber optic,No,No,No,No,No,Month-to-month,Yes,Credit card (automatic),73.3,828.05,No,0,13,124.02,Nabeul
Female,1,No,No,2,No,No phone service,DSL,No,No,No,No,No,Month-to-month,No,Electronic check,24.35,41.85,Yes,5,2,45.45,Gabès
Female,0,Yes,No,62,Yes,Yes,Fiber optic,No,No,Yes,Yes,Yes,Month-to-month,Yes,Electronic check,101.35,6164.7,No,3,11,41.54,Gafsa
Female,1,No,No,29,Yes,Yes,Fiber optic,No,No,No,Yes,Yes,Month-to-month,No,Electronic check,98.65,2862.75,Yes,7,0,37.51,Monastir
Male,0,No,Yes,1,No,No phone service,DSL,No,Yes,No,No,No,Month-to-month,No,Mailed check,33.6,33.6,No,2,20,93.29,Zaghouan
Male,1,Yes,No,5,Yes,Yes,Fiber optic,No,No,Yes,No,No,Month-to-month,Yes,Bank transfer (automatic),79.9,343.95,Yes,8,5,39.5,Mahdia
Female,0,No,No,1,Yes,No,No,No internet service,No internet service,No internet service,No internet service,No internet service,Month-to-month,No,Electronic check,20.7,20.7,No,4,17,92.98,Kairouan
Male,0,No,Yes,62,Yes,Yes,Fiber optic,No,No,Yes,Yes,Yes,Two year,Yes,Electronic check,104.05,6590.5,No,2,6,77.57,Sfax
Female,0,Yes,Yes,36,Yes,No,No,No internet service,No internet service,No internet service,No internet service,No internet service,Two year,No,Bank transfer (automatic),20.25,717.95,No,2,15,149.46,Zaghouan
Female,1,No,No,28,Yes,Yes,Fiber optic,No,No,Yes,Yes,Yes,Month-to-month,Yes,Electronic check,103.3,2890.65,Yes,4,0,21.54,Médiénine
Female,0,Yes,Yes,69,Yes,Yes,DSL,Yes,Yes,No,Yes,No,One year,No,Credit card (automatic),73.7,4885.85,No,2,22,48.58,Tunis
Female,0,Yes,No,11,Yes,Yes,Fiber optic,Yes,No,No,Yes,No,Month-to-month,Yes,Credit card (automatic),96.2,1222.05,Yes,5,4,42.37,Monastir
Female,0,Yes,No,63,Yes,Yes,Fiber optic,No,Yes,Yes,Yes,Yes,Month-to-month,Yes,Electronic check,108.75,6871.7,No,3,16,33.36,Bizerte
Male,0,No,No,23,Yes,No,No,No internet service,No internet service,No internet service,No internet service,No internet service,One year,No,Bank transfer (automatic),20.15,405.6,No,4,7,125.94,Sousse
Male,0,No,No,10,Yes,No,No,No internet service,No internet service,No internet service,No internet service,No internet service,Month-to-month,No,Credit card (automatic),19.75,208.25,No,2,16,95.84,Médiénine
Female,0,Yes,No,71,Yes,Yes,No,No internet service,No internet service,No internet service,No internet service,No internet service,Two year,Yes,Credit card (automatic),25.95,1801.9,No,1,8,32.42,Sidi Bouzid
Female,1,No,No,45,Yes,Yes,DSL,Yes,No,No,No,Yes,Month-to-month,Yes,Electronic check,70.05,3062.45,No,1,30,56.54,Kairouan
Female,0,Yes,Yes,70,Yes,Yes,No,No internet service,No internet service,No internet service,No internet service,No internet service,Two year,No,Mailed check,24.05,1764.75,No,0,10,131.82,Zaghouan
Female,0,No,Yes,22,Yes,Yes,Fiber optic,No,No,No,No,Yes,Month-to-month,Yes,Electronic check,84.75,1816.75,No,2,16,25.89,Gafsa
Female,0,Yes,Yes,52,Yes,Yes,No,No internet service,No internet service,No internet service,No internet service,No internet service,Two year,No,Mailed check,23.05,1255.1,No,4,30,45.89,Béja
Male,0,Yes,No,55,Yes,Yes,Fiber optic,No,No,Yes,Yes,Yes,One year,Yes,Electronic check,104.15,5743.05,Yes,7,0,5.8,Gabès
Female,0,No,No,65,No,No phone service,DSL,Yes,No,Yes,Yes,Yes,Two year,No,Credit card (automatic),59.95,3921.1,No,2,17,47.96,Sfax
Female,0,Yes,Yes,72,Yes,No,No,No internet service,No internet service,No internet service,No internet service,No internet service,Two year,No,Bank transfer (automatic),19.55,1463.45,No,3,6,26.5,Ben Arous
Male,0,Yes,No,10,Yes,No,No,No internet service,No internet service,No internet service,No internet service,No internet service,One year,No,Bank transfer (automatic),19.6,189.45,No,3,10,67.97,Kebili
Female,0,No,Yes,7,Yes,No,No,No internet service,No internet service,No internet service,No internet service,No internet service,One year,No,Mailed check,20.05,96.8,No,3,30,74.53,Siliana
Male,1,No,No,5,Yes,No,Fiber optic,No,Yes,No,No,Yes,Month-to-month,Yes,Electronic check,85.55,408.5,No,4,19,85.8,Jendouba
Female,0,Yes,Yes,24,Yes,Yes,DSL,Yes,No,Yes,Yes,Yes,Two year,No,Credit card (automatic),78.6,1846.65,No,0,29,56.35,Kasserine
Female,0,Yes,Yes,72,Yes,Yes,Fiber optic,Yes,Yes,Yes,Yes,Yes,Two year,Yes,Credit card (automatic),116.8,8456.75,No,3,24,29.64,Manouba
Male,0,No,No,21,No,No phone service,DSL,Yes,No,No,Yes,No,Month-to-month,Yes,Mailed check,43.55,1011.5,No,3,7,113.25,Sousse
Male,0,Yes,No,69,No,No phone service,DSL,No,Yes,Yes,Yes,Yes,One year,Yes,Credit card (automatic),60.8,4263.4,No,3,15,121.86,Nabeul
Male,0,Yes,Yes,44,Yes,No,DSL,No,Yes,No,No,No,Month-to-month,Yes,Bank transfer (automatic),54.9,2549.1,No,0,8,136.71,Ben Arous
Female,1,Yes,Yes,61,Yes,Yes,DSL,No,No,Yes,Yes,No,One year,Yes,Electronic check,65.2,3965.05,No,3,28,111.09,Nabeul
Male,1,No,No,24,Yes,Yes,Fiber optic,No,Yes,Yes,Yes,Yes,Month-to-month,Yes,Credit card (automatic),102.95,2496.7,Yes,4,0,20.57,Ariana
Female,0,No,No,1,Yes,No,Fiber optic,No,No,No,Yes,Yes,Month-to-month,No,Electronic check,90.6,90.6,Yes,5,0,28.84,Sfax
Female,0,No,No,6,Yes,No,DSL,No,No,No,No,No,Month-to-month,Yes,Bank transfer (automatic),50.8,288.05,Yes,5,3,32.05,Sousse
Male,0,No,No,4,Yes,Yes,Fiber optic,No,Yes,No,No,Yes,Month-to-month,Yes,Electronic check,90.05,368.1,Yes,10,1,12.79,Monastir
Male,0,Yes,No,72,Yes,Yes,Fiber optic,No,Yes,Yes,Yes,Yes,Two year,Yes,Electronic check,108.2,7840.6,No,4,13,26.19,Siliana
Male,0,No,No,72,Yes,Yes,DSL,Yes,Yes,Yes,Yes,Yes,Two year,No,Bank transfer (automatic),92.0,6632.75,No,4,27,116.92,Bizerte
Male,1,Yes,No,14,Yes,Yes,Fiber optic,No,No,No,No,No,Month-to-month,Yes,Electronic check,75.1,1013.35,No,2,5,114.77,Manouba
Male,0,No,No,7,Yes,Yes,No,No internet service,No internet service,No internet service,No internet service,No internet service,Month-to-month,Yes,Bank transfer (automatic),25.05,152.95,No,4,13,149.13,Sfax
Female,0,No,No,48,Yes,No,Fiber optic,No,Yes,No,No,No,One year,No,Electronic check,75.15,3772.65,No,2,23,126.15,Tunis
Male,0,Yes,Yes,55,Yes,No,No,No internet service,No internet service,No internet service,No internet service,No internet service,One year,No,Mailed check,19.5,1026.35,No,0,7,127.91,Tunis
Male,0,No,No,1,Yes,No,No,No internet service,No internet service,No internet service,No internet service,No internet service,Month-to-month,No,Credit card (automatic),19.3,19.3,No,3,20,138.49,Mahdia
Male,0,No,No,45,Yes,No,Fiber optic,Yes,Yes,Yes,Yes,Yes,One year,No,Credit card (automatic),112.2,5031.85,No,2,24,61.08,Tunis
Male,0,No,No,3,Yes,No,Fiber optic,No,No,No,No,No,Month-to-month,Yes,Mailed check,70.3,220.4,No,0,26,145.13,Monastir
Female,0,Yes,No,71,Yes,No,No,No internet service,No internet service,No internet service,No internet service,No internet service,Two year,No,Mailed check,19.6,1416.5,No,2,11,125.47,Tunis
Male,0,Yes,No,8,Yes,No,No,No internet service,No internet service,No internet service,No internet service,No internet service,Month-to-month,No,Mailed check,20.25,158.35,No,2,5,54.5,Kasserine
Female,0,Yes,No,3,Yes,Yes,Fiber optic,No,No,No,No,No,Month-to-month,Yes,Electronic check,75.85,256.6,Yes,7,0,38.39,Nabeul
Male,0,Yes,Yes,69,Yes,No,DSL,Yes,Yes,No,Yes,Yes,Two year,No,Bank transfer (automatic),80.65,5542.55,No,2,20,130.4,Kebili
Male,0,Yes,Yes,1,Yes,No,Fiber optic,No,No,No,No,No,Month-to-month,Yes,Electronic check,68.5,68.5,Yes,6,3,4.96,Monastir
Female,1,Yes,No,72,Yes,Yes,Fiber optic,Yes,Yes,Yes,Yes,Yes,Two year,Yes,Credit card (automatic),115.75,8443.7,No,4,9,38.81,Mahdia
Male,0,No,No,11,Yes,No,Fiber optic,Yes,No,No,No,No,Month-to-month,Yes,Electronic check,73.5,791.75,Yes,10,3,12.08,Bizerte
Male,0,No,No,71,Yes,Yes,DSL,Yes,Yes,Yes,No,Yes,Two year,No,Bank transfer (automatic),80.6,5708.2,No,4,7,128.12,Mahdia
Female,0,No,No,1,Yes,No,Fiber optic,No,No,No,No,No,Month-to-month,Yes,Mailed check,69.95,69.95,Yes,5,1,40.83,Mahdia
Female,0,Yes,No,33,No,No phone service,DSL,Yes,No,Yes,Yes,Yes,Two year,No,Bank transfer (automatic),59.55,2016.3,No,4,10,50.78,Nabeul
Female,0,No,No,16,Yes,No,No,No internet service,No internet service,No internet service,No internet service,No internet service,One year,No,Mailed check,19.05,326.65,No,3,29,55.15,Manouba
Female,1,Yes,No,56,Yes,Yes,Fiber optic,Yes,Yes,Yes,No,No,One year,No,Electronic check,95.65,5471.75,No,4,21,114.65,Gabès
Female,0,No,No,1,Yes,No,No,No internet service,No internet service,No internet service,No internet service,No internet service,Month-to-month,No,Credit card (automatic),19.95,19.95,No,2,5,53.28,Gabès
Male,0,No,No,5,Yes,No,DSL,No,No,Yes,Yes,Yes,Month-to-month,Yes,Electronic check,70.05,346.4,Yes,6,4,31.11,Kairouan
Male,0,Yes,Yes,57,Yes,No,No,No internet service,No internet service,No internet service,No internet service,No internet service,One year,No,Mailed check,19.4,1061.6,No,3,10,32.53,Sousse
Male,0,Yes,Yes,56,No,No phone service,DSL,No,Yes,Yes,No,No,One year,Yes,Credit card (automatic),36.1,1971.5,No,3,28,17.71,Tunis
Male,0,No,No,8,Yes,Yes,Fiber optic,No,Yes,Yes,Yes,No,Month-to-month,Yes,Electronic check,94.0,773.65,Yes,9,2,12.01,Kebili
Female,0,Yes,Yes,22,Yes,No,DSL,Yes,Yes,Yes,No,No,Month-to-month,No,Mailed check,61.15,1422.05,Yes,9,2,1.98,Jendouba
Female,0,No,No,1,Yes,No,No,No internet service,No internet service,No internet service,No internet service,No internet service,Month-to-month,No,Mailed check,19.75,19.75,No,2,7,119.71,Kairouan
Female,0,No,Yes,40,Yes,No,DSL,Yes,No,No,Yes,No,Month-to-month,Yes,Credit card (automatic),64.1,2460.35,No,3,15,82.86,Nabeul
Male,0,Yes,Yes,46,Yes,No,No,No internet service,No internet service,No internet service,No internet service,No internet service,Two year,No,Credit card (automatic),19.75,856.5,No,1,21,29.1,Tunis
Male,0,Yes,Yes,63,Yes,No,No,No internet service,No internet service,No internet service,No internet service,No internet service,Two year,No,Mailed check,19.7,1275.85,No,4,26,134.22,Ben Arous
Male,0,Yes,Yes,68,Yes,Yes,Fiber optic,Yes,Yes,Yes,Yes,Yes,Two year,Yes,Electronic check,110.2,7467.5,No,1,21,80.13,Nabeul
Male,0,Yes,Yes,69,Yes,No,Fiber optic,Yes,Yes,No,Yes,Yes,Two year,Yes,Credit card (automatic),106.35,7261.75,No,2,30,122.34,Sfax
Female,0,Yes,No,56,Yes,Yes,Fiber optic,No,Yes,Yes,No,No,Month-to-month,No,Electronic check,90.55,5116.6,No,3,13,37.33,Monastir
Female,0,Yes,Yes,10,Yes,No,DSL,No,Yes,Yes,No,Yes,One year,Yes,Mailed check,65.9,660.05,No,4,10,46.95,Médiénine
Male,0,No,No,63,Yes,Yes,Fiber optic,Yes,Yes,Yes,Yes,No,One year,No,Credit card (automatic),104.5,6590.8,No,0,24,35.26,Tunis
Female,0,Yes,Yes,24,No,No phone service,DSL,Yes,Yes,Yes,No,Yes,Two year,Yes,Mailed check,52.5,1208.15,No,3,5,81.32,Sousse
Female,0,No,No,19,Yes,Yes,DSL,No,No,Yes,No,No,Month-to-month,Yes,Mailed check,56.1,1033.9,No,0,27,33.21,Bizerte
Male,0,Yes,Yes,22,Yes,Yes,Fiber optic,No,No,Yes,Yes,No,Month-to-month,Yes,Electronic check,88.75,1885.15,No,3,18,68.93,Gafsa
Male,0,Yes,No,29,Yes,Yes,Fiber optic,Yes,Yes,No,No,No,Month-to-month,Yes,Electronic check,84.45,2467.1,Yes,9,0,17.88,Sidi Bouzid
Male,0,Yes,No,13,Yes,Yes,DSL,No,No,Yes,Yes,Yes,One year,Yes,Mailed check,75.3,989.45,Yes,6,3,41.03,Gabès
Female,0,Yes,No,70,Yes,Yes,No,No internet service,No internet service,No internet service,No internet service,No internet service,Two year,Yes,Bank transfer (automatic),26.0,2006.95,No,4,18,36.34,Bizerte
Female,0,Yes,No,49,Yes,No,Fiber optic,No,Yes,Yes,Yes,Yes,Month-to-month,No,Electronic check,99.4,5025.0,No,0,11,144.7,Tunis
Female,1,Yes,No,43,Yes,Yes,Fiber optic,Yes,No,Yes,Yes,Yes,One year,Yes,Mailed check,109.55,4830.25,Yes,7,2,45.99,Kef
Female,0,No,No,3,Yes,No,No,No internet service,No internet service,No internet service,No internet service,No internet service,Month-to-month,Yes,Mailed check,19.6,59.75,Yes,10,2,39.17,Sfax
Male,0,Yes,Yes,42,Yes,No,DSL,No,No,Yes,Yes,Yes,One year,No,Electronic check,73.15,3088.25,No,4,5,109.91,Kasserine
Male,0,No,No,57,Yes,No,DSL,No,Yes,No,No,No,One year,Yes,Mailed check,54.65,3134.7,No,2,11,96.17,Kairouan
Male,1,No,No,2,Yes,No,DSL,Yes,No,Yes,Yes,No,Month-to-month,No,Bank transfer (automatic),66.4,94.55,Yes,4,1,45.09,Gabès
Female,0,Yes,No,72,Yes,Yes,Fiber optic,Yes,Yes,Yes,Yes,Yes,Two year,Yes,Credit card (automatic),115.55,8312.4,No,0,28,76.46,Béja
Female,1,No,No,46,Yes,Yes,Fiber optic,No,Yes,Yes,Yes,Yes,Month-to-month,Yes,Electronic check,104.45,4863.85,No,1,23,93.53,Tunis
Male,1,Yes,No,66,Yes,Yes,Fiber optic,No,No,No,Yes,Yes,Month-to-month,Yes,Credit card (automatic),100.05,6871.9,Yes,4,2,29.15,Manouba
Male,0,No,No,62,Yes,Yes,Fiber optic,Yes,Yes,No,No,Yes,One year,No,Electronic check,102.0,6529.25,Yes,4,2,33.55,Nabeul
Female,0,Yes,No,72,Yes,Yes,DSL,Yes,Yes,Yes,Yes,Yes,Two year,Yes,Bank transfer (automatic),91.15,6637.9,No,0,15,121.96,Kef
Male,0,Yes,Yes,35,Yes,No,Fiber optic,No,Yes,No,Yes,No,One year,Yes,Electronic check,89.7,3165.6,No,2,15,80.34,Kef
Male,0,Yes,No,17,Yes,Yes,Fiber optic,Yes,Yes,Yes,No,No,Month-to-month,No,Credit card (automatic),90.2,1454.15,Yes,8,3,29.2,Kasserine
Female,0,Yes,No,72,Yes,Yes,DSL,Yes,Yes,Yes,Yes,Yes,Two year,Yes,Electronic check,92.4,6786.1,No,2,11,132.71,Bizerte
Female,0,Yes,Yes,28,Yes,No,No,No internet service,No internet service,No internet service,No internet service,No internet service,One year,No,Mailed check,19.9,543.0,No,1,25,110.68,Ben Arous
Male,0,Yes,No,56,Yes,Yes,No,No internet service,No internet service,No internet service,No internet service,No internet service,Two year,Yes,Credit card (automatic),25.15,1327.15,Yes,7,0,30.84,Tunis
Female,0,No,No,31,Yes,Yes,Fiber optic,No,No,No,No,No,Month-to-month,Yes,Credit card (automatic),79.85,2404.15,Yes,5,5,46.88,Kasserine
Male,0,No,No,45,Yes,No,No,No internet service,No internet service,No internet service,No internet service,No internet service,One year,No,Bank transfer (automatic),18.85,867.3,No,2,23,16.59,Sousse
Female,0,No,No,1,Yes,Yes,No,No internet service,No internet service,No internet service,No internet service,No internet service,Month-to-month,Yes,Mailed check,25.75,25.75,No,2,27,100.61,Kairouan
Female,0,No,No,2,Yes,No,DSL,No,Yes,No,No,No,Month-to-month,Yes,Mailed check,49.6,114.7,Yes,4,1,31.96,Monastir
Female,0,No,No,6,Yes,No,No,No internet service,No internet service,No internet service,No internet service,No internet service,Month-to-month,Yes,Mailed check,20.95,109.5,No,3,14,43.88,Tunis
Female,0,Yes,No,48,Yes,No,Fiber optic,No,Yes,Yes,Yes,Yes,One year,Yes,Electronic check,97.05,4692.95,No,3,13,81.71,Sousse
Male,0,Yes,Yes,25,Yes,Yes,No,No internet service,No internet service,No internet service,No internet service,No internet service,Month-to-month,Yes,Bank transfer (automatic),25.4,546.85,No,3,6,90.81,Siliana
Male,0,Yes,Yes,64,Yes,No,No,No internet service,No internet service,No internet service,No internet service,No internet service,Two year,Yes,Bank transfer (automatic),19.7,1274.05,No,3,14,140.14,Bizerte
Male,0,No,No,50,No,No phone service,DSL,Yes,Yes,No,No,No,Month-to-month,Yes,Mailed check,35.0,1782.4,No,4,5,75.25,Kairouan
Female,0,Yes,Yes,52,Yes,Yes,Fiber optic,No,No,Yes,Yes,Yes,One year,No,Bank transfer (automatic),101.25,5301.1,No,1,6,123.75,Kairouan
Male,1,Yes,No,4,Yes,No,Fiber optic,No,No,No,No,No,Month-to-month,Yes,Electronic check,70.2,280.35,No,4,5,130.63,Kef
Female,1,No,No,32,Yes,No,Fiber optic,No,No,No,Yes,Yes,Month-to-month,No,Electronic check,90.95,2897.95,No,3,14,120.75,Sousse
Male,0,Yes,Yes,45,Yes,Yes,DSL,Yes,Yes,No,Yes,No,Two year,No,Credit card (automatic),73.85,3371.0,No,4,29,45.68,Jendouba
Male,0,Yes,No,9,Yes,Yes,Fiber optic,Yes,No,No,No,Yes,Month-to-month,Yes,Electronic check,88.05,801.3,No,2,6,134.42,Sfax
Female,1,Yes,No,66,Yes,Yes,Fiber optic,No,No,Yes,Yes,Yes,One year,Yes,Credit card (automatic),105.95,6975.25,Yes,7,5,29.27,Ariana
Male,0,No,Yes,3,Yes,Yes,Fiber optic,No,No,Yes,No,Yes,Month-to-month,No,Electronic check,91.85,257.05,Yes,5,2,5.99,Tunis
Female,0,No,No,54,Yes,No,No,No internet service,No internet service,No internet service,No internet service,No internet service,Two year,No,Mailed check,20.1,1079.45,No,4,23,142.29,Kairouan
Female,0,Yes,Yes,1,No,No phone service,DSL,No,No,No,Yes,No,Month-to-month,No,Electronic check,40.1,40.1,Yes,6,0,18.28,Médiénine
Female,0,Yes,Yes,64,Yes,Yes,Fiber optic,Yes,Yes,No,Yes,Yes,Two year,No,Bank transfer (automatic),110.3,6997.3,No,4,28,69.17,Kairouan
Female,1,No,No,31,Yes,Yes,Fiber optic,No,No,No,No,No,Month-to-month,Yes,Electronic check,73.9,2217.15,Yes,6,2,19.55,Sidi Bouzid
Female,0,No,No,14,Yes,No,Fiber optic,No,No,No,Yes,Yes,Month-to-month,Yes,Mailed check,89.8,1129.1,Yes,7,1,45.36,Sousse
Female,0,No,No,12,Yes,No,Fiber optic,Yes,No,No,Yes,No,One year,Yes,Credit card (automatic),85.15,979.05,No,3,14,86.58,Kasserine
Male,1,Yes,No,67,Yes,No,DSL,Yes,Yes,No,No,No,One year,Yes,Bank transfer (automatic),60.95,4119.4,No,1,23,98.24,Kasserine
Female,0,Yes,Yes,35,Yes,Yes,DSL,Yes,No,Yes,Yes,No,Month-to-month,No,Electronic check,72.25,2568.55,Yes,6,0,8.52,Kairouan
Female,0,No,No,45,Yes,Yes,DSL,Yes,No,No,No,Yes,Two year,No,Mailed check,73.55,3349.1,No,1,21,84.17,Tataouine
Male,0,No,No,10,Yes,No,DSL,No,No,No,No,No,Month-to-month,No,Mailed check,46.0,492.1,No,3,13,116.08,Gafsa
Female,1,No,No,29,Yes,Yes,DSL,Yes,Yes,No,No,No,Month-to-month,Yes,Bank transfer (automatic),58.55,1718.95,No,2,23,110.99,Ben Arous
Female,0,No,No,24,Yes,Yes,No,No internet service,No internet service,No internet service,No internet service,No internet service,One year,No,Bank transfer (automatic),24.6,605.25,No,3,20,112.77,Monastir
Male,0,Yes,Yes,66,Yes,No,No,No internet service,No internet service,No internet service,No internet service,No internet service,Two year,Yes,Mailed check,19.75,1344.5,No,2,6,21.92,Gafsa
Male,0,No,No,51,Yes,No,Fiber optic,Yes,No,No,Yes,No,One year,No,Mailed check,86.35,4267.15,No,0,5,100.36,Tunis
Female,0,Yes,No,45,Yes,Yes,No,No internet service,No internet service,No internet service,No internet service,No internet service,Two year,No,Mailed check,25.5,1121.05,No,4,11,93.46,Bizerte
Female,0,Yes,No,49,Yes,No,No,No internet service,No internet service,No internet service,No internet service,No internet service,One year,No,Credit card (automatic),19.0,918.7,No,4,24,22.54,Tunis
Female,0,Yes,No,29,Yes,No,No,No internet service,No internet service,No internet service,No internet service,No internet service,Two year,Yes,Mailed check,19.55,521.8,No,0,12,18.08,Kairouan
Male,0,Yes,Yes,40,Yes,Yes,Fiber optic,Yes,Yes,No,Yes,Yes,Month-to-month,Yes,Credit card (automatic),110.1,4469.1,No,0,16,85.92,Médiénine
Female,1,No,No,37,Yes,Yes,Fiber optic,No,No,No,Yes,Yes,Month-to-month,Yes,Electronic check,96.55,3580.3,Yes,8,3,25.79,Kairouan
Male,0,No,No,25,Yes,No,Fiber optic,No,No,No,No,No,Month-to-month,No,Electronic check,69.75,1729.35,No,2,21,55.93,Nabeul
Female,0,No,No,22,No,No phone service,DSL,No,No,Yes,Yes,Yes,Month-to-month,Yes,Electronic check,50.6,1073.3,No,2,18,137.62,Sousse
Male,0,No,No,72,No,No phone service,DSL,Yes,Yes,Yes,Yes,Yes,Two year,Yes,Bank transfer (automatic),65.6,4566.5,No,4,7,146.56,Tunis
Female,0,No,No,7,No,No phone service,DSL,No,Yes,No,No,Yes,Month-to-month,Yes,Credit card (automatic),40.1,293.3,Yes,7,1,31.75,Jendouba
Male,0,Yes,Yes,33,Yes,No,DSL,No,Yes,Yes,Yes,Yes,Two year,No,Credit card (automatic),82.1,2603.1,No,1,29,139.02,Ariana
Female,0,No,No,23,Yes,No,Fiber optic,No,Yes,No,No,No,Month-to-month,Yes,Mailed check,79.1,1783.75,No,2,8,35.0,Kebili
Male,1,No,No,24,Yes,Yes,Fiber optic,No,Yes,No,Yes,Yes,Month-to-month,Yes,Electronic check,101.25,2440.15,Yes,6,5,19.88,Bizerte
Female,0,No,No,1,Yes,No,Fiber optic,No,No,No,Yes,No,Month-to-month,No,Electronic check,79.55,79.55,Yes,8,3,48.84,Jendouba
Male,0,No,No,69,Yes,Yes,DSL,Yes,Yes,Yes,Yes,Yes,Two year,No,Mailed check,90.65,6322.1,No,3,9,129.74,Sfax
Female,0,No,Yes,3,Yes,No,No,No internet service,No internet service,No internet service,No internet service,No internet service,One year,Yes,Credit card (automatic),20.55,57.4,No,0,6,18.84,Jendouba
Male,0,No,No,56,Yes,No,DSL,No,Yes,No,Yes,Yes,One year,Yes,Bank transfer (automatic),75.75,4284.65,No,4,20,119.97,Manouba
Male,0,No,No,65,Yes,Yes,Fiber optic,Yes,No,Yes,Yes,Yes,One year,Yes,Credit card (automatic),110.0,7138.65,No,3,6,24.62,Ben Arous
Male,0,Yes,No,71,Yes,No,No,No internet service,No internet service,No internet service,No internet service,No internet service,One year,No,Electronic check,20.85,1539.75,No,0,9,133.09,Sousse
Female,1,No,No,14,Yes,Yes,Fiber optic,No,No,Yes,No,No,Month-to-month,Yes,Bank transfer (automatic),80.35,1058.1,No,4,10,58.01,Kasserine
Female,0,No,No,2,Yes,No,Fiber optic,No,No,No,No,No,Month-to-month,Yes,Electronic check,70.15,123.8,No,3,23,52.76,Bizerte
Female,0,No,No,32,Yes,Yes,Fiber optic,No,No,No,Yes,No,One year,No,Electronic check,84.05,2781.85,Yes,6,2,11.38,Kairouan
Male,0,No,No,40,Yes,No,DSL,Yes,No,Yes,No,Yes,Month-to-month,No,Electronic check,67.45,2731.0,No,0,5,129.91,Béja
Male,0,No,No,1,Yes,No,No,No internet service,No internet service,No internet service,No internet service,No internet service,Month-to-month,No,Credit card (automatic),20.75,20.75,No,3,5,86.5,Ben Arous
Male,0,No,No,1,Yes,No,Fiber optic,No,No,No,Yes,Yes,Month-to-month,Yes,Electronic check,89.1,89.1,Yes,10,0,1.76,Kairouan
Female,0,No,No,7,Yes,No,Fiber optic,No,No,No,No,No,Month-to-month,Yes,Mailed check,69.9,497.3,No,4,18,131.61,Tunis
Female,0,Yes,No,15,Yes,Yes,DSL,No,No,No,No,No,Month-to-month,Yes,Electronic check,51.1,711.15,No,4,22,59.67,Monastir
Female,0,Yes,Yes,17,Yes,Yes,Fiber optic,Yes,No,Yes,Yes,No,Month-to-month,No,Electronic check,94.4,1607.2,Yes,4,2,14.38,Tunis
Male,0,No,No,19,Yes,No,Fiber optic,No,Yes,Yes,No,No,Month-to-month,Yes,Electronic check,78.25,1490.95,Yes,9,5,9.67,Ariana
Male,0,No,No,71,Yes,Yes,No,No internet service,No internet service,No internet service,No internet service,No internet service,Two year,No,Bank transfer (automatic),25.55,1898.1,No,1,22,134.87,Sfax
Female,0,Yes,Yes,54,Yes,Yes,DSL,Yes,No,No,No,No,Two year,No,Bank transfer (automatic),60.0,3273.95,No,0,5,133.97,Médiénine
Male,0,Yes,No,31,Yes,Yes,Fiber optic,Yes,Yes,No,No,No,Month-to-month,Yes,Credit card (automatic),90.55,2929.75,No,3,23,72.3,Sfax
Female,0,No,No,11,Yes,No,Fiber optic,Yes,No,No,No,No,Month-to-month,No,Electronic check,76.4,838.7,No,0,6,78.65,Gabès
Female,1,No,No,18,Yes,No,Fiber optic,No,No,Yes,No,Yes,Month-to-month,Yes,Electronic check,84.95,1443.65,No,1,19,134.86,Ariana
Female,1,No,No,72,Yes,Yes,Fiber optic,Yes,Yes,No,Yes,Yes,Two year,Yes,Bank transfer (automatic),110.1,7746.7,No,2,18,47.7,Nabeul
Female,1,No,No,71,Yes,Yes,Fiber optic,No,Yes,No,Yes,Yes,Month-to-month,Yes,Credit card (automatic),99.65,6951.15,No,2,15,71.02,Sfax
Male,1,No,No,5,No,No phone service,DSL,No,No,Yes,Yes,No,Month-to-month,No,Credit card (automatic),45.4,214.75,No,2,12,118.57,Bizerte
Male,0,Yes,No,38,Yes,Yes,DSL,No,No,Yes,No,Yes,One year,No,Credit card (automatic),69.0,2669.45,No,4,5,21.68,Bizerte
Male,0,No,Yes,5,Yes,No,DSL,No,No,No,No,No,Month-to-month,Yes,Bank transfer (automatic),48.65,235.2,No,0,20,148.97,Ariana
Male,1,No,No,2,Yes,No,DSL,No,No,No,No,No,Month-to-month,Yes,Electronic check,44.15,92.65,Yes,6,1,6.9,Kairouan
Female,1,No,No,52,Yes,Yes,DSL,Yes,No,Yes,No,No,Two year,No,Bank transfer (automatic),59.85,3103.25,No,4,13,16.94,Gafsa
Female,1,No,No,8,Yes,Yes,Fiber optic,No,No,No,No,No,Month-to-month,Yes,Electronic check,75.75,606.25,Yes,7,0,6.76,Sfax
Female,0,No,No,68,Yes,Yes,DSL,No,Yes,Yes,Yes,Yes,Two year,Yes,Electronic check,80.65,5330.2,No,2,15,19.87,Ariana
Male,0,Yes,Yes,69,Yes,No,No,No internet service,No internet service,No internet service,No internet service,No internet service,One year,Yes,Credit card (automatic),20.55,1403.1,No,3,30,15.35,Ben Arous
Female,0,Yes,No,42,Yes,Yes,DSL,Yes,Yes,No,No,No,Month-to-month,Yes,Credit card (automatic),66.4,2727.8,No,0,15,58.58,Nabeul
Female,0,No,No,50,Yes,No,Fiber optic,No,Yes,No,Yes,Yes,Two year,Yes,Mailed check,100.2,5038.45,No,4,7,40.53,Gabès
Female,0,No,No,1,Yes,No,No,No internet service,No internet service,No internet service,No internet service,No internet service,Month-to-month,Yes,Mailed check,19.1,19.1,Yes,4,5,16.7,Bizerte
Male,1,Yes,No,1,Yes,Yes,Fiber optic,Yes,No,No,No,No,Month-to-month,Yes,Electronic check,80.3,80.3,Yes,10,0,45.98,Sfax
Male,0,Yes,No,33,Yes,No,DSL,No,No,No,No,No,Month-to-month,Yes,Credit card (automatic),44.55,1462.6,No,1,29,130.92,Tozeur
Female,0,No,No,7,Yes,No,No,No internet service,No internet service,No internet service,No internet service,No internet service,Month-to-month,No,Mailed check,20.35,150.6,No,2,21,135.58,Tataouine
Male,0,Yes,Yes,64,Yes,Yes,Fiber optic,Yes,Yes,Yes,No,No,Month-to-month,Yes,Electronic check,91.8,5960.5,No,0,11,126.21,Zaghouan
Female,0,No,No,1,Yes,No,Fiber optic,No,No,Yes,No,No,Month-to-month,Yes,Electronic check,74.9,74.9,Yes,8,5,27.93,Zaghouan
Male,0,No,No,59,Yes,No,No,No internet service,No internet service,No internet service,No internet service,No internet service,Two year,Yes,Bank transfer (automatic),20.2,1192.3,No,3,30,98.58,Kasserine
Female,0,Yes,No,6,Yes,Yes,DSL,No,No,No,No,No,Month-to-month,No,Electronic check,50.35,314.55,No,3,6,82.77,Kasserine
Female,0,No,No,3,Yes,No,No,No internet service,No internet service,No internet service,No internet service,No internet service,Month-to-month,No,Mailed check,18.8,56.0,No,3,11,24.12,Gabès
Female,0,Yes,No,15,Yes,No,No,No internet service,No internet service,No internet service,No internet service,No internet service,Month-to-month,No,Credit card (automatic),20.45,330.8,No,2,28,21.41,Tozeur
Male,0,Yes,Yes,13,Yes,No,DSL,No,No,No,Yes,Yes,One year,Yes,Electronic check,64.75,877.35,No,0,28,54.31,Nabeul
Female,0,No,No,23,Yes,Yes,Fiber optic,No,Yes,No,Yes,Yes,Month-to-month,Yes,Credit card (automatic),98.7,2249.1,No,0,22,106.44,Bizerte
Male,1,Yes,No,31,Yes,Yes,Fiber optic,Yes,No,No,Yes,No,Month-to-month,No,Electronic check,89.45,2807.65,No,1,8,34.55,Manouba
Male,0,No,No,29,Yes,No,DSL,Yes,Yes,No,No,No,One year,Yes,Electronic check,58.75,1696.2,No,1,12,22.44,Béja
Female,0,Yes,No,49,Yes,No,No,No internet service,No internet service,No internet service,No internet service,No internet service,One year,No,Credit card (automatic),20.7,1032.05,No,3,9,68.15,Kef
Female,0,Yes,No,56,Yes,Yes,Fiber optic,No,No,No,Yes,No,Month-to-month,Yes,Bank transfer (automatic),85.6,4902.8,No,1,30,44.26,Zaghouan
Female,0,No,No,63,Yes,Yes,DSL,Yes,Yes,Yes,No,Yes,Two year,Yes,Credit card (automatic),80.3,4995.35,No,0,25,66.54,Sfax
Male,0,Yes,No,63,Yes,Yes,DSL,No,No,Yes,Yes,Yes,Two year,No,Credit card (automatic),79.8,5034.05,No,3,10,95.5,Sfax
Male,1,Yes,Yes,24,Yes,Yes,Fiber optic,Yes,No,No,No,No,Month-to-month,Yes,Electronic check,79.85,1857.75,No,0,30,42.14,Gafsa
Male,1,Yes,No,36,Yes,No,DSL,No,No,Yes,No,No,One year,No,Credit card (automatic),54.1,1992.85,No,4,22,99.4,Sousse
Female,1,No,No,9,Yes,No,Fiber optic,No,No,No,Yes,No,Month-to-month,Yes,Electronic check,80.85,751.65,Yes,7,5,5.27,Tunis
Male,0,No,No,3,No,No phone service,DSL,No,No,No,No,No,Month-to-month,No,Electronic check,24.75,66.95,Yes,7,5,22.81,Gabès
Female,0,Yes,No,21,Yes,No,DSL,Yes,No,Yes,Yes,Yes,One year,No,Mailed check,80.9,1714.95,No,3,16,72.95,Ariana
Male,0,Yes,Yes,13,Yes,Yes,No,No internet service,No internet service,No internet service,No internet service,No internet service,One year,No,Bank transfer (automatic),24.5,343.6,No,4,10,129.48,Sousse
Male,0,Yes,Yes,1,Yes,No,No,No internet service,No internet service,No internet service,No internet service,No internet service,Month-to-month,Yes,Bank transfer (automatic),20.15,20.15,No,1,25,149.5,Gabès
Female,0,Yes,Yes,25,Yes,No,No,No internet service,No internet service,No internet service,No internet service,No internet service,One year,No,Mailed check,20.05,520.1,No,0,20,146.99,Jendouba
Male,0,Yes,Yes,71,Yes,No,No,No internet service,No internet service,No internet service,No internet service,No internet service,Two year,Yes,Bank transfer (automatic),19.6,1387.45,No,3,5,17.37,Kairouan
Male,0,No,No,66,Yes,Yes,Fiber optic,Yes,Yes,Yes,Yes,Yes,One year,Yes,Bank transfer (automatic),114.3,7383.7,No,0,16,18.53,Gafsa
Female,0,No,No,45,Yes,No,Fiber optic,Yes,Yes,No,Yes,Yes,One year,Yes,Electronic check,100.3,4483.95,No,4,25,133.48,Tunis
Female,0,Yes,No,22,Yes,No,Fiber optic,No,No,No,Yes,No,Month-to-month,Yes,Credit card (automatic),80.0,1706.45,No,3,8,14.81,Jendouba
Female,0,Yes,No,67,Yes,No,No,No internet service,No internet service,No internet service,No internet service,No internet service,One year,Yes,Bank transfer (automatic),20.85,1327.4,No,3,15,49.41,Sfax
Female,0,Yes,No,68,Yes,Yes,Fiber optic,No,No,Yes,Yes,No,Two year,Yes,Bank transfer (automatic),89.95,5974.3,No,1,9,139.18,Ariana
Female,0,Yes,Yes,0,Yes,No,No,No internet service,No internet service,No internet service,No internet service,No internet service,Two year,No,Mailed check,20.0,1397.475,No,1,18,49.92,Tunis
Female,1,No,No,49,Yes,Yes,Fiber optic,No,No,Yes,No,Yes,Month-to-month,Yes,Credit card (automatic),90.85,4515.85,Yes,10,0,1.31,Kasserine
Female,1,No,No,4,Yes,Yes,DSL,No,No,No,No,No,Month-to-month,No,Mailed check,48.75,179.85,No,3,27,27.92,Gafsa
Male,0,Yes,No,63,Yes,Yes,DSL,Yes,Yes,Yes,No,Yes,One year,No,Credit card (automatic),80.0,5040.2,No,0,30,39.74,Bizerte
Female,0,Yes,No,2,Yes,No,Fiber optic,No,Yes,Yes,No,No,Month-to-month,No,Bank transfer (automatic),79.7,165.0,Yes,7,4,22.76,Ariana
Male,0,No,No,21,Yes,No,No,No internet service,No internet service,No internet service,No internet service,No internet service,One year,Yes,Mailed check,20.35,422.7,No,0,23,38.95,Kairouan
Male,0,Yes,Yes,55,Yes,No,DSL,Yes,Yes,No,No,No,Two year,No,Bank transfer (automatic),57.55,3046.4,Yes,9,5,14.51,Bizerte
Male,0,No,Yes,1,Yes,No,No,No internet service,No internet service,No internet service,No internet service,No internet service,Month-to-month,Yes,Mailed check,20.25,20.25,No,2,15,102.65,Kebili
Female,0,No,No,17,Yes,No,No,No internet service,No internet service,No internet service,No internet service,No internet service,Two year,No,Mailed check,19.4,358.05,No,1,27,12.04,Tunis
Male,0,No,No,30,Yes,Yes,Fiber optic,Yes,No,No,Yes,Yes,Month-to-month,Yes,Bank transfer (automatic),100.4,2936.25,No,0,26,52.54,Ariana
Male,0,Yes,Yes,22,Yes,No,DSL,Yes,Yes,No,No,No,Month-to-month,Yes,Mailed check,57.95,1271.8,No,3,26,56.59,Sousse
Female,0,No,No,9,Yes,No,DSL,No,No,No,Yes,No,Month-to-month,Yes,Bank transfer (automatic),59.5,530.05,No,1,13,91.13,Gafsa
Male,0,Yes,Yes,1,Yes,No,No,No internet service,No internet service,No internet service,No internet service,No internet service,Month-to-month,No,Mailed check,19.2,19.2,No,3,6,120.86,Tunis
Female,0,Yes,No,21,Yes,Yes,Fiber optic,No,No,No,No,Yes,Month-to-month,Yes,Electronic check,86.5,1808.7,Yes,7,5,27.99,Gabès
Male,0,No,No,19,Yes,Yes,DSL,No,No,Yes,No,No,Month-to-month,No,Electronic check,59.55,1144.6,No,3,20,28.22,Ariana
Female,0,Yes,Yes,69,Yes,Yes,Fiber optic,No,Yes,Yes,Yes,Yes,Month-to-month,Yes,Electronic check,103.95,7446.9,Yes,4,0,26.07,Sfax
Male,1,No,No,1,No,No phone service,DSL,No,No,No,No,No,Month-to-month,Yes,Electronic check,25.1,25.1,Yes,9,4,6.87,Bizerte
Female,0,Yes,No,72,Yes,Yes,Fiber optic,Yes,Yes,Yes,Yes,No,Two year,Yes,Bank transfer (automatic),103.95,7556.9,No,3,16,113.92,Tunis
Male,0,Yes,Yes,70,Yes,Yes,DSL,Yes,No,Yes,Yes,No,Two year,No,Credit card (automatic),68.95,4858.7,No,1,12,34.56,Sfax
Female,0,No,No,66,Yes,Yes,Fiber optic,Yes,Yes,Yes,No,Yes,Month-to-month,Yes,Bank transfer (automatic),103.1,6595.0,No,2,6,53.28,Sfax
Female,0,Yes,Yes,7,No,No phone service,DSL,No,No,No,No,No,Month-to-month,Yes,Electronic check,24.7,149.05,No,1,13,92.4,Nabeul
Female,1,Yes,Yes,46,Yes,Yes,Fiber optic,Yes,Yes,No,Yes,Yes,Month-to-month,Yes,Electronic check,110.2,4972.1,No,4,9,117.43,Manouba
Male,0,No,No,39,No,No phone service,DSL,Yes,Yes,No,Yes,No,Month-to-month,Yes,Credit card (automatic),48.95,1880.85,Yes,6,1,31.67,Tunis
Female,0,Yes,Yes,32,Yes,Yes,DSL,No,Yes,Yes,No,No,Month-to-month,No,Bank transfer (automatic),62.45,2045.55,No,2,7,141.43,Monastir
Male,0,No,No,24,Yes,No,Fiber optic,No,Yes,Yes,No,Yes,Month-to-month,Yes,Electronic check,89.55,2187.15,No,2,12,77.44,Nabeul
Male,0,Yes,Yes,6,Yes,No,Fiber optic,No,Yes,No,No,Yes,Month-to-month,Yes,Credit card (automatic),83.55,477.55,Yes,7,5,17.58,Sfax
Female,0,No,No,37,Yes,Yes,DSL,Yes,Yes,Yes,Yes,No,Month-to-month,Yes,Credit card (automatic),78.9,2976.95,No,4,9,78.89,Sfax
Male,0,No,Yes,8,Yes,No,No,No internet service,No internet service,No internet service,No internet service,No internet service,Month-to-month,No,Mailed check,20.35,178.7,No,2,18,65.69,Gabès
Female,0,Yes,Yes,72,Yes,Yes,DSL,Yes,No,Yes,Yes,No,Two year,Yes,Bank transfer (automatic),71.45,5025.85,No,1,29,95.33,Bizerte
Male,1,Yes,No,71,No,No phone service,DSL,Yes,Yes,Yes,No,No,Two year,No,Credit card (automatic),46.35,3353.4,No,0,9,14.07,Kef
Female,0,Yes,No,16,Yes,No,Fiber optic,No,Yes,No,Yes,Yes,Month-to-month,Yes,Bank transfer (automatic),94.65,1461.15,No,2,14,128.61,Médiénine
Female,0,Yes,No,57,No,No phone service,DSL,Yes,No,Yes,No,Yes,Month-to-month,Yes,Bank transfer (automatic),49.9,2782.4,No,3,5,24.46,Tunis
Male,0,No,No,66,Yes,Yes,No,No internet service,No internet service,No internet service,No internet service,No internet service,One year,No,Bank transfer (automatic),25.45,1699.15,No,3,29,38.81,Bizerte
Female,1,No,No,17,Yes,No,Fiber optic,No,Yes,Yes,Yes,No,Month-to-month,Yes,Electronic check,89.15,1496.9,Yes,7,1,45.78,Kebili
Female,0,No,Yes,21,Yes,No,No,No internet service,No internet service,No internet service,No internet service,No internet service,Month-to-month,No,Mailed check,20.75,452.2,No,4,24,133.28,Ariana
Male,0,Yes,No,66,Yes,Yes,DSL,Yes,Yes,Yes,No,No,Two year,Yes,Credit card (automatic),66.1,4428.45,No,3,11,122.44,Kairouan
Female,0,Yes,No,17,Yes,Yes,DSL,No,Yes,No,Yes,Yes,Month-to-month,Yes,Bank transfer (automatic),75.4,1322.55,No,2,10,16.48,Sousse
Male,0,No,Yes,1,Yes,No,Fiber optic,No,No,No,No,No,Month-to-month,Yes,Mailed check,70.45,70.45,Yes,7,4,38.34,Tataouine
Male,0,Yes,No,58,Yes,No,DSL,Yes,Yes,Yes,No,No,One year,No,Credit card (automatic),60.3,3563.8,Yes,6,2,37.46,Manouba
Female,0,Yes,Yes,8,Yes,No,No,No internet service,No internet service,No internet service,No internet service,No internet service,Month-to-month,No,Credit card (automatic),21.05,139.75,No,4,25,33.15,Mahdia
Male,0,No,No,27,Yes,No,DSL,Yes,No,Yes,Yes,No,One year,No,Credit card (automatic),69.35,1927.3,No,1,9,122.01,Sidi Bouzid
Male,0,Yes,No,34,Yes,Yes,Fiber optic,No,Yes,No,No,Yes,Month-to-month,No,Mailed check,88.85,3000.25,No,4,9,38.79,Sousse
Male,0,No,No,30,Yes,No,Fiber optic,No,Yes,No,Yes,Yes,One year,Yes,Bank transfer (automatic),97.0,3021.3,No,4,23,17.22,Kef
Male,0,No,No,33,Yes,No,DSL,No,Yes,Yes,Yes,No,Month-to-month,Yes,Credit card (automatic),66.4,2245.4,No,1,5,81.27,Ariana
Male,0,No,Yes,1,No,No phone service,DSL,No,No,No,No,No,Month-to-month,No,Electronic check,24.75,24.75,Yes,9,3,22.55,Nabeul
Male,0,Yes,Yes,14,Yes,Yes,DSL,Yes,Yes,No,No,Yes,Month-to-month,No,Mailed check,69.2,944.65,No,2,11,34.96,Sousse
Female,0,No,Yes,16,Yes,Yes,Fiber optic,No,No,No,No,No,One year,Yes,Credit card (automatic),79.5,1264.2,No,0,9,31.78,Nabeul
Female,0,No,No,49,Yes,No,Fiber optic,No,No,Yes,Yes,Yes,Two year,No,Credit card (automatic),100.65,4917.75,No,2,18,108.68,Sidi Bouzid
Male,0,Yes,Yes,19,Yes,Yes,Fiber optic,No,No,Yes,Yes,Yes,Month-to-month,No,Electronic check,103.3,2012.7,Yes,4,2,6.61,Kairouan
Female,0,Yes,Yes,70,Yes,Yes,DSL,Yes,Yes,Yes,Yes,No,Two year,No,Bank transfer (automatic),79.7,5743.3,No,0,23,23.66,Sfax
Female,0,Yes,Yes,32,Yes,No,DSL,Yes,Yes,No,No,No,Month-to-month,No,Bank transfer (automatic),61.4,1864.65,No,1,10,92.25,Tunis
Female,0,No,No,18,Yes,No,Fiber optic,No,No,No,No,No,Month-to-month,Yes,Electronic check,69.8,1221.65,No,0,5,17.25,Kasserine
Male,0,No,No,37,No,No phone service,DSL,Yes,Yes,No,No,No,Two year,Yes,Mailed check,40.55,1390.85,No,1,29,35.97,Tunis
Female,0,No,No,4,Yes,Yes,Fiber optic,No,No,No,No,No,Month-to-month,Yes,Electronic check,75.65,302.35,No,4,8,31.2,Sousse
Female,0,Yes,No,16,Yes,Yes,Fiber optic,Yes,Yes,Yes,No,No,Month-to-month,No,Electronic check,90.7,1374.9,No,4,22,58.94,Sfax
Male,0,Yes,No,17,Yes,Yes,Fiber optic,No,Yes,No,No,No,Month-to-month,Yes,Bank transfer (automatic),80.5,1336.9,No,4,11,35.14,Kairouan
Female,0,No,Yes,19,Yes,No,DSL,Yes,Yes,Yes,No,No,Month-to-month,Yes,Electronic check,60.6,1297.8,No,3,26,149.72,Béja
Male,0,Yes,No,60,Yes,Yes,Fiber optic,No,No,Yes,Yes,Yes,Two year,No,Credit card (automatic),101.15,6067.4,No,3,7,123.56,Siliana
Male,0,Yes,Yes,51,Yes,Yes,No,No internet service,No internet service,No internet service,No internet service,No internet service,Two year,Yes,Mailed check,24.95,1222.25,No,4,26,117.84,Béja
Male,0,Yes,Yes,28,Yes,No,No,No internet service,No internet service,No internet service,No internet service,No internet service,Two year,Yes,Credit card (automatic),20.3,487.95,No,4,17,90.45,Sfax
Male,0,No,No,43,Yes,No,DSL,No,Yes,No,No,Yes,Two year,Yes,Electronic check,60.0,2548.55,No,3,11,108.73,Nabeul
Male,0,Yes,No,42,Yes,No,No,No internet service,No internet service,No internet service,No internet service,No internet service,Two year,No,Electronic check,20.25,835.5,No,0,26,26.06,Sidi Bouzid
Male,0,No,No,3,Yes,No,Fiber optic,No,No,No,Yes,No,Month-to-month,Yes,Electronic check,78.5,242.05,Yes,6,2,10.63,Ariana
Female,0,No,No,1,Yes,No,DSL,No,No,No,No,No,Month-to-month,No,Mailed check,44.75,44.75,No,0,16,148.63,Kef
Female,0,No,No,3,Yes,No,No,No internet service,No internet service,No internet service,No internet service,No internet service,Month-to-month,No,Mailed check,19.85,63.75,Yes,5,3,46.22,Gafsa
Female,0,No,No,63,Yes,Yes,Fiber optic,Yes,Yes,Yes,Yes,No,Two year,No,Credit card (automatic),98.0,6218.45,No,2,26,63.03,Tozeur
Male,1,No,No,3,Yes,No,Fiber optic,No,No,No,Yes,No,Month-to-month,Yes,Electronic check,79.9,260.9,Yes,5,0,38.63,Sousse
Male,0,Yes,No,68,Yes,Yes,Fiber optic,Yes,Yes,No,Yes,Yes,Month-to-month,Yes,Electronic check,107.7,7320.9,No,2,30,111.84,Ariana
Female,1,No,No,30,Yes,Yes,Fiber optic,No,Yes,No,Yes,Yes,Month-to-month,Yes,Electronic check,99.7,2967.35,Yes,5,2,13.95,Médiénine
Female,0,No,No,60,Yes,Yes,Fiber optic,No,Yes,Yes,Yes,Yes,Two year,No,Electronic check,104.7,6333.8,No,1,21,57.39,Tunis
Male,0,No,No,15,Yes,Yes,DSL,No,Yes,No,No,No,Month-to-month,Yes,Credit card (automatic),58.6,939.7,Yes,7,0,22.23,Tunis
Male,1,No,No,45,Yes,Yes,Fiber optic,No,No,No,Yes,Yes,Month-to-month,Yes,Bank transfer (automatic),93.9,4200.25,No,1,17,90.93,Tunis
Female,0,Yes,No,70,Yes,No,DSL,Yes,Yes,Yes,Yes,Yes,Two year,No,Credit card (automatic),86.45,5950.2,No,0,11,58.65,Kairouan
Male,0,Yes,No,10,Yes,Yes,Fiber optic,No,No,Yes,Yes,Yes,Month-to-month,Yes,Electronic check,98.5,1037.75,Yes,8,1,35.44,Ben Arous
Male,0,No,No,4,Yes,No,No,No internet service,No internet service,No internet service,No internet service,No internet service,Month-to-month,No,Mailed check,19.4,93.4,No,0,11,80.05,Sousse
Female,0,No,No,1,Yes,No,DSL,No,No,Yes,No,No,Month-to-month,Yes,Mailed check,50.45,50.45,Yes,10,3,43.19,Kairouan
Female,0,Yes,No,68,Yes,Yes,No,No internet service,No internet service,No internet service,No internet service,No internet service,Two year,Yes,Credit card (automatic),24.95,1614.9,No,4,20,35.94,Tataouine
Male,0,Yes,Yes,22,Yes,No,Fiber optic,Yes,No,No,No,No,Month-to-month,No,Bank transfer (automatic),75.0,1573.95,No,2,9,109.65,Zaghouan
Male,0,Yes,Yes,38,Yes,Yes,Fiber optic,No,Yes,Yes,Yes,No,Month-to-month,Yes,Electronic check,94.65,3624.3,Yes,6,0,6.66,Béja
Female,0,No,No,1,Yes,Yes,Fiber optic,No,Yes,No,Yes,Yes,Month-to-month,Yes,Credit card (automatic),100.25,100.25,Yes,10,5,40.69,Sousse
Male,0,Yes,No,18,Yes,No,Fiber optic,No,No,Yes,No,No,Month-to-month,No,Electronic check,78.2,1468.75,No,1,26,45.55,Jendouba
Male,0,No,No,29,Yes,No,Fiber optic,No,No,No,Yes,Yes,Month-to-month,Yes,Electronic check,94.2,2607.6,No,1,24,66.94,Mahdia
Female,0,No,No,16,Yes,Yes,Fiber optic,No,No,Yes,No,Yes,Month-to-month,Yes,Electronic check,88.45,1422.1,Yes,5,0,2.11,Béja
Male,0,No,No,1,Yes,No,Fiber optic,No,No,No,No,No,Month-to-month,Yes,Electronic check,69.85,69.85,Yes,9,4,15.61,Tunis
Male,0,No,No,12,Yes,No,Fiber optic,Yes,No,Yes,No,No,Month-to-month,No,Bank transfer (automatic),81.7,858.6,Yes,6,0,47.78,Nabeul
Male,0,No,No,31,No,No phone service,DSL,No,No,Yes,Yes,Yes,One year,Yes,Electronic check,50.05,1523.4,No,2,11,76.81,Bizerte
Male,0,No,No,4,Yes,No,Fiber optic,No,No,No,No,Yes,Month-to-month,Yes,Electronic check,79.9,324.3,Yes,9,3,14.44,Tunis
Female,0,Yes,No,48,Yes,Yes,DSL,No,No,Yes,No,Yes,One year,Yes,Mailed check,69.55,3435.6,No,4,7,98.16,Médiénine
Female,0,No,No,15,Yes,Yes,No,No internet service,No internet service,No internet service,No internet service,No internet service,Month-to-month,Yes,Credit card (automatic),25.4,399.6,Yes,4,4,33.69,Manouba
Male,0,No,No,50,Yes,No,Fiber optic,Yes,Yes,Yes,No,No,One year,Yes,Credit card (automatic),90.1,4549.45,No,4,12,119.2,Kasserine
Male,0,No,No,7,Yes,No,DSL,No,No,No,No,No,Month-to-month,Yes,Bank transfer (automatic),44.65,322.5,No,4,16,76.04,Jendouba
Male,1,Yes,No,41,Yes,Yes,Fiber optic,Yes,No,Yes,No,No,Month-to-month,Yes,Bank transfer (automatic),83.75,3273.55,Yes,6,5,26.09,Ben Arous
Male,0,Yes,Yes,68,Yes,No,Fiber optic,Yes,No,Yes,No,No,Two year,No,Credit card (automatic),80.35,5375.15,No,2,10,74.21,Kasserine
Female,1,Yes,No,26,Yes,Yes,Fiber optic,No,No,Yes,Yes,Yes,Month-to-month,Yes,Bank transfer (automatic),98.1,2510.7,No,4,14,51.63,Tunis
Male,0,No,No,57,No,No phone service,DSL,No,No,Yes,Yes,Yes,Two year,No,Credit card (automatic),53.35,3090.05,No,3,25,43.06,Tunis
Female,0,No,No,3,Yes,No,No,No internet service,No internet service,No internet service,No internet service,No internet service,Month-to-month,No,Electronic check,19.55,61.05,No,3,17,45.32,Sousse
Female,0,No,No,1,Yes,No,No,No internet service,No internet service,No internet service,No internet service,No internet service,Month-to-month,No,Mailed check,20.9,20.9,Yes,7,4,49.59,Tunis
Male,0,Yes,Yes,19,Yes,No,DSL,Yes,No,No,No,No,One year,Yes,Bank transfer (automatic),48.95,955.6,No,4,18,145.39,Kef
Female,0,No,No,3,Yes,No,DSL,No,No,No,Yes,No,Month-to-month,Yes,Electronic check,54.2,140.4,No,4,22,77.34,Sfax
Female,0,No,No,59,Yes,Yes,No,No internet service,No internet service,No internet service,No internet service,No internet service,Two year,No,Electronic check,24.45,1493.1,No,2,17,129.77,Bizerte
Female,0,Yes,No,1,Yes,No,Fiber optic,No,No,No,No,No,Month-to-month,Yes,Mailed check,69.4,69.4,Yes,10,0,38.71,Médiénine
Male,0,Yes,No,42,No,No phone service,DSL,Yes,No,No,Yes,No,Month-to-month,Yes,Bank transfer (automatic),40.15,1626.05,No,3,27,149.19,Zaghouan
Female,0,No,No,7,Yes,Yes,Fiber optic,No,No,No,No,No,Month-to-month,Yes,Electronic check,74.9,541.15,Yes,8,3,18.68,Zaghouan
Male,0,Yes,No,67,Yes,Yes,No,No internet service,No internet service,No internet service,No internet service,No internet service,Two year,No,Credit card (automatic),25.6,1784.9,No,3,5,21.2,Sfax
Male,0,No,No,1,Yes,No,Fiber optic,No,No,No,No,No,Month-to-month,Yes,Electronic check,70.35,70.35,No,1,24,27.35,Sousse
Male,0,Yes,No,66,Yes,Yes,DSL,Yes,Yes,Yes,Yes,Yes,Two year,No,Bank transfer (automatic),91.7,6075.9,No,0,27,144.56,Sidi Bouzid
Female,0,No,No,61,Yes,Yes,Fiber optic,No,No,Yes,No,Yes,Month-to-month,No,Mailed check,89.2,5500.6,No,0,25,18.41,Kairouan
Male,0,Yes,Yes,4,Yes,Yes,No,No internet service,No internet service,No internet service,No internet service,No internet service,One year,No,Credit card (automatic),24.1,73.1,No,0,11,47.76,Tunis
Female,1,Yes,No,42,Yes,No,Fiber optic,Yes,No,No,No,No,Month-to-month,Yes,Credit card (automatic),74.15,3229.4,Yes,9,3,15.0,Mahdia
Female,0,Yes,Yes,64,Yes,Yes,DSL,No,Yes,No,No,No,One year,Yes,Bank transfer (automatic),53.85,3399.85,No,1,10,95.12,Ariana
Female,1,Yes,No,54,Yes,Yes,Fiber optic,Yes,Yes,Yes,Yes,Yes,One year,Yes,Bank transfer (automatic),115.6,6431.05,No,0,23,132.39,Ben Arous
Male,0,No,No,1,Yes,No,No,No internet service,No internet service,No internet service,No internet service,No internet service,Month-to-month,Yes,Credit card (automatic),19.75,19.75,No,2,11,83.91,Médiénine
Male,0,Yes,Yes,54,Yes,Yes,No,No internet service,No internet service,No internet service,No internet service,No internet service,Two year,Yes,Bank transfer (automatic),24.05,1230.9,No,3,23,42.44,Ariana
Female,0,No,Yes,18,Yes,Yes,No,No internet service,No internet service,No internet service,No internet service,No internet service,Two year,No,Credit card (automatic),25.3,454.65,No,0,17,77.22,Bizerte
Male,0,No,No,3,Yes,No,Fiber optic,No,Yes,No,No,Yes,Month-to-month,No,Electronic check,84.3,235.05,No,0,16,87.96,Kairouan
Female,0,No,No,1,Yes,No,Fiber optic,No,No,No,No,No,Month-to-month,Yes,Electronic check,70.1,70.1,Yes,6,2,49.44,Sousse
Female,0,Yes,Yes,72,Yes,Yes,DSL,Yes,Yes,Yes,Yes,Yes,Two year,No,Credit card (automatic),89.75,6595.9,No,4,29,128.89,Tunis
Male,1,Yes,No,60,Yes,No,Fiber optic,No,Yes,Yes,Yes,Yes,One year,Yes,Electronic check,97.95,5867.0,No,2,24,140.18,Sousse
Female,0,Yes,Yes,11,Yes,No,No,No internet service,No internet service,No internet service,No internet service,No internet service,One year,Yes,Mailed check,20.0,196.35,No,4,6,36.28,Gabès
Female,0,No,Yes,12,Yes,Yes,Fiber optic,Yes,No,No,No,No,Month-to-month,Yes,Electronic check,78.3,909.25,Yes,7,3,0.99,Kasserine
Male,0,Yes,Yes,61,Yes,No,Fiber optic,No,Yes,Yes,Yes,Yes,One year,No,Credit card (automatic),103.9,6449.15,No,1,28,30.94,Sfax
Female,0,No,No,39,Yes,No,No,No internet service,No internet service,No internet service,No internet service,No internet service,Two year,No,Credit card (automatic),20.7,762.45,No,3,6,122.33,Sousse
Male,0,No,No,55,Yes,Yes,Fiber optic,No,No,No,Yes,Yes,Month-to-month,Yes,Electronic check,96.8,5283.95,Yes,9,3,49.27,Sousse
Female,0,No,No,17,Yes,Yes,Fiber optic,Yes,Yes,No,Yes,No,Month-to-month,Yes,Electronic check,94.4,1617.5,Yes,7,2,44.94,Ben Arous
Male,0,No,No,37,Yes,No,No,No internet service,No internet service,No internet service,No internet service,No internet service,One year,No,Credit card (automatic),20.15,785.75,No,3,9,118.14,Sfax
Female,0,Yes,No,72,Yes,Yes,No,No internet service,No internet service,No internet service,No internet service,No internet service,Two year,Yes,Mailed check,26.0,1776.0,No,2,11,117.32,Kairouan
Male,1,Yes,No,72,Yes,Yes,DSL,No,Yes,Yes,Yes,No,Two year,No,Credit card (automatic),77.35,5396.25,No,2,28,27.65,Tunis
Female,0,No,No,8,Yes,No,DSL,Yes,No,No,No,Yes,Month-to-month,No,Bank transfer (automatic),66.05,574.5,No,1,30,74.37,Tunis
Female,0,Yes,Yes,22,Yes,No,No,No internet service,No internet service,No internet service,No internet service,No internet service,Month-to-month,No,Mailed check,19.9,400.3,No,0,15,110.2,Tunis
Female,0,No,No,1,Yes,No,Fiber optic,No,Yes,No,Yes,No,Month-to-month,No,Electronic check,84.3,84.3,Yes,7,1,49.87,Tunis
Female,0,No,No,38,Yes,Yes,DSL,No,Yes,No,No,Yes,Month-to-month,No,Credit card (automatic),68.15,2656.3,No,0,11,140.53,Sfax
Male,0,No,Yes,17,Yes,No,DSL,No,Yes,Yes,Yes,Yes,One year,No,Electronic check,80.85,1445.95,No,0,5,112.25,Tunis
Female,1,No,No,70,Yes,Yes,DSL,No,Yes,Yes,Yes,No,Two year,Yes,Bank transfer (automatic),75.5,5212.65,No,4,10,34.98,Sousse
Female,1,Yes,Yes,72,Yes,Yes,DSL,Yes,Yes,Yes,Yes,Yes,Two year,No,Credit card (automatic),92.45,6440.25,Yes,4,4,28.73,Tunis
Female,0,No,No,28,Yes,No,Fiber optic,No,No,No,No,Yes,Month-to-month,Yes,Electronic check,80.6,2244.95,No,0,29,97.56,Béja
Female,0,No,No,15,Yes,No,Fiber optic,No,Yes,No,Yes,No,Month-to-month,Yes,Bank transfer (automatic),83.2,1130.0,No,0,21,118.32,Tunis
Male,0,Yes,Yes,72,Yes,Yes,DSL,Yes,Yes,Yes,Yes,Yes,Two year,Yes,Bank transfer (automatic),87.55,6463.15,No,2,28,98.47,Sfax
Female,1,Yes,No,11,Yes,Yes,Fiber optic,No,No,Yes,Yes,Yes,Month-to-month,Yes,Electronic check,99.55,1131.2,Yes,6,2,6.92,Nabeul
Male,1,No,No,8,Yes,Yes,Fiber optic,No,No,Yes,No,No,Month-to-month,Yes,Electronic check,81.25,585.95,Yes,9,1,48.59,Tunis
Female,0,Yes,No,57,Yes,Yes,Fiber optic,No,Yes,Yes,Yes,Yes,One year,Yes,Bank transfer (automatic),109.4,6252.7,No,3,9,137.32,Tunis
Male,0,Yes,Yes,1,Yes,No,No,No internet service,No internet service,No internet service,No internet service,No internet service,Month-to-month,No,Bank transfer (automatic),19.95,19.95,Yes,8,2,25.12,Zaghouan
Female,0,Yes,No,46,No,No phone service,DSL,Yes,Yes,No,Yes,No,Month-to-month,No,Electronic check,45.55,2062.15,No,1,6,15.43,Sfax
Male,0,Yes,No,30,Yes,No,No,No internet service,No internet service,No internet service,No internet service,No internet service,One year,No,Credit card (automatic),20.7,587.1,No,4,12,21.01,Médiénine
Male,1,Yes,No,10,Yes,No,Fiber optic,Yes,No,No,No,No,Month-to-month,No,Electronic check,75.3,720.45,No,1,13,107.81,Sousse
Male,0,Yes,No,23,Yes,Yes,Fiber optic,Yes,Yes,Yes,Yes,No,Month-to-month,Yes,Electronic check,99.25,2186.4,Yes,4,2,15.14,Nabeul
Male,0,No,No,32,Yes,No,Fiber optic,Yes,Yes,Yes,No,Yes,Month-to-month,Yes,Credit card (automatic),93.4,2979.3,No,1,7,74.98,Ariana
Male,0,No,No,13,Yes,No,Fiber optic,Yes,No,No,No,No,Month-to-month,Yes,Credit card (automatic),73.75,956.65,No,0,18,26.61,Monastir
Female,0,No,No,39,Yes,No,Fiber optic,No,No,Yes,No,No,Two year,Yes,Electronic check,80.45,3201.55,Yes,6,1,15.29,Sfax
Female,0,No,No,44,Yes,No,Fiber optic,No,Yes,Yes,Yes,No,Month-to-month,Yes,Credit card (automatic),88.15,3973.2,No,3,9,111.7,Sfax
Male,1,No,No,9,Yes,No,DSL,No,No,No,No,No,Month-to-month,No,Mailed check,49.2,447.9,No,4,28,79.72,Kasserine
Female,0,Yes,No,67,Yes,No,No,No internet service,No internet service,No internet service,No internet service,No internet service,Two year,No,Mailed check,19.65,1335.2,No,4,19,55.25,Sousse
Male,0,Yes,Yes,9,Yes,Yes,Fiber optic,No,No,Yes,No,No,Month-to-month,Yes,Bank transfer (automatic),79.35,661.25,Yes,4,3,10.97,Béja
Female,0,No,No,15,Yes,Yes,Fiber optic,No,Yes,No,No,No,Month-to-month,Yes,Electronic check,79.75,1111.85,Yes,7,4,12.63,Sidi Bouzid
Female,0,Yes,No,71,Yes,Yes,Fiber optic,No,Yes,Yes,Yes,Yes,Two year,Yes,Bank transfer (automatic),105.15,7555.0,No,0,13,14.4,Kasserine
Male,0,No,No,1,Yes,No,DSL,No,No,No,No,No,Month-to-month,No,Credit card (automatic),49.0,49.0,No,4,8,54.88,Médiénine
Female,0,Yes,Yes,30,Yes,Yes,Fiber optic,No,No,Yes,Yes,Yes,Month-to-month,Yes,Electronic check,100.05,3046.15,Yes,10,0,13.01,Bizerte
Male,0,No,No,1,Yes,No,Fiber optic,No,No,No,No,No,Month-to-month,Yes,Electronic check,69.35,69.35,Yes,7,4,22.24,Sfax
Male,0,Yes,No,17,No,No phone service,DSL,No,Yes,No,Yes,Yes,Month-to-month,Yes,Mailed check,49.8,836.35,No,4,28,136.82,Sidi Bouzid
Female,0,No,No,3,Yes,No,Fiber optic,No,No,No,No,Yes,Month-to-month,No,Electronic check,85.8,272.2,Yes,7,4,30.1,Tunis
Male,0,Yes,Yes,67,Yes,Yes,DSL,Yes,No,Yes,Yes,Yes,Two year,Yes,Electronic check,79.7,5293.4,Yes,8,0,39.94,Tunis
Male,0,No,No,1,Yes,No,No,No internet service,No internet service,No internet service,No internet service,No internet service,Month-to-month,No,Bank transfer (automatic),20.95,20.95,No,1,27,101.84,Gabès
Female,1,No,No,1,Yes,Yes,DSL,No,No,No,No,No,Month-to-month,No,Mailed check,50.55,50.55,Yes,6,3,27.39,Mahdia
Female,1,Yes,No,32,Yes,Yes,Fiber optic,No,No,Yes,No,No,Month-to-month,No,Mailed check,79.3,2570.0,No,0,24,26.47,Bizerte
Male,0,Yes,Yes,41,Yes,No,No,No internet service,No internet service,No internet service,No internet service,No internet service,One year,No,Bank transfer (automatic),19.5,798.2,No,1,5,33.07,Kebili
Male,0,Yes,No,1,Yes,No,Fiber optic,No,No,No,Yes,No,Month-to-month,Yes,Electronic check,80.55,80.55,Yes,5,3,23.52,Sfax
Female,0,No,No,1,Yes,No,DSL,No,No,No,No,No,Month-to-month,No,Bank transfer (automatic),44.15,44.15,No,4,20,149.93,Ben Arous
Female,0,Yes,Yes,12,Yes,Yes,Fiber optic,No,Yes,Yes,No,No,Month-to-month,Yes,Electronic check,84.5,916.9,Yes,7,5,29.1,Tunis
Male,0,Yes,Yes,62,Yes,Yes,Fiber optic,Yes,Yes,No,Yes,Yes,Month-to-month,Yes,Electronic check,105.5,6487.2,No,2,9,111.77,Tozeur
Female,0,No,No,22,Yes,No,Fiber optic,No,Yes,No,No,Yes,Month-to-month,Yes,Mailed check,84.3,1855.65,Yes,8,5,44.93,Kasserine
Female,0,No,Yes,17,Yes,Yes,Fiber optic,No,Yes,Yes,No,No,Month-to-month,Yes,Credit card (automatic),92.7,1556.85,No,1,17,34.92,Gabès
Female,0,Yes,Yes,72,Yes,Yes,No,No internet service,No internet service,No internet service,No internet service,No internet service,Two year,Yes,Bank transfer (automatic),26.25,1988.05,No,1,19,104.2,Gabès
Male,0,Yes,Yes,56,Yes,Yes,Fiber optic,No,Yes,No,Yes,No,Month-to-month,Yes,Credit card (automatic),96.95,5432.2,No,2,10,44.1,Kef
Female,0,No,No,9,Yes,No,No,No internet service,No internet service,No internet service,No internet service,No internet service,Month-to-month,Yes,Credit card (automatic),20.45,147.55,No,1,8,114.62,Monastir
Male,0,Yes,No,72,Yes,Yes,Fiber optic,Yes,Yes,Yes,Yes,Yes,Two year,Yes,Bank transfer (automatic),115.8,8424.9,No,2,27,67.44,Sousse
Male,0,No,No,20,Yes,No,Fiber optic,Yes,Yes,Yes,Yes,Yes,Month-to-month,Yes,Bank transfer (automatic),108.2,2203.7,No,1,20,100.62,Ben Arous
Male,0,Yes,Yes,19,Yes,No,No,No internet service,No internet service,No internet service,No internet service,No internet service,Two year,No,Mailed check,20.2,387.4,No,3,30,133.19,Kasserine
Male,0,No,No,2,Yes,No,Fiber optic,No,No,No,No,No,Month-to-month,Yes,Electronic check,67.75,116.65,Yes,7,1,13.24,Gafsa
Male,0,No,No,53,No,No phone service,DSL,No,No,Yes,Yes,Yes,One year,No,Credit card (automatic),54.9,3045.75,No,0,11,78.12,Nabeul
Female,1,No,No,27,Yes,Yes,Fiber optic,No,No,No,No,Yes,Month-to-month,Yes,Electronic check,85.25,2287.25,Yes,8,0,39.07,Ariana
Male,0,No,No,6,Yes,No,No,No internet service,No internet service,No internet service,No internet service,No internet service,Month-to-month,No,Bank transfer (automatic),20.15,130.5,No,2,21,74.11,Manouba
Male,0,Yes,Yes,9,Yes,Yes,Fiber optic,No,No,Yes,Yes,No,One year,Yes,Electronic check,90.35,767.9,No,3,18,138.28,Ben Arous
Female,0,Yes,Yes,8,Yes,Yes,DSL,No,Yes,No,No,No,Month-to-month,No,Electronic check,55.75,446.8,No,0,25,82.62,Gabès
Female,0,Yes,Yes,71,Yes,Yes,Fiber optic,Yes,Yes,Yes,Yes,Yes,Two year,No,Bank transfer (automatic),114.6,8100.25,No,3,24,42.75,Kairouan
Female,0,No,No,10,Yes,Yes,Fiber optic,No,Yes,No,No,No,Month-to-month,Yes,Bank transfer (automatic),80.05,830.7,Yes,7,3,5.69,Sousse
Male,0,No,No,1,Yes,No,No,No internet service,No internet service,No internet service,No internet service,No internet service,Month-to-month,No,Mailed check,20.0,20.0,Yes,6,3,14.05,Sousse
Female,0,Yes,No,71,No,No phone service,DSL,Yes,Yes,Yes,Yes,Yes,One year,No,Bank transfer (automatic),66.8,4689.15,No,0,21,121.93,Kasserine
Male,0,Yes,No,68,Yes,No,Fiber optic,No,Yes,No,Yes,Yes,One year,Yes,Electronic check,100.3,6754.35,No,1,15,60.1,Mahdia
Male,0,No,No,34,Yes,Yes,Fiber optic,No,Yes,No,Yes,Yes,Month-to-month,Yes,Electronic check,105.35,3540.65,No,0,28,105.81,Sfax
Male,0,No,No,26,Yes,No,Fiber optic,No,Yes,Yes,No,No,One year,Yes,Electronic check,85.2,2184.6,No,0,30,82.53,Gabès
Female,0,No,No,22,Yes,No,DSL,Yes,No,No,No,No,Month-to-month,Yes,Credit card (automatic),48.8,1054.6,Yes,5,3,24.94,Gabès
Male,0,No,No,7,Yes,No,No,No internet service,No internet service,No internet service,No internet service,No internet service,Month-to-month,Yes,Mailed check,18.95,130.55,No,3,28,107.42,Kasserine
Female,0,Yes,No,20,Yes,No,Fiber optic,No,No,No,No,No,Month-to-month,Yes,Bank transfer (automatic),69.8,1540.35,No,1,11,86.73,Sfax
Female,0,Yes,No,60,Yes,Yes,Fiber optic,No,Yes,Yes,Yes,Yes,Month-to-month,Yes,Electronic check,106.15,6411.25,No,1,20,112.61,Sfax
Male,0,Yes,Yes,72,Yes,No,No,No internet service,No internet service,No internet service,No internet service,No internet service,Two year,No,Electronic check,20.55,1432.55,No,3,10,22.17,Sousse
Female,1,Yes,No,72,Yes,Yes,Fiber optic,No,Yes,Yes,Yes,Yes,One year,Yes,Credit card (automatic),105.75,7629.85,No,2,27,51.73,Sousse
Male,0,No,No,4,Yes,Yes,No,No internet service,No internet service,No internet service,No internet service,No internet service,Month-to-month,No,Mailed check,25.25,101.9,No,0,27,138.92,Gafsa
Male,0,Yes,Yes,16,Yes,No,No,No internet service,No internet service,No internet service,No internet service,No internet service,Month-to-month,No,Electronic check,19.75,313.4,No,0,8,58.95,Bizerte
Female,1,Yes,No,62,Yes,Yes,Fiber optic,Yes,No,Yes,Yes,Yes,One year,Yes,Electronic check,104.85,6312.9,No,4,28,93.94,Ben Arous
Female,0,No,No,10,Yes,No,DSL,No,No,No,No,Yes,Month-to-month,Yes,Mailed check,60.95,629.55,No,1,18,76.15,Gafsa
Male,0,No,No,31,Yes,Yes,Fiber optic,No,Yes,No,No,No,Month-to-month,Yes,Electronic check,81.15,2640.55,No,2,29,127.5,Béja
Female,0,Yes,No,71,Yes,No,No,No internet service,No internet service,No internet service,No internet service,No internet service,Two year,No,Credit card (automatic),19.1,1372.45,No,4,20,88.85,Zaghouan
Male,0,No,No,58,Yes,No,No,No internet service,No internet service,No internet service,No internet service,No internet service,Two year,No,Mailed check,20.8,1212.25,No,1,28,19.47,Nabeul
Male,0,Yes,Yes,70,Yes,Yes,DSL,Yes,Yes,Yes,Yes,Yes,Two year,Yes,Credit card (automatic),90.15,6237.05,No,3,26,127.36,Tunis
Female,0,Yes,No,71,Yes,Yes,DSL,Yes,Yes,Yes,Yes,Yes,Two year,No,Electronic check,90.1,6310.9,No,0,24,149.75,Kef
Male,1,No,No,69,Yes,Yes,DSL,Yes,No,Yes,No,Yes,Two year,No,Credit card (automatic),74.1,5031.0,No,3,6,61.7,Sfax
Female,1,No,No,1,Yes,Yes,Fiber optic,No,No,No,No,Yes,Month-to-month,Yes,Electronic check,85.05,85.05,Yes,4,0,30.41,Tunis
Female,0,Yes,Yes,72,Yes,Yes,Fiber optic,Yes,Yes,Yes,Yes,Yes,Two year,Yes,Bank transfer (automatic),118.75,8672.45,No,3,29,84.42,Gabès
Female,0,Yes,No,26,Yes,No,Fiber optic,No,No,No,No,Yes,Month-to-month,No,Credit card (automatic),85.9,2196.45,No,2,14,11.61,Zaghouan
Female,0,Yes,No,33,Yes,Yes,Fiber optic,No,No,Yes,No,Yes,Month-to-month,Yes,Credit card (automatic),95.0,3008.15,No,3,7,62.08,Gabès
Female,0,Yes,Yes,10,Yes,No,No,No internet service,No internet service,No internet service,No internet service,No internet service,Two year,No,Mailed check,20.15,220.8,No,0,29,56.26,Kasserine
Female,1,No,No,57,Yes,Yes,Fiber optic,Yes,No,Yes,No,Yes,Two year,No,Credit card (automatic),101.3,5779.6,No,3,17,86.95,Nabeul
Female,0,No,No,10,Yes,No,No,No internet service,No internet service,No internet service,No internet service,No internet service,Month-to-month,Yes,Electronic check,21.2,222.65,No,1,28,56.95,Sfax
Female,0,Yes,Yes,39,Yes,Yes,No,No internet service,No internet service,No internet service,No internet service,No internet service,One year,Yes,Mailed check,24.2,914.6,No,1,9,111.68,Nabeul
Female,0,No,No,11,Yes,No,No,No internet service,No internet service,No internet service,No internet service,No internet service,Month-to-month,No,Bank transfer (automatic),20.3,246.3,No,1,6,117.6,Nabeul
Female,0,Yes,Yes,21,Yes,No,Fiber optic,No,Yes,Yes,Yes,Yes,Month-to-month,Yes,Electronic check,102.8,2110.15,Yes,7,4,46.47,Bizerte
Female,0,Yes,Yes,68,Yes,Yes,DSL,No,Yes,Yes,Yes,Yes,Two year,No,Bank transfer (automatic),85.3,5560.0,No,4,14,58.2,Jendouba
Male,0,No,No,18,Yes,Yes,Fiber optic,No,No,Yes,Yes,No,One year,Yes,Credit card (automatic),89.6,1633.0,No,2,30,50.25,Sousse
Female,0,No,No,6,Yes,No,Fiber optic,No,No,Yes,Yes,Yes,Month-to-month,Yes,Mailed check,99.95,547.65,Yes,7,4,37.13,Sfax
Male,0,No,No,18,Yes,Yes,DSL,Yes,No,No,No,No,Month-to-month,No,Mailed check,56.25,969.85,No,0,22,141.09,Sidi Bouzid
Female,0,Yes,Yes,52,Yes,No,DSL,No,No,Yes,No,No,One year,Yes,Bank transfer (automatic),50.95,2610.65,No,4,15,89.98,Tozeur
Male,0,Yes,Yes,56,Yes,Yes,Fiber optic,Yes,Yes,Yes,Yes,Yes,Two year,No,Mailed check,115.85,6567.9,No,1,27,83.95,Sfax
Male,0,No,No,45,Yes,Yes,Fiber optic,No,No,Yes,Yes,Yes,Month-to-month,Yes,Bank transfer (automatic),103.65,4747.85,No,0,21,121.16,Médiénine
Female,0,No,No,67,Yes,Yes,No,No internet service,No internet service,No internet service,No internet service,No internet service,Two year,Yes,Mailed check,26.1,1759.55,No,4,14,44.63,Nabeul
Male,0,Yes,No,3,No,No phone service,DSL,Yes,No,No,No,No,Month-to-month,No,Mailed check,35.1,101.1,No,1,8,66.37,Kasserine
Male,1,No,No,65,Yes,No,Fiber optic,No,Yes,Yes,Yes,Yes,Month-to-month,Yes,Bank transfer (automatic),99.1,6496.15,No,4,27,103.6,Médiénine
Male,0,Yes,No,63,Yes,Yes,DSL,No,Yes,No,No,Yes,Two year,No,Mailed check,67.25,4234.15,No,3,5,29.33,Jendouba
Female,0,Yes,Yes,11,Yes,Yes,No,No internet service,No internet service,No internet service,No internet service,No internet service,Two year,No,Mailed check,25.0,300.7,No,3,26,70.56,Sfax
Male,0,No,Yes,1,Yes,No,DSL,No,No,No,No,Yes,Month-to-month,Yes,Mailed check,59.55,59.55,No,4,26,31.53,Kasserine
Male,0,No,No,55,Yes,Yes,DSL,No,No,Yes,Yes,Yes,Two year,Yes,Bank transfer (automatic),77.8,4323.35,No,3,17,92.96,Monastir
Male,0,Yes,Yes,25,Yes,Yes,DSL,No,No,No,No,No,One year,Yes,Mailed check,55.1,1466.1,No,4,17,99.19,Zaghouan
Male,0,Yes,No,72,Yes,Yes,Fiber optic,Yes,Yes,Yes,Yes,Yes,One year,Yes,Bank transfer (automatic),117.8,8684.8,Yes,8,1,20.77,Tunis
Female,0,Yes,No,72,Yes,Yes,No,No internet service,No internet service,No internet service,No internet service,No internet service,Two year,Yes,Credit card (automatic),24.15,1776.45,No,1,10,126.17,Nabeul
Female,0,No,Yes,65,No,No phone service,DSL,No,Yes,No,Yes,No,Two year,No,Mailed check,45.25,2933.95,No,1,21,128.78,Tozeur
Female,1,No,No,54,Yes,Yes,Fiber optic,No,Yes,No,No,No,Month-to-month,Yes,Electronic check,79.5,4370.25,Yes,9,1,28.41,Sfax
Male,0,Yes,Yes,7,Yes,No,No,No internet service,No internet service,No internet service,No internet service,No internet service,Month-to-month,No,Mailed check,20.25,144.35,No,3,23,149.67,Gabès
Female,0,Yes,No,72,Yes,Yes,DSL,Yes,Yes,No,No,No,Two year,No,Bank transfer (automatic),64.75,4804.75,No,4,12,75.11,Manouba
Male,0,Yes,No,21,Yes,No,DSL,No,No,No,Yes,No,Month-to-month,No,Bank transfer (automatic),54.6,1125.2,No,2,19,114.46,Sousse
Female,0,No,No,2,Yes,No,No,No internet service,No internet service,No internet service,No internet service,No internet service,Month-to-month,Yes,Bank transfer (automatic),20.7,39.85,No,2,20,61.46,Zaghouan
Male,1,No,No,4,Yes,No,Fiber optic,No,No,Yes,Yes,Yes,Month-to-month,Yes,Electronic check,94.75,422.4,No,2,29,142.74,Kairouan
Male,0,Yes,No,3,Yes,Yes,Fiber optic,No,No,No,No,No,Month-to-month,Yes,Bank transfer (automatic),79.65,251.75,Yes,8,1,22.95,Nabeul
Male,0,Yes,No,72,Yes,Yes,Fiber optic,Yes,Yes,Yes,Yes,Yes,Two year,No,Credit card (automatic),115.8,8332.15,No,0,16,106.6,Monastir
Female,0,No,No,6,Yes,No,DSL,Yes,No,No,No,No,Month-to-month,Yes,Electronic check,49.45,314.6,No,2,16,62.6,Kef
Male,0,No,No,52,Yes,No,Fiber optic,No,No,Yes,No,Yes,Month-to-month,Yes,Credit card (automatic),83.8,4331.4,No,3,6,120.71,Sfax
Male,1,Yes,No,69,Yes,Yes,Fiber optic,No,Yes,Yes,No,Yes,Month-to-month,Yes,Bank transfer (automatic),95.35,6382.0,No,0,12,110.45,Kairouan
Male,0,No,No,8,Yes,No,Fiber optic,No,No,Yes,Yes,Yes,Month-to-month,Yes,Electronic check,94.7,740.3,Yes,7,4,22.06,Zaghouan
Female,1,No,No,8,Yes,No,Fiber optic,No,No,Yes,No,No,Month-to-month,Yes,Bank transfer (automatic),74.05,600.15,No,4,5,98.06,Tunis
Female,1,No,No,63,Yes,Yes,Fiber optic,No,No,Yes,No,Yes,Month-to-month,Yes,Bank transfer (automatic),89.6,5538.8,No,1,16,82.08,Sousse
Male,0,No,No,60,Yes,Yes,Fiber optic,Yes,Yes,Yes,Yes,Yes,One year,Yes,Credit card (automatic),116.6,7049.5,No,4,29,99.02,Bizerte
Female,0,Yes,No,12,Yes,No,DSL,Yes,No,No,No,No,Month-to-month,No,Bank transfer (automatic),54.2,690.5,No,4,29,142.46,Bizerte
Female,0,No,No,13,Yes,No,No,No internet service,No internet service,No internet service,No internet service,No internet service,Month-to-month,Yes,Mailed check,19.3,279.3,No,0,30,86.35,Bizerte
Male,0,No,No,22,Yes,Yes,DSL,Yes,Yes,Yes,No,No,Month-to-month,No,Mailed check,65.05,1427.55,No,4,18,99.52,Monastir
Male,0,No,No,5,Yes,Yes,Fiber optic,No,No,Yes,Yes,No,Month-to-month,Yes,Electronic check,92.5,452.7,Yes,9,5,30.4,Tozeur
Female,0,Yes,Yes,1,Yes,No,No,No internet service,No internet service,No internet service,No internet service,No internet service,Month-to-month,No,Mailed check,19.45,19.45,Yes,10,2,39.57,Kasserine
Female,0,Yes,Yes,72,Yes,Yes,No,No internet service,No internet service,No internet service,No internet service,No internet service,Two year,Yes,Bank transfer (automatic),24.05,1709.15,No,4,28,58.03,Mahdia
Female,0,No,No,2,Yes,No,No,No internet service,No internet service,No internet service,No internet service,No internet service,Month-to-month,No,Bank transfer (automatic),18.75,53.15,No,2,12,100.92,Sousse
Female,0,Yes,Yes,40,Yes,No,No,No internet service,No internet service,No internet service,No internet service,No internet service,Two year,No,Bank transfer (automatic),20.15,777.35,No,4,18,125.08,Béja
Male,0,Yes,Yes,44,Yes,No,No,No internet service,No internet service,No internet service,No internet service,No internet service,One year,No,Bank transfer (automatic),20.0,860.85,No,0,29,145.93,Ariana
Male,1,Yes,No,71,Yes,No,DSL,Yes,Yes,No,Yes,No,One year,Yes,Bank transfer (automatic),71.0,5012.1,No,2,7,77.16,Ben Arous
Female,0,No,No,2,Yes,Yes,Fiber optic,No,No,No,No,No,Month-to-month,Yes,Electronic check,75.55,166.3,Yes,8,4,12.04,Tunis
Male,1,No,No,26,Yes,Yes,Fiber optic,No,No,No,Yes,Yes,Month-to-month,Yes,Electronic check,93.6,2404.1,No,0,18,19.25,Kef
Male,0,Yes,Yes,1,Yes,No,Fiber optic,No,No,No,No,No,Month-to-month,Yes,Electronic check,70.0,70.0,Yes,6,1,14.91,Nabeul
Female,0,No,No,1,No,No phone service,DSL,No,No,No,No,No,Month-to-month,No,Mailed check,24.4,24.4,No,2,27,61.95,Monastir
Male,0,Yes,Yes,65,Yes,No,DSL,Yes,No,No,Yes,Yes,Two year,Yes,Bank transfer (automatic),74.8,4820.15,Yes,9,1,19.96,Jendouba
Male,0,No,No,3,Yes,Yes,DSL,No,No,No,Yes,No,Month-to-month,Yes,Mailed check,65.25,209.9,No,4,18,22.88,Nabeul
Male,0,No,No,13,Yes,No,DSL,No,No,No,No,No,Month-to-month,Yes,Mailed check,50.55,610.75,No,3,5,42.6,Kasserine
Female,0,Yes,No,33,Yes,Yes,Fiber optic,No,Yes,Yes,Yes,Yes,Month-to-month,Yes,Electronic check,104.4,3409.6,Yes,7,3,47.27,Kasserine
Female,0,No,No,1,Yes,No,Fiber optic,No,No,No,No,No,Month-to-month,Yes,Mailed check,70.7,70.7,No,4,20,123.02,Siliana
Male,0,Yes,Yes,4,Yes,No,DSL,No,No,No,No,No,Month-to-month,No,Mailed check,45.25,155.35,No,1,28,124.01,Kairouan
Male,0,No,No,2,Yes,No,Fiber optic,No,No,No,No,No,Month-to-month,Yes,Electronic check,70.3,144.0,No,1,8,19.99,Manouba
Male,0,Yes,No,72,Yes,Yes,Fiber optic,Yes,Yes,No,Yes,Yes,Two year,Yes,Credit card (automatic),108.95,7875.0,No,1,20,58.67,Sfax
Female,0,Yes,Yes,37,Yes,Yes,No,No internet service,No internet service,No internet service,No internet service,No internet service,Month-to-month,No,Mailed check,26.45,911.6,No,4,13,118.97,Tunis
Female,0,No,No,15,Yes,No,Fiber optic,Yes,No,No,Yes,No,Month-to-month,No,Electronic check,86.2,1270.2,Yes,9,0,25.8,Béja
Female,0,No,No,23,Yes,No,No,No internet service,No internet service,No internet service,No internet service,No internet service,One year,Yes,Credit card (automatic),19.65,478.1,No,3,13,88.32,Kairouan
Female,0,Yes,Yes,30,No,No phone service,DSL,No,No,No,Yes,Yes,Month-to-month,No,Credit card (automatic),51.2,1561.5,Yes,10,0,43.95,Béja
Female,0,Yes,Yes,42,Yes,No,No,No internet service,No internet service,No internet service,No internet service,No internet service,One year,Yes,Electronic check,19.05,761.85,No,2,22,11.34,Kairouan
Female,0,No,No,32,Yes,Yes,DSL,Yes,No,No,Yes,Yes,One year,No,Mailed check,74.75,2282.95,No,0,29,38.07,Tunis
Female,0,Yes,Yes,22,Yes,Yes,Fiber optic,No,No,No,No,No,Month-to-month,Yes,Bank transfer (automatic),75.8,1615.1,No,2,8,15.83,Ben Arous
Male,0,Yes,No,42,No,No phone service,DSL,No,No,No,No,No,Month-to-month,Yes,Credit card (automatic),25.1,1097.15,No,0,18,39.17,Mahdia
Female,0,No,No,8,Yes,No,DSL,No,No,No,No,No,Month-to-month,No,Mailed check,44.45,369.3,No,4,8,125.09,Kebili
Female,0,Yes,Yes,65,Yes,Yes,Fiber optic,Yes,No,Yes,Yes,Yes,Two year,Yes,Credit card (automatic),104.3,6725.3,No,3,20,83.39,Kairouan
Female,0,No,No,2,Yes,No,No,No internet service,No internet service,No internet service,No internet service,No internet service,Month-to-month,No,Mailed check,19.5,31.55,Yes,6,2,30.99,Sousse
Female,0,Yes,Yes,70,Yes,Yes,DSL,Yes,Yes,Yes,Yes,Yes,Two year,Yes,Bank transfer (automatic),89.0,6293.2,No,3,25,34.24,Tunis
Male,0,No,Yes,22,Yes,No,No,No internet service,No internet service,No internet service,No internet service,No internet service,Month-to-month,No,Credit card (automatic),20.15,432.5,No,3,8,80.13,Kasserine
Female,1,No,No,4,Yes,Yes,Fiber optic,No,No,No,No,No,Month-to-month,Yes,Electronic check,74.9,321.75,Yes,6,1,20.63,Tunis
Female,0,No,No,2,Yes,Yes,Fiber optic,No,No,No,No,No,Month-to-month,No,Credit card (automatic),74.9,147.15,Yes,9,0,28.44,Tunis
Female,0,Yes,Yes,67,No,No phone service,DSL,Yes,Yes,No,No,No,Two year,No,Bank transfer (automatic),36.15,2434.45,No,0,29,86.84,Sfax
Female,0,No,No,25,Yes,No,No,No internet service,No internet service,No internet service,No internet service,No internet service,Month-to-month,Yes,Credit card (automatic),19.2,532.1,No,4,9,49.21,Nabeul
Female,0,Yes,No,20,Yes,No,No,No internet service,No internet service,No internet service,No internet service,No internet service,Month-to-month,No,Bank transfer (automatic),19.25,375.25,No,1,8,21.55,Sidi Bouzid
Female,0,No,Yes,2,Yes,No,DSL,Yes,No,No,No,Yes,Month-to-month,Yes,Credit card (automatic),61.2,125.95,No,3,15,63.0,Kef
Male,0,No,No,51,Yes,No,No,No internet service,No internet service,No internet service,No internet service,No internet service,Two year,No,Mailed check,20.45,1042.65,No,4,8,147.16,Sfax
Female,0,Yes,Yes,46,No,No phone service,DSL,Yes,Yes,No,No,No,Month-to-month,No,Bank transfer (automatic),35.05,1620.25,No,0,26,67.9,Gabès
Female,0,No,No,25,Yes,Yes,Fiber optic,No,Yes,No,Yes,Yes,Month-to-month,Yes,Electronic check,100.25,2387.75,Yes,10,4,42.55,Kef
Male,0,No,Yes,13,Yes,No,DSL,No,No,No,No,No,Month-to-month,No,Mailed check,44.0,659.35,No,1,27,81.83,Kairouan
Female,1,No,No,25,Yes,Yes,Fiber optic,Yes,Yes,No,Yes,Yes,Month-to-month,Yes,Mailed check,102.8,2660.2,Yes,4,3,48.0,Gabès
Male,0,Yes,Yes,26,Yes,No,DSL,No,No,Yes,No,No,One year,No,Mailed check,50.35,1285.8,No,0,10,99.52,Tozeur
Male,0,No,No,43,Yes,Yes,Fiber optic,No,No,No,Yes,Yes,One year,Yes,Electronic check,100.0,4211.55,Yes,6,5,5.37,Gabès
Male,0,No,Yes,19,Yes,No,No,No internet service,No internet service,No internet service,No internet service,No internet service,Month-to-month,Yes,Electronic check,20.0,377.55,No,4,14,120.66,Ben Arous
Male,0,Yes,No,10,Yes,No,Fiber optic,No,Yes,No,Yes,Yes,Month-to-month,Yes,Electronic check,99.85,990.9,Yes,7,5,30.64,Gafsa
Female,0,No,Yes,2,Yes,Yes,Fiber optic,No,No,No,Yes,Yes,Month-to-month,Yes,Bank transfer (automatic),94.2,193.8,Yes,4,1,49.79,Béja
Female,0,Yes,No,72,Yes,Yes,DSL,Yes,Yes,No,Yes,Yes,Two year,Yes,Bank transfer (automatic),86.4,6058.95,No,0,30,94.0,Kebili
Male,1,No,No,18,Yes,Yes,DSL,Yes,Yes,No,No,No,Month-to-month,Yes,Credit card (automatic),58.4,964.9,No,3,10,25.64,Gabès
Male,1,No,No,9,Yes,Yes,Fiber optic,No,No,No,No,Yes,Month-to-month,Yes,Electronic check,83.85,790.15,Yes,9,3,32.59,Tunis
Female,1,No,No,27,Yes,Yes,Fiber optic,No,No,Yes,No,Yes,Month-to-month,No,Credit card (automatic),88.3,2467.75,Yes,8,2,49.11,Kairouan
Male,0,No,No,24,Yes,Yes,Fiber optic,No,No,No,Yes,Yes,Month-to-month,Yes,Electronic check,94.1,2322.85,No,3,23,28.11,Tozeur
Male,0,No,No,69,Yes,No,Fiber optic,No,Yes,Yes,Yes,Yes,One year,Yes,Bank transfer (automatic),104.05,7262.0,Yes,10,3,21.86,Bizerte
Female,0,Yes,No,46,Yes,Yes,Fiber optic,No,Yes,Yes,Yes,Yes,Two year,Yes,Credit card (automatic),108.9,4854.3,No,3,11,133.19,Monastir
Female,1,No,No,72,Yes,Yes,Fiber optic,Yes,Yes,Yes,No,Yes,Two year,Yes,Bank transfer (automatic),107.4,7748.75,No,4,30,77.16,Sfax
Male,0,Yes,No,22,Yes,No,Fiber optic,No,No,Yes,Yes,Yes,Month-to-month,Yes,Credit card (automatic),94.7,1914.9,Yes,9,4,29.8,Sousse
Female,1,Yes,No,70,Yes,Yes,Fiber optic,Yes,No,No,No,Yes,Month-to-month,Yes,Electronic check,90.85,6470.1,No,4,24,104.99,Monastir
Female,0,No,No,2,Yes,No,No,No internet service,No internet service,No internet service,No internet service,No internet service,Month-to-month,No,Electronic check,19.9,57.4,No,4,19,138.62,Sousse
Male,0,Yes,No,31,Yes,No,DSL,No,No,Yes,No,Yes,Month-to-month,Yes,Credit card (automatic),66.4,2019.8,No,1,11,133.25,Ben Arous
Female,1,Yes,No,56,Yes,Yes,Fiber optic,No,No,Yes,Yes,Yes,Month-to-month,Yes,Bank transfer (automatic),100.65,5688.05,Yes,6,5,18.83,Ariana
Female,0,Yes,Yes,16,Yes,No,Fiber optic,Yes,No,Yes,Yes,Yes,Month-to-month,No,Bank transfer (automatic),100.7,1522.7,No,3,20,144.73,Sfax
Male,0,No,Yes,52,Yes,Yes,No,No internet service,No internet service,No internet service,No internet service,No internet service,Two year,No,Credit card (automatic),25.6,1334.5,No,4,27,107.5,Tunis
Male,0,Yes,Yes,13,Yes,No,No,No internet service,No internet service,No internet service,No internet service,No internet service,Month-to-month,Yes,Mailed check,19.85,252.0,No,1,14,68.05,Gabès
Female,0,No,No,35,Yes,No,No,No internet service,No internet service,No internet service,No internet service,No internet service,One year,No,Mailed check,20.75,700.45,No,4,19,84.56,Sidi Bouzid
Female,0,No,No,59,Yes,No,Fiber optic,No,No,Yes,Yes,Yes,Two year,No,Electronic check,95.8,5655.45,No,0,7,134.71,Sfax
Male,0,Yes,No,72,Yes,No,Fiber optic,No,No,Yes,Yes,Yes,Month-to-month,Yes,Electronic check,94.65,6747.35,No,4,16,83.41,Sidi Bouzid
Female,1,Yes,No,66,Yes,Yes,DSL,No,Yes,Yes,Yes,Yes,Two year,Yes,Bank transfer (automatic),80.55,5265.1,Yes,4,0,38.67,Tozeur
Female,0,Yes,No,49,Yes,Yes,Fiber optic,Yes,Yes,Yes,No,Yes,Two year,No,Credit card (automatic),106.65,5174.35,No,1,15,112.96,Siliana
Female,0,No,No,2,Yes,No,DSL,No,No,No,No,No,Month-to-month,Yes,Mailed check,45.85,105.6,No,2,18,57.59,Sfax
Male,1,No,No,21,Yes,Yes,Fiber optic,No,Yes,Yes,Yes,Yes,Month-to-month,Yes,Electronic check,104.35,2271.85,No,1,30,124.82,Sousse
Male,1,No,No,54,No,No phone service,DSL,No,Yes,Yes,Yes,Yes,One year,Yes,Electronic check,55.45,2966.95,No,0,13,36.9,Sfax
Male,1,Yes,No,24,Yes,Yes,Fiber optic,Yes,No,No,No,No,Month-to-month,Yes,Electronic check,78.85,1772.25,Yes,8,5,32.93,Kairouan
Male,0,No,No,1,Yes,Yes,DSL,Yes,Yes,No,No,No,Month-to-month,No,Electronic check,61.15,61.15,No,0,11,121.4,Ariana
Male,0,No,No,6,Yes,No,Fiber optic,Yes,Yes,No,No,No,Month-to-month,Yes,Electronic check,78.95,494.95,No,2,11,88.62,Kebili
Female,0,No,No,1,Yes,No,DSL,No,No,No,No,No,Month-to-month,Yes,Mailed check,44.45,44.45,Yes,8,3,26.52,Tozeur
Male,0,No,Yes,49,Yes,Yes,Fiber optic,Yes,Yes,Yes,Yes,Yes,One year,Yes,Credit card (automatic),109.2,5290.45,No,4,20,122.85,Zaghouan
Female,0,Yes,Yes,56,Yes,No,DSL,Yes,Yes,Yes,No,No,Two year,Yes,Credit card (automatic),61.3,3346.8,No,0,19,96.92,Tunis
Female,1,No,No,56,Yes,Yes,Fiber optic,Yes,Yes,No,No,Yes,Month-to-month,Yes,Electronic check,96.85,5219.65,No,4,19,100.92,Ariana
Female,0,Yes,Yes,6,No,No phone service,DSL,No,Yes,Yes,No,No,Two year,No,Mailed check,40.55,217.5,No,0,24,104.74,Sfax
Male,0,No,No,32,Yes,No,No,No internet service,No internet service,No internet service,No internet service,No internet service,One year,No,Mailed check,19.8,607.7,No,2,11,102.08,Tunis
Male,0,Yes,Yes,50,Yes,Yes,Fiber optic,Yes,Yes,Yes,Yes,Yes,One year,Yes,Electronic check,108.25,5431.4,No,2,18,147.3,Médiénine
Male,0,Yes,Yes,58,Yes,Yes,Fiber optic,No,No,Yes,Yes,Yes,One year,Yes,Bank transfer (automatic),105.05,6004.85,No,3,7,81.11,Sousse
Female,0,Yes,Yes,65,Yes,Yes,DSL,Yes,Yes,Yes,Yes,Yes,Two year,Yes,Mailed check,90.45,5957.9,No,4,13,28.45,Tunis
Female,0,No,No,64,Yes,Yes,DSL,Yes,Yes,Yes,Yes,Yes,Two year,Yes,Credit card (automatic),86.4,5442.05,No,0,13,28.18,Tunis
Female,0,Yes,No,66,Yes,Yes,DSL,Yes,Yes,Yes,No,No,Two year,No,Bank transfer (automatic),66.9,4370.25,No,1,28,35.34,Sousse
Male,0,Yes,No,38,Yes,Yes,Fiber optic,Yes,No,Yes,Yes,Yes,One year,Yes,Electronic check,110.7,4428.6,No,4,15,149.2,Sidi Bouzid
Female,0,Yes,No,20,Yes,No,No,No internet service,No internet service,No internet service,No internet service,No internet service,One year,Yes,Mailed check,20.0,416.45,No,3,27,113.44,Zaghouan
Male,0,No,No,36,Yes,Yes,Fiber optic,No,No,No,No,Yes,Month-to-month,Yes,Electronic check,84.9,3067.2,Yes,9,2,22.38,Béja
Male,1,No,No,64,Yes,Yes,Fiber optic,No,No,Yes,Yes,Yes,One year,No,Electronic check,102.1,6688.1,No,4,20,143.85,Tunis
Male,0,No,No,1,Yes,No,No,No internet service,No internet service,No internet service,No internet service,No internet service,Month-to-month,No,Mailed check,20.25,20.25,Yes,4,0,42.9,Zaghouan
Female,0,No,No,60,Yes,No,DSL,No,Yes,Yes,Yes,No,One year,Yes,Credit card (automatic),70.15,4224.7,No,4,16,63.75,Sidi Bouzid
Male,0,No,No,1,Yes,No,Fiber optic,No,Yes,No,No,No,Month-to-month,Yes,Electronic check,74.35,74.35,Yes,4,0,25.73,Médiénine
Female,0,Yes,Yes,50,Yes,Yes,DSL,Yes,Yes,Yes,No,Yes,One year,Yes,Bank transfer (automatic),80.05,4042.2,No,4,23,100.93,Monastir
Male,0,No,No,1,Yes,Yes,DSL,No,No,Yes,No,No,Month-to-month,No,Mailed check,62.05,62.05,Yes,7,4,8.64,Médiénine
Female,0,Yes,No,72,No,No phone service,DSL,Yes,Yes,Yes,No,Yes,Two year,Yes,Electronic check,49.2,3580.95,No,0,23,136.63,Siliana
Male,0,Yes,No,60,Yes,No,No,No internet service,No internet service,No internet service,No internet service,No internet service,Two year,Yes,Bank transfer (automatic),20.5,1198.8,No,1,6,14.12,Kairouan
Male,0,No,No,46,No,No phone service,DSL,Yes,No,Yes,No,No,Two year,No,Mailed check,38.25,1755.35,No,1,21,115.91,Ariana
Female,0,Yes,Yes,69,No,No phone service,DSL,No,Yes,Yes,Yes,Yes,Two year,Yes,Credit card (automatic),54.95,3772.5,No,2,6,21.78,Gabès
Male,1,No,No,31,Yes,Yes,Fiber optic,No,No,Yes,Yes,No,Month-to-month,Yes,Bank transfer (automatic),96.6,2877.95,No,3,12,95.69,Béja
Male,0,Yes,Yes,19,Yes,No,No,No internet service,No internet service,No internet service,No internet service,No internet service,One year,No,Mailed check,19.9,357.7,No,2,14,119.16,Siliana
Female,0,Yes,Yes,71,Yes,No,No,No internet service,No internet service,No internet service,No internet service,No internet service,Two year,No,Credit card (automatic),19.9,1397.3,No,4,12,62.12,Monastir
Male,0,Yes,No,12,Yes,No,Fiber optic,Yes,Yes,Yes,No,No,Month-to-month,Yes,Electronic check,84.6,959.9,No,2,10,48.67,Bizerte
Male,0,Yes,Yes,39,Yes,No,DSL,Yes,No,Yes,Yes,Yes,One year,No,Credit card (automatic),80.0,3182.95,Yes,5,5,1.18,Kef
Male,0,No,No,44,Yes,Yes,DSL,No,Yes,Yes,Yes,Yes,One year,Yes,Bank transfer (automatic),85.25,3704.15,No,4,11,133.47,Nabeul
Female,0,Yes,Yes,56,Yes,Yes,DSL,Yes,Yes,Yes,Yes,No,Two year,No,Credit card (automatic),81.25,4620.4,No,3,7,23.44,Kairouan
Female,0,Yes,No,72,Yes,Yes,Fiber optic,Yes,Yes,Yes,Yes,Yes,Two year,Yes,Bank transfer (automatic),115.5,8312.75,No,2,14,26.16,Béja
Male,0,No,No,5,Yes,Yes,Fiber optic,No,Yes,Yes,Yes,Yes,Month-to-month,No,Mailed check,104.1,541.9,Yes,8,3,44.48,Sousse
Female,0,No,No,11,Yes,Yes,Fiber optic,Yes,No,No,No,No,Month-to-month,Yes,Bank transfer (automatic),79.0,929.3,No,3,14,51.21,Tunis
Male,1,Yes,No,24,No,No phone service,DSL,Yes,No,No,No,Yes,Month-to-month,No,Bank transfer (automatic),39.1,971.3,Yes,10,3,9.46,Tunis
Female,1,Yes,No,15,Yes,No,Fiber optic,No,Yes,No,Yes,Yes,Month-to-month,Yes,Electronic check,94.65,1285.05,No,4,16,123.81,Ariana
Male,0,No,No,72,Yes,No,No,No internet service,No internet service,No internet service,No internet service,No internet service,Two year,Yes,Mailed check,20.8,1521.2,No,3,19,127.52,Sousse
Male,0,Yes,No,56,Yes,Yes,DSL,No,Yes,Yes,No,No,Two year,No,Credit card (automatic),59.5,3389.25,No,2,12,19.91,Zaghouan
Male,1,No,No,64,Yes,No,No,No internet service,No internet service,No internet service,No internet service,No internet service,Two year,Yes,Bank transfer (automatic),20.05,1198.05,No,1,15,30.08,Ben Arous
Female,0,Yes,No,34,Yes,Yes,Fiber optic,No,No,Yes,Yes,Yes,Month-to-month,Yes,Electronic check,100.45,3414.65,No,4,11,98.63,Tunis
Male,0,No,No,2,Yes,Yes,Fiber optic,No,No,No,No,No,Month-to-month,Yes,Electronic check,76.5,162.45,Yes,7,0,43.0,Tunis
Male,0,No,No,35,Yes,No,No,No internet service,No internet service,No internet service,No internet service,No internet service,One year,No,Bank transfer (automatic),20.6,754.0,No,1,12,142.82,Ben Arous
Male,0,No,No,22,Yes,No,No,No internet service,No internet service,No internet service,No internet service,No internet service,One year,No,Credit card (automatic),20.3,467.15,No,4,17,76.97,Sidi Bouzid
Male,0,No,No,5,Yes,No,DSL,No,No,No,No,No,Month-to-month,Yes,Electronic check,49.2,216.9,Yes,6,2,2.64,Tunis
Male,0,No,No,9,No,No phone service,DSL,Yes,Yes,Yes,No,No,One year,No,Mailed check,39.55,373.0,No,1,12,10.86,Tunis
Male,0,No,No,11,Yes,Yes,No,No internet service,No internet service,No internet service,No internet service,No internet service,Month-to-month,No,Credit card (automatic),23.15,245.2,Yes,9,4,37.15,Tunis
Male,0,No,No,23,Yes,No,No,No internet service,No internet service,No internet service,No internet service,No internet service,One year,No,Mailed check,20.45,481.1,No,4,30,139.56,Bizerte
Female,0,Yes,Yes,4,Yes,No,Fiber optic,No,No,No,No,Yes,Month-to-month,No,Electronic check,80.85,302.75,Yes,10,1,10.48,Sousse
Male,0,Yes,No,68,Yes,Yes,No,No internet service,No internet service,No internet service,No internet service,No internet service,Two year,No,Bank transfer (automatic),25.25,1728.2,No,3,18,74.54,Sfax
Male,0,Yes,No,33,Yes,No,Fiber optic,No,No,No,Yes,Yes,Month-to-month,No,Electronic check,91.25,2964.05,No,4,19,120.49,Bizerte
Male,0,No,No,31,Yes,No,DSL,Yes,Yes,Yes,Yes,No,Month-to-month,Yes,Bank transfer (automatic),72.45,2156.25,No,0,23,82.67,Ben Arous
Male,0,No,No,1,Yes,Yes,DSL,No,Yes,No,No,No,Month-to-month,No,Mailed check,60.1,60.1,Yes,7,5,18.61,Tunis
Female,0,No,No,56,Yes,No,No,No internet service,No internet service,No internet service,No internet service,No internet service,Two year,No,Bank transfer (automatic),19.7,1051.9,No,4,5,129.85,Tunis
Male,0,No,No,1,Yes,No,Fiber optic,No,No,No,Yes,No,Month-to-month,Yes,Electronic check,78.95,78.95,Yes,7,0,15.47,Médiénine
Male,0,Yes,Yes,66,Yes,No,DSL,Yes,Yes,Yes,Yes,No,One year,Yes,Electronic check,75.1,5013.0,No,0,25,133.41,Siliana
Male,0,Yes,Yes,72,Yes,Yes,No,No internet service,No internet service,No internet service,No internet service,No internet service,Two year,No,Bank transfer (automatic),25.0,1738.9,No,0,20,135.24,Kairouan
Male,1,No,No,34,Yes,No,Fiber optic,No,No,No,No,No,Month-to-month,No,Credit card (automatic),69.15,2275.1,No,2,14,30.31,Tozeur
Female,0,Yes,Yes,58,Yes,No,Fiber optic,No,Yes,Yes,Yes,No,Month-to-month,Yes,Electronic check,91.55,5511.65,No,4,10,142.75,Gabès
Male,0,No,No,2,Yes,No,DSL,No,No,No,No,No,Month-to-month,Yes,Electronic check,45.15,98.5,Yes,5,0,36.01,Ariana
Male,0,No,No,37,No,No phone service,DSL,No,No,No,Yes,No,Two year,No,Credit card (automatic),35.8,1316.9,No,4,27,12.99,Sfax
Female,0,No,No,71,Yes,Yes,Fiber optic,Yes,Yes,Yes,Yes,Yes,Two year,Yes,Credit card (automatic),113.15,7993.3,No,0,17,88.41,Nabeul
Male,0,Yes,Yes,1,Yes,No,No,No internet service,No internet service,No internet service,No internet service,No internet service,One year,No,Credit card (automatic),19.85,19.85,No,0,8,33.44,Nabeul
Male,1,Yes,Yes,71,Yes,No,No,No internet service,No internet service,No internet service,No internet service,No internet service,Two year,No,Credit card (automatic),19.8,1388.45,No,2,14,28.56,Ariana
Male,0,Yes,Yes,35,Yes,No,No,No internet service,No internet service,No internet service,No internet service,No internet service,One year,No,Electronic check,19.9,666.0,No,1,29,80.12,Monastir
Female,0,Yes,Yes,6,Yes,No,No,No internet service,No internet service,No internet service,No internet service,No internet service,One year,No,Mailed check,19.7,94.45,No,3,29,13.31,Mahdia
Female,0,No,No,3,Yes,No,Fiber optic,No,No,No,Yes,No,Month-to-month,Yes,Electronic check,79.4,244.65,Yes,10,3,28.37,Siliana
Female,0,Yes,Yes,69,Yes,No,DSL,No,Yes,Yes,No,No,One year,No,Bank transfer (automatic),59.1,4134.7,No,3,10,107.45,Kasserine
Male,0,No,No,44,No,No phone service,DSL,No,Yes,Yes,Yes,Yes,One year,Yes,Mailed check,53.95,2375.4,Yes,7,3,16.23,Sfax
Female,0,Yes,No,53,Yes,Yes,Fiber optic,No,No,No,No,Yes,One year,Yes,Electronic check,91.15,4862.5,No,4,5,19.41,Nabeul
Female,0,Yes,No,24,Yes,No,Fiber optic,No,Yes,Yes,Yes,Yes,Month-to-month,Yes,Credit card (automatic),99.3,2431.35,Yes,6,5,4.49,Tunis
Female,0,Yes,No,5,Yes,No,Fiber optic,No,No,No,No,No,Month-to-month,Yes,Electronic check,68.95,351.5,No,4,13,83.43,Siliana
Female,0,No,Yes,2,Yes,No,DSL,No,Yes,No,No,No,Month-to-month,No,Mailed check,51.55,106.2,No,3,8,96.23,Ben Arous
Male,0,No,Yes,62,Yes,Yes,No,No internet service,No internet service,No internet service,No internet service,No internet service,Two year,Yes,Mailed check,24.4,1413.0,No,0,29,55.07,Sidi Bouzid
Female,0,Yes,No,19,Yes,No,Fiber optic,No,No,Yes,Yes,Yes,Month-to-month,Yes,Electronic check,96.8,1743.05,No,3,18,102.3,Bizerte
Male,0,No,No,9,Yes,No,Fiber optic,No,No,No,No,No,Month-to-month,No,Mailed check,70.05,657.5,No,3,30,88.93,Sfax
Male,0,No,No,53,Yes,No,No,No internet service,No internet service,No internet service,No internet service,No internet service,Two year,No,Credit card (automatic),19.5,1050.5,No,2,28,85.28,Monastir
Male,0,No,No,5,Yes,No,Fiber optic,No,No,No,No,Yes,Month-to-month,No,Mailed check,78.75,426.35,No,3,6,30.96,Kairouan
Female,1,Yes,Yes,71,Yes,Yes,DSL,Yes,Yes,No,Yes,No,One year,No,Electronic check,69.2,4982.5,No,4,18,116.0,Zaghouan
Female,0,No,No,1,Yes,No,No,No internet service,No internet service,No internet service,No internet service,No internet service,Month-to-month,Yes,Mailed check,19.55,19.55,No,2,12,128.45,Sousse
Male,0,No,No,18,Yes,Yes,Fiber optic,No,Yes,No,No,No,Month-to-month,Yes,Electronic check,80.65,1451.9,Yes,8,0,32.86,Monastir
Male,0,No,No,72,Yes,Yes,Fiber optic,No,Yes,Yes,Yes,Yes,Two year,Yes,Electronic check,103.65,7634.8,No,3,25,51.31,Nabeul
Female,0,Yes,No,4,Yes,No,DSL,Yes,Yes,No,No,No,Month-to-month,No,Mailed check,54.7,235.05,No,1,26,22.56,Kairouan
Male,0,No,No,59,Yes,Yes,DSL,No,No,Yes,No,No,Two year,No,Credit card (automatic),54.15,3116.15,No,1,7,99.01,Sfax
Female,0,No,No,1,Yes,No,Fiber optic,No,No,No,No,No,Month-to-month,No,Mailed check,71.1,71.1,Yes,9,3,32.41,Jendouba
Female,1,Yes,No,31,Yes,Yes,Fiber optic,No,No,No,No,Yes,Month-to-month,Yes,Electronic check,84.85,2633.4,No,4,11,71.66,Bizerte
Male,0,Yes,No,3,Yes,No,No,No internet service,No internet service,No internet service,No internet service,No internet service,Month-to-month,No,Bank transfer (automatic),20.0,49.65,No,0,11,40.56,Tunis
Female,1,Yes,No,65,Yes,Yes,Fiber optic,No,Yes,Yes,Yes,Yes,One year,Yes,Electronic check,106.25,6979.8,Yes,8,1,31.36,Ariana
Male,0,Yes,No,49,Yes,No,Fiber optic,No,No,Yes,Yes,Yes,One year,Yes,Credit card (automatic),99.25,4920.8,No,1,5,23.41,Sidi Bouzid
Male,0,No,No,2,Yes,No,No,No internet service,No internet service,No internet service,No internet service,No internet service,Month-to-month,No,Mailed check,19.35,46.35,No,3,27,148.78,Ariana
Female,0,Yes,No,53,Yes,No,No,No internet service,No internet service,No internet service,No internet service,No internet service,One year,No,Bank transfer (automatic),20.8,1021.8,Yes,9,3,2.55,Gafsa
Female,0,Yes,No,55,Yes,No,Fiber optic,Yes,No,No,Yes,Yes,One year,Yes,Electronic check,94.75,5276.1,No,3,7,69.85,Gafsa
Male,0,Yes,Yes,72,Yes,Yes,Fiber optic,Yes,Yes,Yes,Yes,Yes,Two year,Yes,Credit card (automatic),114.05,8289.2,No,1,26,35.02,Kebili
Female,1,No,No,36,Yes,Yes,Fiber optic,No,No,No,No,No,Month-to-month,Yes,Bank transfer (automatic),74.9,2659.45,No,4,22,33.4,Sousse
Female,0,Yes,Yes,10,Yes,No,No,No internet service,No internet service,No internet service,No internet service,No internet service,Month-to-month,Yes,Bank transfer (automatic),19.8,196.75,No,2,9,77.7,Gafsa
Male,1,No,No,1,Yes,Yes,Fiber optic,No,No,No,Yes,Yes,Month-to-month,Yes,Electronic check,94.0,94.0,Yes,5,4,35.15,Sousse
Female,0,Yes,Yes,72,Yes,Yes,DSL,Yes,Yes,Yes,No,Yes,Two year,No,Bank transfer (automatic),80.85,5824.75,No,4,12,57.55,Ariana
Female,0,No,No,28,Yes,No,DSL,No,Yes,No,No,No,Month-to-month,No,Bank transfer (automatic),54.65,1517.5,No,2,17,34.86,Sidi Bouzid
Male,0,Yes,No,38,Yes,Yes,Fiber optic,Yes,No,No,Yes,No,Month-to-month,No,Bank transfer (automatic),91.7,3479.05,No,0,5,130.23,Médiénine
Female,0,No,No,61,Yes,Yes,Fiber optic,Yes,Yes,Yes,Yes,Yes,One year,Yes,Electronic check,118.6,7365.7,No,2,9,58.11,Tunis
Male,0,Yes,Yes,52,Yes,Yes,No,No internet service,No internet service,No internet service,No internet service,No internet service,Two year,No,Mailed check,24.55,1331.05,No,3,13,37.89,Gabès
Male,0,No,No,67,Yes,No,No,No internet service,No internet service,No internet service,No internet service,No internet service,One year,Yes,Mailed check,19.45,1195.95,No,4,14,30.14,Bizerte
Female,0,No,Yes,34,Yes,Yes,Fiber optic,Yes,Yes,Yes,Yes,Yes,Two year,Yes,Credit card (automatic),116.15,3946.9,No,3,25,66.42,Tunis
Female,0,No,No,54,Yes,No,DSL,Yes,No,Yes,Yes,Yes,Two year,No,Electronic check,80.6,4299.95,No,3,20,69.54,Manouba
Female,0,Yes,No,1,Yes,No,No,No internet service,No internet service,No internet service,No internet service,No internet service,Month-to-month,Yes,Bank transfer (automatic),20.3,20.3,No,2,22,96.38,Tunis
Female,1,No,No,15,Yes,Yes,Fiber optic,No,Yes,No,No,Yes,Month-to-month,No,Electronic check,89.85,1424.95,Yes,7,5,6.99,Sidi Bouzid
Female,0,No,No,4,Yes,No,DSL,No,No,No,No,No,Month-to-month,Yes,Mailed check,46.0,193.6,Yes,7,0,24.07,Ben Arous
Female,0,No,No,9,Yes,No,DSL,No,Yes,No,Yes,No,Month-to-month,No,Mailed check,66.25,620.55,Yes,10,3,4.04,Tunis
Female,0,No,Yes,46,Yes,No,Fiber optic,No,Yes,Yes,Yes,Yes,Month-to-month,Yes,Electronic check,99.8,4391.25,No,0,30,132.29,Kairouan
Female,0,No,No,22,Yes,Yes,Fiber optic,No,No,No,Yes,No,Month-to-month,Yes,Electronic check,90.0,1993.8,Yes,7,2,40.38,Ben Arous
Male,0,No,No,38,Yes,No,Fiber optic,No,No,No,No,No,One year,Yes,Bank transfer (automatic),70.45,2597.6,Yes,8,3,4.84,Kairouan
Female,0,Yes,Yes,55,Yes,Yes,DSL,Yes,Yes,No,Yes,No,One year,Yes,Credit card (automatic),75.0,4213.9,No,1,23,70.58,Sidi Bouzid
Female,0,No,No,1,Yes,No,No,No internet service,No internet service,No internet service,No internet service,No internet service,Month-to-month,No,Mailed check,19.9,19.9,No,1,15,96.28,Bizerte
Male,1,Yes,No,64,Yes,No,Fiber optic,Yes,No,Yes,No,No,One year,No,Credit card (automatic),80.3,5017.7,No,1,28,37.66,Sidi Bouzid
Male,0,No,Yes,53,Yes,No,No,No internet service,No internet service,No internet service,No internet service,No internet service,Two year,No,Bank transfer (automatic),19.75,1052.35,Yes,9,3,44.95,Kasserine
Female,0,Yes,No,58,Yes,Yes,DSL,Yes,No,Yes,Yes,Yes,Two year,Yes,Electronic check,84.3,4916.4,No,4,22,130.37,Bizerte
Male,0,Yes,No,56,No,No phone service,DSL,No,No,Yes,Yes,Yes,One year,Yes,Bank transfer (automatic),54.05,2959.8,No,4,23,45.63,Ben Arous
Male,0,Yes,Yes,72,Yes,No,Fiber optic,Yes,No,Yes,Yes,Yes,Two year,Yes,Credit card (automatic),104.9,7559.55,No,3,26,91.42,Kef
Male,0,No,No,1,Yes,No,DSL,Yes,No,No,No,No,Month-to-month,Yes,Electronic check,53.95,53.95,Yes,10,3,7.96,Kairouan
Male,1,Yes,No,72,Yes,Yes,Fiber optic,No,Yes,No,Yes,Yes,One year,Yes,Credit card (automatic),97.25,7133.1,No,3,10,43.25,Sfax
Male,0,No,No,22,Yes,Yes,Fiber optic,No,No,No,No,Yes,Month-to-month,No,Electronic check,83.05,1799.3,No,4,22,115.18,Kairouan
Female,1,No,No,8,Yes,Yes,Fiber optic,No,Yes,Yes,Yes,Yes,Month-to-month,Yes,Electronic check,105.5,829.55,Yes,8,0,42.36,Tunis
Female,0,No,Yes,16,Yes,No,Fiber optic,No,No,No,Yes,No,Month-to-month,Yes,Electronic check,81.0,1312.15,Yes,5,5,8.68,Sfax
Female,0,No,No,39,No,No phone service,DSL,No,Yes,Yes,No,No,Month-to-month,No,Bank transfer (automatic),41.1,1597.05,No,3,14,91.55,Mahdia
Female,0,No,No,12,Yes,No,DSL,No,No,No,No,No,Month-to-month,Yes,Bank transfer (automatic),45.0,524.35,No,4,20,21.13,Sfax
Male,0,Yes,No,54,Yes,No,DSL,Yes,Yes,No,Yes,Yes,Two year,Yes,Bank transfer (automatic),74.55,4191.45,No,3,11,60.1,Gabès
Female,0,No,No,18,No,No phone service,DSL,Yes,Yes,No,No,No,One year,Yes,Mailed check,40.2,711.95,No,4,29,146.75,Zaghouan
Male,0,Yes,No,32,Yes,No,DSL,Yes,Yes,No,No,Yes,One year,No,Mailed check,70.5,2201.75,No,0,7,73.46,Tunis
Female,0,No,No,41,Yes,No,No,No internet service,No internet service,No internet service,No internet service,No internet service,One year,Yes,Mailed check,19.75,806.95,No,2,13,30.89,Tozeur
Male,0,Yes,Yes,67,Yes,Yes,No,No internet service,No internet service,No internet service,No internet service,No internet service,Two year,No,Bank transfer (automatic),24.65,1620.45,No,0,18,70.56,Médiénine
Male,0,Yes,No,65,Yes,Yes,Fiber optic,Yes,No,Yes,Yes,Yes,Month-to-month,Yes,Electronic check,104.25,6812.95,No,3,7,50.78,Jendouba
Female,0,No,No,25,Yes,Yes,DSL,Yes,Yes,Yes,Yes,No,Month-to-month,Yes,Bank transfer (automatic),78.35,1837.9,No,0,27,58.6,Tunis
Female,0,Yes,Yes,1,Yes,No,Fiber optic,No,No,No,No,No,Month-to-month,Yes,Electronic check,69.8,69.8,Yes,5,5,24.85,Kasserine
Female,0,Yes,No,67,Yes,Yes,Fiber optic,No,Yes,Yes,Yes,Yes,One year,Yes,Credit card (automatic),109.7,7344.45,No,2,22,134.37,Kasserine
Male,1,No,No,7,Yes,Yes,Fiber optic,No,No,No,No,No,Month-to-month,No,Mailed check,73.75,545.15,Yes,9,5,38.77,Tunis
Female,1,No,No,43,No,No phone service,DSL,Yes,Yes,No,No,No,Month-to-month,Yes,Credit card (automatic),33.45,1500.25,No,0,26,145.76,Sfax
Female,0,No,No,24,Yes,No,Fiber optic,Yes,No,No,Yes,Yes,Month-to-month,Yes,Electronic check,94.6,2283.15,No,3,27,123.45,Sfax
Male,1,No,No,9,Yes,Yes,DSL,Yes,No,No,No,No,Month-to-month,No,Electronic check,54.55,494.05,Yes,4,1,16.76,Bizerte
Male,0,Yes,Yes,69,Yes,No,No,No internet service,No internet service,No internet service,No internet service,No internet service,Two year,No,Bank transfer (automatic),20.2,1376.5,No,4,14,70.18,Mahdia
Female,0,No,Yes,37,Yes,No,No,No internet service,No internet service,No internet service,No internet service,No internet service,One year,No,Bank transfer (automatic),20.3,755.4,No,2,26,99.95,Ariana
Male,0,Yes,Yes,20,No,No phone service,DSL,Yes,No,Yes,No,No,Two year,Yes,Credit card (automatic),39.4,825.4,No,4,19,36.45,Kairouan
Male,0,No,No,7,Yes,No,Fiber optic,No,No,No,No,No,Month-to-month,No,Bank transfer (automatic),69.15,488.65,No,2,11,50.37,Kairouan
Female,1,No,No,37,Yes,Yes,Fiber optic,No,No,No,No,No,Month-to-month,Yes,Electronic check,76.25,2841.55,Yes,10,0,42.33,Jendouba
Female,0,No,No,5,Yes,Yes,Fiber optic,No,No,No,Yes,Yes,Month-to-month,Yes,Mailed check,93.9,486.85,Yes,9,4,38.23,Kairouan
Male,0,No,No,41,No,No phone service,DSL,No,No,Yes,Yes,Yes,One year,Yes,Electronic check,51.35,2075.1,No,1,30,26.07,Tunis
Female,0,No,No,54,Yes,No,Fiber optic,Yes,Yes,No,Yes,Yes,One year,Yes,Credit card (automatic),100.05,5299.65,No,3,6,58.37,Gabès
Female,1,No,No,3,Yes,No,Fiber optic,No,No,No,No,No,Month-to-month,Yes,Electronic check,70.4,204.7,Yes,10,0,25.09,Nabeul
Male,1,No,No,69,Yes,No,No,No internet service,No internet service,No internet service,No internet service,No internet service,Two year,No,Credit card (automatic),20.3,1356.3,No,0,8,147.47,Kasserine
Female,0,No,No,53,Yes,No,Fiber optic,No,Yes,Yes,No,Yes,One year,Yes,Credit card (automatic),94.45,5042.75,No,3,18,107.42,Kef
Male,0,Yes,Yes,18,No,No phone service,DSL,No,Yes,Yes,Yes,No,One year,No,Credit card (automatic),46.4,812.4,No,0,25,17.29,Ben Arous
Male,0,Yes,No,64,Yes,No,Fiber optic,Yes,Yes,No,Yes,Yes,Two year,Yes,Credit card (automatic),104.05,6605.55,No,0,19,145.21,Jendouba
Female,0,Yes,Yes,31,Yes,Yes,Fiber optic,No,Yes,No,No,Yes,Month-to-month,Yes,Electronic check,91.15,2995.45,Yes,8,3,6.16,Nabeul
Female,0,No,No,20,No,No phone service,DSL,No,No,No,No,No,Month-to-month,No,Credit card (automatic),24.9,505.95,No,3,22,110.18,Tunis
Male,0,Yes,Yes,57,Yes,No,DSL,Yes,Yes,No,No,No,One year,No,Mailed check,59.6,3509.4,No,3,19,106.56,Médiénine
Male,1,Yes,No,63,Yes,Yes,Fiber optic,Yes,Yes,Yes,Yes,Yes,Two year,No,Credit card (automatic),108.5,6991.9,No,1,17,62.83,Jendouba
Male,0,Yes,Yes,13,No,No phone service,DSL,Yes,Yes,No,No,No,Two year,No,Mailed check,40.55,590.35,No,1,25,94.63,Tozeur
Female,1,Yes,No,48,Yes,No,DSL,No,Yes,No,No,Yes,One year,Yes,Bank transfer (automatic),58.95,2789.7,No,3,18,76.23,Sousse
Female,0,No,No,2,Yes,No,Fiber optic,No,No,No,No,No,Month-to-month,Yes,Electronic check,70.95,137.95,Yes,5,0,44.81,Tunis
Male,0,Yes,Yes,57,Yes,No,No,No internet service,No internet service,No internet service,No internet service,No internet service,Two year,No,Mailed check,20.75,1123.15,No,3,26,148.72,Sousse
Male,0,Yes,No,71,Yes,Yes,Fiber optic,No,Yes,Yes,Yes,Yes,One year,Yes,Bank transfer (automatic),113.15,7953.25,No,0,20,104.21,Sidi Bouzid
Female,0,Yes,Yes,7,Yes,Yes,DSL,No,No,No,No,No,Month-to-month,No,Electronic check,48.8,349.8,No,4,11,10.59,Kef
Female,0,No,No,16,Yes,Yes,DSL,No,No,No,No,Yes,Month-to-month,Yes,Bank transfer (automatic),63.05,1067.05,No,0,21,108.54,Sfax
Male,0,Yes,No,34,Yes,Yes,Fiber optic,No,No,Yes,Yes,Yes,Month-to-month,No,Electronic check,100.85,3527.3,No,2,20,141.43,Sousse
Female,0,Yes,No,37,Yes,Yes,Fiber optic,No,No,Yes,Yes,Yes,Month-to-month,Yes,Electronic check,99.5,3762.0,Yes,8,2,31.1,Tunis
Male,0,No,No,16,Yes,Yes,Fiber optic,No,Yes,No,No,No,Month-to-month,Yes,Mailed check,80.55,1248.9,No,1,17,55.45,Ariana
Male,0,No,Yes,48,Yes,Yes,DSL,Yes,Yes,Yes,No,No,One year,Yes,Bank transfer (automatic),64.4,3035.35,No,2,11,60.58,Manouba
Male,0,Yes,Yes,58,Yes,No,DSL,No,Yes,No,Yes,Yes,One year,Yes,Credit card (automatic),75.2,4300.8,No,2,22,103.69,Médiénine
Female,0,Yes,No,72,Yes,Yes,DSL,Yes,No,Yes,Yes,Yes,Two year,Yes,Bank transfer (automatic),84.9,6065.3,No,3,15,14.64,Ariana
Female,0,No,No,7,Yes,No,No,No internet service,No internet service,No internet service,No internet service,No internet service,Month-to-month,No,Mailed check,19.3,144.95,No,1,13,139.67,Bizerte
Female,0,No,No,38,Yes,No,Fiber optic,Yes,Yes,Yes,No,No,Month-to-month,Yes,Credit card (automatic),83.9,3233.6,Yes,8,5,33.99,Jendouba
Female,1,Yes,No,48,Yes,Yes,Fiber optic,Yes,Yes,Yes,Yes,Yes,Month-to-month,No,Electronic check,117.45,5438.9,Yes,7,3,3.52,Ben Arous
Male,0,No,No,10,Yes,No,Fiber optic,Yes,Yes,Yes,Yes,Yes,Month-to-month,Yes,Electronic check,104.4,1081.45,Yes,4,4,26.0,Tunis
Female,0,No,No,30,Yes,No,DSL,Yes,Yes,Yes,Yes,No,One year,No,Credit card (automatic),74.65,2308.6,No,0,5,16.04,Manouba
Male,0,Yes,No,31,Yes,Yes,DSL,No,No,No,Yes,No,Month-to-month,Yes,Credit card (automatic),59.05,1882.8,No,3,22,100.6,Zaghouan
Female,1,No,No,46,Yes,Yes,DSL,No,No,Yes,No,Yes,One year,Yes,Credit card (automatic),69.1,3255.35,No,2,17,71.98,Tunis
Male,0,Yes,No,50,Yes,No,No,No internet service,No internet service,No internet service,No internet service,No internet service,Two year,No,Mailed check,20.55,1067.65,No,2,24,106.88,Sfax
Male,0,Yes,No,28,Yes,No,Fiber optic,No,No,No,No,No,Month-to-month,No,Bank transfer (automatic),76.55,2065.4,No,4,19,139.86,Jendouba
Female,0,No,No,66,No,No phone service,DSL,Yes,Yes,Yes,Yes,Yes,Two year,Yes,Bank transfer (automatic),62.5,4136.4,No,1,20,76.51,Bizerte
Male,1,No,No,8,No,No phone service,DSL,No,No,Yes,No,No,Month-to-month,Yes,Electronic check,29.4,221.9,Yes,4,1,1.98,Bizerte
Female,0,Yes,Yes,41,Yes,No,Fiber optic,No,No,Yes,Yes,Yes,Month-to-month,Yes,Bank transfer (automatic),94.9,3848.0,No,1,24,14.53,Tunis
Male,1,Yes,No,72,Yes,Yes,Fiber optic,No,Yes,Yes,Yes,Yes,Two year,Yes,Bank transfer (automatic),111.65,8022.85,No,0,9,70.24,Tunis
Female,0,No,No,7,Yes,No,No,No internet service,No internet service,No internet service,No internet service,No internet service,One year,No,Mailed check,19.9,173.15,No,1,5,105.07,Ben Arous
Female,0,Yes,Yes,38,Yes,No,No,No internet service,No internet service,No internet service,No internet service,No internet service,Month-to-month,No,Mailed check,20.45,781.25,No,3,19,129.73,Monastir
Male,0,No,No,44,Yes,No,Fiber optic,Yes,Yes,Yes,Yes,Yes,One year,Yes,Electronic check,106.05,4510.8,No,3,20,26.14,Bizerte
Male,0,Yes,Yes,47,Yes,Yes,Fiber optic,Yes,Yes,Yes,Yes,Yes,One year,Yes,Bank transfer (automatic),113.45,5317.8,No,3,26,43.34,Ben Arous
Male,0,Yes,Yes,53,Yes,No,Fiber optic,No,Yes,No,Yes,No,Month-to-month,Yes,Electronic check,92.55,4779.45,No,3,14,31.19,Tozeur
Male,0,Yes,No,4,Yes,Yes,DSL,No,No,Yes,Yes,No,Month-to-month,No,Electronic check,65.6,250.1,No,2,10,118.29,Bizerte
Male,1,No,No,20,Yes,Yes,Fiber optic,No,No,No,Yes,No,Month-to-month,Yes,Electronic check,84.35,1745.2,No,2,27,43.8,Nabeul
Male,0,No,No,2,Yes,No,DSL,No,No,No,No,No,Month-to-month,No,Mailed check,44.65,74.9,Yes,10,2,35.83,Tunis
Male,1,Yes,No,57,Yes,Yes,DSL,No,Yes,Yes,Yes,No,One year,Yes,Credit card (automatic),71.1,4140.1,No,1,7,20.96,Kairouan
Female,1,Yes,No,44,Yes,No,Fiber optic,Yes,Yes,No,No,No,Month-to-month,Yes,Electronic check,85.15,3670.5,No,4,23,21.88,Tunis
Male,0,No,No,24,Yes,No,DSL,No,No,Yes,No,No,Month-to-month,Yes,Mailed check,49.7,1167.8,No,1,30,82.72,Sousse
Male,0,Yes,Yes,15,No,No phone service,DSL,Yes,No,No,No,No,Month-to-month,Yes,Bank transfer (automatic),30.2,469.65,No,0,28,108.38,Tunis
Female,0,No,No,3,No,No phone service,DSL,No,No,No,No,No,Month-to-month,No,Electronic check,25.25,58.9,Yes,6,4,18.28,Tunis
Female,0,No,Yes,4,Yes,Yes,Fiber optic,No,Yes,Yes,No,No,Month-to-month,No,Bank transfer (automatic),84.05,333.55,Yes,6,2,4.9,Tunis
Male,1,Yes,No,37,Yes,Yes,Fiber optic,No,No,No,Yes,No,Month-to-month,Yes,Electronic check,85.7,3171.15,Yes,5,0,3.95,Tunis
Female,0,No,No,1,Yes,No,Fiber optic,No,Yes,No,No,No,Month-to-month,Yes,Electronic check,74.7,74.7,Yes,5,0,44.0,Siliana
Female,0,No,No,24,Yes,No,DSL,Yes,No,No,No,No,Month-to-month,No,Credit card (automatic),56.35,1381.2,No,1,24,84.89,Kef
Female,0,No,No,5,Yes,Yes,Fiber optic,No,Yes,No,Yes,No,Month-to-month,Yes,Electronic check,90.8,455.5,Yes,6,4,6.89,Médiénine
Female,0,No,No,33,Yes,Yes,Fiber optic,No,Yes,Yes,Yes,Yes,Month-to-month,No,Electronic check,107.55,3645.5,No,4,19,104.37,Sousse
Female,0,Yes,Yes,58,Yes,No,No,No internet service,No internet service,No internet service,No internet service,No internet service,Two year,Yes,Mailed check,19.85,1158.85,No,0,9,38.1,Ben Arous
Female,0,Yes,Yes,72,Yes,Yes,Fiber optic,Yes,Yes,No,Yes,No,Two year,Yes,Bank transfer (automatic),95.9,6954.15,No,3,9,35.42,Bizerte
Female,0,Yes,No,71,Yes,Yes,No,No internet service,No internet service,No internet service,No internet service,No internet service,Two year,No,Mailed check,23.85,1672.1,No,3,7,116.8,Sousse
Female,1,No,No,28,Yes,Yes,Fiber optic,No,Yes,Yes,Yes,Yes,Month-to-month,Yes,Electronic check,106.15,3152.5,Yes,4,5,18.84,Ben Arous
Male,0,Yes,No,51,Yes,No,DSL,Yes,Yes,Yes,Yes,Yes,Two year,Yes,Credit card (automatic),83.85,4307.1,No,2,12,69.24,Mahdia
Female,0,No,No,30,Yes,No,DSL,Yes,Yes,Yes,Yes,Yes,One year,No,Bank transfer (automatic),85.35,2530.4,Yes,9,3,41.61,Siliana
Male,1,Yes,No,72,Yes,No,Fiber optic,Yes,Yes,No,No,No,Two year,Yes,Credit card (automatic),84.8,6141.65,No,2,22,99.46,Sousse
Male,1,No,No,36,Yes,Yes,Fiber optic,Yes,No,No,Yes,No,Month-to-month,Yes,Electronic check,90.85,3186.7,Yes,4,0,15.2,Gabès
Male,0,No,Yes,14,Yes,No,DSL,Yes,Yes,Yes,No,Yes,Two year,No,Bank transfer (automatic),76.1,1054.8,No,0,17,133.17,Sfax
Female,0,Yes,Yes,72,Yes,Yes,DSL,Yes,Yes,No,Yes,No,Two year,No,Mailed check,74.55,5430.65,No,4,27,56.62,Sousse
Female,0,Yes,Yes,22,No,No phone service,DSL,No,Yes,No,Yes,No,Month-to-month,No,Electronic check,39.2,849.9,No,1,7,36.26,Gabès
Female,0,No,No,2,Yes,Yes,Fiber optic,No,Yes,No,No,No,Month-to-month,No,Electronic check,79.55,151.75,No,2,12,71.91,Sidi Bouzid
Female,0,No,No,15,Yes,No,No,No internet service,No internet service,No internet service,No internet service,No internet service,Month-to-month,No,Mailed check,19.6,299.4,No,3,10,31.88,Béja
Male,0,Yes,Yes,51,Yes,No,No,No internet service,No internet service,No internet service,No internet service,No internet service,Two year,No,Credit card (automatic),19.55,1086.75,No,0,7,73.61,Sidi Bouzid
Male,0,Yes,No,70,No,No phone service,DSL,Yes,No,Yes,No,No,Two year,Yes,Credit card (automatic),39.15,2692.75,No,3,21,57.0,Sfax
Female,0,Yes,Yes,71,Yes,No,No,No internet service,No internet service,No internet service,No internet service,No internet service,Two year,No,Bank transfer (automatic),20.1,1389.6,No,0,12,110.25,Sfax
Female,0,Yes,Yes,39,Yes,Yes,Fiber optic,No,No,No,Yes,Yes,Month-to-month,Yes,Credit card (automatic),99.95,3767.4,No,1,9,78.6,Sidi Bouzid
Female,0,Yes,Yes,61,Yes,Yes,DSL,Yes,Yes,No,No,No,Month-to-month,No,Electronic check,59.8,3641.5,No,4,11,113.92,Tozeur
Female,0,No,No,52,Yes,No,DSL,Yes,No,No,No,No,Month-to-month,Yes,Bank transfer (automatic),49.75,2535.55,No,1,25,31.43,Jendouba
Female,0,No,No,1,No,No phone service,DSL,No,No,No,Yes,No,Month-to-month,Yes,Electronic check,35.75,35.75,Yes,4,5,45.42,Sfax
Male,0,Yes,No,64,Yes,Yes,Fiber optic,Yes,No,Yes,Yes,Yes,One year,Yes,Mailed check,108.5,6880.85,No,4,29,62.72,Zaghouan
Male,0,Yes,No,62,Yes,No,DSL,No,Yes,Yes,No,No,Two year,Yes,Credit card (automatic),60.15,3753.2,No,2,21,115.54,Ben Arous
Male,0,Yes,No,30,Yes,No,No,No internet service,No internet service,No internet service,No internet service,No internet service,Two year,No,Mailed check,19.05,637.55,No,0,24,138.16,Tunis
Female,1,Yes,Yes,4,Yes,No,DSL,No,No,No,No,No,Month-to-month,No,Electronic check,46.0,181.6,Yes,7,1,3.25,Béja
Male,1,Yes,No,63,Yes,No,DSL,Yes,Yes,Yes,Yes,Yes,One year,Yes,Bank transfer (automatic),84.0,5329.55,No,3,29,84.61,Tunis
Female,0,No,No,1,Yes,No,DSL,No,No,No,No,No,Month-to-month,Yes,Credit card (automatic),44.55,44.55,No,4,9,143.15,Kairouan
Male,0,Yes,No,15,Yes,Yes,Fiber optic,No,No,Yes,Yes,Yes,Month-to-month,Yes,Electronic check,103.45,1539.8,No,4,5,95.03,Kairouan
Male,0,Yes,Yes,27,Yes,No,Fiber optic,Yes,Yes,No,No,No,One year,Yes,Credit card (automatic),80.65,2209.75,No,3,10,82.0,Tunis
Female,0,No,Yes,4,No,No phone service,DSL,Yes,Yes,Yes,Yes,Yes,Month-to-month,Yes,Mailed check,57.2,223.75,No,3,24,100.26,Sfax
Female,0,Yes,No,72,Yes,Yes,Fiber optic,Yes,Yes,Yes,Yes,Yes,Two year,Yes,Electronic check,110.75,7751.7,No,2,27,112.36,Tunis
Male,1,Yes,No,45,Yes,Yes,No,No internet service,No internet service,No internet service,No internet service,No internet service,One year,No,Credit card (automatic),24.7,1174.35,No,3,27,140.72,Bizerte
Female,1,No,No,45,Yes,Yes,Fiber optic,Yes,Yes,No,Yes,No,Month-to-month,Yes,Electronic check,97.05,4385.05,No,4,27,143.36,Sousse
Female,0,No,No,36,Yes,No,DSL,Yes,Yes,Yes,Yes,No,One year,Yes,Mailed check,76.35,2606.35,No,3,19,145.46,Sidi Bouzid
Male,0,Yes,Yes,17,Yes,No,Fiber optic,Yes,No,Yes,Yes,No,Month-to-month,Yes,Electronic check,89.4,1539.45,Yes,4,1,46.3,Tunis
Male,0,No,No,1,Yes,No,No,No internet service,No internet service,No internet service,No internet service,No internet service,Month-to-month,No,Mailed check,18.9,18.9,No,3,26,27.99,Zaghouan
Male,1,No,No,16,Yes,Yes,Fiber optic,No,No,No,No,No,Month-to-month,Yes,Bank transfer (automatic),74.45,1261.35,No,3,16,100.73,Tunis
Male,0,No,No,3,Yes,No,No,No internet service,No internet service,No internet service,No internet service,No internet service,Month-to-month,Yes,Mailed check,19.8,58.15,Yes,7,5,26.68,Bizerte
Male,0,Yes,Yes,4,Yes,Yes,DSL,No,No,No,No,No,Month-to-month,Yes,Electronic check,50.9,225.6,Yes,8,2,8.67,Tunis
Female,0,Yes,No,71,Yes,No,DSL,Yes,Yes,Yes,Yes,Yes,Two year,Yes,Credit card (automatic),84.4,5969.3,No,3,7,62.96,Kasserine
Male,0,Yes,Yes,10,Yes,Yes,No,No internet service,No internet service,No internet service,No internet service,No internet service,Month-to-month,Yes,Mailed check,24.4,253.9,No,2,6,78.03,Kasserine
Male,0,Yes,Yes,20,Yes,No,No,No internet service,No internet service,No internet service,No internet service,No internet service,Two year,No,Mailed check,20.05,400.0,No,2,6,40.27,Ben Arous
Male,0,No,No,4,Yes,No,Fiber optic,No,No,No,Yes,No,Month-to-month,Yes,Electronic check,81.0,340.85,Yes,6,5,22.32,Siliana
Male,0,No,No,26,Yes,Yes,Fiber optic,No,No,Yes,Yes,Yes,Month-to-month,Yes,Electronic check,98.35,2515.3,Yes,4,1,29.86,Béja
Female,0,No,No,4,Yes,No,DSL,No,No,No,Yes,No,Month-to-month,No,Credit card (automatic),55.5,227.35,No,2,26,85.21,Bizerte
Male,0,No,No,5,No,No phone service,DSL,No,Yes,No,Yes,Yes,Month-to-month,Yes,Mailed check,51.0,305.95,Yes,10,2,32.46,Gabès
Female,0,Yes,No,4,Yes,Yes,Fiber optic,No,Yes,No,Yes,No,Month-to-month,Yes,Electronic check,91.65,365.4,Yes,8,3,27.49,Ariana
Male,1,Yes,No,29,Yes,Yes,Fiber optic,No,No,No,No,Yes,Month-to-month,Yes,Electronic check,84.3,2357.75,No,3,17,36.41,Bizerte
Male,0,No,No,2,Yes,No,Fiber optic,Yes,Yes,No,Yes,Yes,Month-to-month,No,Electronic check,100.2,198.5,No,1,14,61.51,Tunis
Female,0,No,No,29,Yes,No,No,No internet service,No internet service,No internet service,No internet service,No internet service,Two year,No,Mailed check,19.4,554.25,No,3,9,116.82,Kairouan
Male,0,No,Yes,1,Yes,No,Fiber optic,No,No,No,Yes,Yes,Month-to-month,Yes,Electronic check,90.85,90.85,Yes,9,3,23.91,Ben Arous
Male,0,No,No,1,Yes,No,Fiber optic,No,No,No,No,No,Month-to-month,No,Mailed check,69.4,69.4,Yes,9,4,42.82,Jendouba
Female,1,No,No,8,Yes,No,Fiber optic,No,No,Yes,Yes,Yes,Month-to-month,Yes,Credit card (automatic),94.45,742.95,Yes,4,0,31.45,Tunis
Male,0,No,No,13,Yes,No,No,No internet service,No internet service,No internet service,No internet service,No internet service,Month-to-month,Yes,Electronic check,20.4,251.65,No,1,30,114.59,Tunis
Female,0,Yes,No,59,Yes,Yes,Fiber optic,Yes,Yes,No,Yes,No,Month-to-month,Yes,Electronic check,94.75,5597.65,No,4,5,75.44,Ariana
Female,0,Yes,Yes,1,Yes,No,No,No internet service,No internet service,No internet service,No internet service,No internet service,Month-to-month,Yes,Credit card (automatic),20.15,20.15,Yes,5,2,19.9,Sousse
Male,1,No,No,50,Yes,Yes,Fiber optic,No,No,No,Yes,Yes,Month-to-month,Yes,Electronic check,95.7,4816.7,Yes,8,3,12.09,Gabès
Male,0,Yes,No,18,Yes,No,DSL,No,No,No,No,No,Month-to-month,Yes,Bank transfer (automatic),44.35,768.05,No,4,23,86.35,Monastir
Female,0,Yes,Yes,17,Yes,No,DSL,Yes,Yes,No,Yes,Yes,Month-to-month,No,Mailed check,74.55,1215.8,No,1,18,108.32,Kasserine
Male,0,Yes,No,47,Yes,No,DSL,No,Yes,Yes,Yes,Yes,Two year,No,Electronic check,73.6,3522.65,No,1,10,66.53,Ariana
Female,0,No,No,26,Yes,Yes,Fiber optic,No,No,No,No,No,Month-to-month,Yes,Bank transfer (automatic),74.95,1834.95,Yes,8,4,47.78,Tunis
Female,0,No,No,6,No,No phone service,DSL,No,No,Yes,Yes,Yes,Month-to-month,Yes,Electronic check,47.95,305.1,Yes,7,2,13.52,Tunis
Male,0,Yes,Yes,19,Yes,Yes,DSL,No,No,No,No,No,Month-to-month,No,Credit card (automatic),50.1,910.45,No,2,7,71.53,Gafsa
Female,0,No,No,3,Yes,Yes,DSL,No,No,No,Yes,No,Month-to-month,Yes,Electronic check,63.6,155.65,Yes,10,2,34.65,Kairouan
Female,1,Yes,Yes,68,No,No phone service,DSL,No,Yes,Yes,Yes,Yes,Two year,Yes,Electronic check,53.0,3656.25,No,1,15,124.43,Tozeur
Female,0,Yes,No,2,Yes,No,No,No internet service,No internet service,No internet service,No internet service,No internet service,Month-to-month,No,Bank transfer (automatic),19.85,52.0,No,4,23,146.7,Tunis
Male,0,No,No,7,No,No phone service,DSL,No,No,No,No,No,One year,Yes,Credit card (automatic),24.35,150.85,No,2,24,45.76,Gafsa
Female,0,No,No,18,Yes,No,No,No internet service,No internet service,No internet service,No internet service,No internet service,Month-to-month,Yes,Mailed check,19.55,389.25,No,1,30,34.82,Kebili
Female,0,Yes,No,71,Yes,Yes,No,No internet service,No internet service,No internet service,No internet service,No internet service,Two year,No,Credit card (automatic),25.05,1873.7,No,2,9,142.14,Monastir
Male,1,Yes,No,13,Yes,Yes,Fiber optic,Yes,Yes,No,No,Yes,Month-to-month,No,Credit card (automatic),93.8,1261.0,No,1,17,39.9,Tunis
Male,0,No,No,3,No,No phone service,DSL,No,Yes,No,No,No,Month-to-month,Yes,Mailed check,36.85,108.7,Yes,10,1,18.29,Tunis
Male,0,Yes,No,72,Yes,Yes,Fiber optic,No,Yes,Yes,Yes,Yes,Two year,Yes,Bank transfer (automatic),103.75,7346.2,No,3,14,55.41,Tunis
Male,0,Yes,Yes,66,No,No phone service,DSL,No,Yes,Yes,Yes,Yes,Two year,Yes,Credit card (automatic),56.75,3708.4,No,4,9,27.65,Nabeul
Male,0,Yes,Yes,24,Yes,No,No,No internet service,No internet service,No internet service,No internet service,No internet service,One year,Yes,Credit card (automatic),20.8,469.65,No,1,29,16.55,Sousse
Female,0,No,No,1,Yes,No,DSL,No,No,No,No,No,Month-to-month,Yes,Electronic check,44.1,44.1,Yes,8,0,32.85,Tunis
Female,0,Yes,Yes,56,Yes,Yes,No,No internet service,No internet service,No internet service,No internet service,No internet service,Two year,Yes,Mailed check,24.45,1385.85,No,1,21,47.37,Gabès
Female,1,Yes,No,22,Yes,Yes,No,No internet service,No internet service,No internet service,No internet service,No internet service,One year,No,Bank transfer (automatic),25.6,548.8,No,0,17,149.24,Monastir
Male,0,No,No,14,No,No phone service,DSL,No,No,Yes,Yes,Yes,Month-to-month,Yes,Electronic check,50.75,712.75,Yes,7,3,5.88,Tunis
Female,1,Yes,No,61,Yes,Yes,Fiber optic,No,Yes,Yes,Yes,Yes,One year,Yes,Credit card (automatic),104.4,6405.0,Yes,9,2,45.68,Kairouan
Female,1,Yes,No,40,No,No phone service,DSL,No,Yes,No,Yes,No,Month-to-month,Yes,Electronic check,39.3,1637.4,Yes,5,2,37.27,Tozeur
Female,0,No,No,42,Yes,No,DSL,Yes,Yes,Yes,No,No,Month-to-month,No,Bank transfer (automatic),59.65,2536.55,No,0,14,17.46,Monastir
Female,0,Yes,Yes,72,Yes,Yes,DSL,Yes,No,Yes,Yes,Yes,Two year,Yes,Bank transfer (automatic),83.3,6042.7,No,1,10,115.64,Gabès
Female,0,No,No,12,Yes,Yes,Fiber optic,No,No,No,No,No,Month-to-month,Yes,Credit card (automatic),79.55,958.25,No,0,24,61.93,Gabès
Male,0,Yes,No,71,Yes,Yes,No,No internet service,No internet service,No internet service,No internet service,No internet service,Two year,No,Bank transfer (automatic),24.45,1730.65,No,4,14,79.94,Zaghouan
Female,0,Yes,No,26,Yes,No,No,No internet service,No internet service,No internet service,No internet service,No internet service,One year,No,Mailed check,19.2,459.6,No,3,16,42.54,Ben Arous
Female,0,No,Yes,7,No,No phone service,DSL,Yes,No,No,No,No,Month-to-month,No,Mailed check,29.8,201.95,No,2,11,65.27,Bizerte
Female,0,Yes,Yes,6,Yes,No,DSL,No,No,No,No,No,Month-to-month,No,Mailed check,45.5,285.2,No,3,16,32.95,Gabès
Female,0,No,No,58,Yes,No,Fiber optic,Yes,Yes,Yes,Yes,Yes,One year,Yes,Electronic check,106.45,6145.85,Yes,9,3,47.95,Sfax
Male,0,Yes,No,51,No,No phone service,DSL,No,Yes,No,No,No,Month-to-month,Yes,Credit card (automatic),30.05,1529.45,No,3,14,47.69,Gafsa
Male,0,Yes,Yes,72,No,No phone service,DSL,Yes,Yes,Yes,Yes,Yes,Two year,Yes,Bank transfer (automatic),65.65,4664.5,No,4,12,23.23,Mahdia
Female,0,No,No,18,Yes,No,Fiber optic,Yes,No,No,Yes,Yes,Month-to-month,Yes,Electronic check,96.05,1740.7,Yes,7,1,34.98,Sfax
Female,0,No,No,7,Yes,Yes,Fiber optic,No,No,No,No,No,Month-to-month,Yes,Bank transfer (automatic),75.1,552.95,Yes,10,3,21.33,Nabeul
Female,0,No,No,47,Yes,Yes,DSL,Yes,Yes,No,No,Yes,Two year,No,Mailed check,74.05,3496.3,No,3,8,97.86,Tunis
Male,1,No,No,2,Yes,No,DSL,No,No,No,No,No,Month-to-month,Yes,Electronic check,44.7,93.7,Yes,6,3,27.24,Sousse
Male,1,No,No,62,Yes,Yes,Fiber optic,No,Yes,Yes,Yes,Yes,One year,Yes,Bank transfer (automatic),110.75,7053.35,No,1,21,15.92,Tunis
Female,0,Yes,Yes,16,Yes,No,No,No internet service,No internet service,No internet service,No internet service,No internet service,Two year,No,Mailed check,19.7,301.55,No,0,29,126.09,Tunis
Male,0,No,No,6,Yes,No,DSL,No,No,No,No,No,Month-to-month,Yes,Credit card (automatic),49.5,312.7,No,1,9,107.9,Ben Arous
Male,0,No,No,19,Yes,No,DSL,No,No,Yes,No,No,Month-to-month,Yes,Credit card (automatic),55.0,1046.5,Yes,9,3,9.08,Tunis
Female,0,Yes,Yes,69,No,No phone service,DSL,Yes,No,Yes,No,Yes,Two year,Yes,Credit card (automatic),43.95,2960.1,No,1,21,28.64,Kairouan
Male,0,Yes,Yes,11,Yes,Yes,Fiber optic,No,No,No,No,No,Month-to-month,Yes,Electronic check,74.35,834.2,Yes,5,5,33.15,Tunis
Female,0,Yes,No,64,Yes,Yes,Fiber optic,No,Yes,Yes,Yes,Yes,Month-to-month,Yes,Electronic check,111.15,6953.4,No,4,9,11.49,Sfax
Female,0,Yes,No,39,Yes,No,Fiber optic,Yes,No,Yes,Yes,Yes,One year,Yes,Credit card (automatic),104.7,4134.85,Yes,5,4,24.82,Tataouine
Female,0,No,No,15,Yes,Yes,DSL,Yes,No,No,No,No,Month-to-month,Yes,Mailed check,55.7,899.8,Yes,5,0,38.62,Béja
Male,0,No,No,25,Yes,No,No,No internet service,No internet service,No internet service,No internet service,No internet service,Month-to-month,No,Mailed check,20.6,541.5,No,2,13,10.69,Sidi Bouzid
Female,0,No,No,6,Yes,No,No,No internet service,No internet service,No internet service,No internet service,No internet service,Two year,No,Credit card (automatic),19.65,116.85,No,2,24,45.58,Tunis
Male,0,Yes,No,66,Yes,Yes,Fiber optic,Yes,Yes,Yes,Yes,Yes,One year,No,Bank transfer (automatic),115.8,7942.15,No,2,24,75.2,Nabeul
Female,0,No,No,61,Yes,Yes,DSL,No,Yes,Yes,Yes,Yes,Two year,No,Credit card (automatic),88.65,5321.25,No,4,7,18.68,Monastir
Female,1,Yes,No,43,Yes,Yes,Fiber optic,Yes,Yes,No,Yes,No,Month-to-month,Yes,Electronic check,94.5,4156.8,No,1,23,94.05,Tunis
Female,0,No,No,12,Yes,No,No,No internet service,No internet service,No internet service,No internet service,No internet service,Month-to-month,No,Mailed check,20.1,223.6,No,0,8,73.9,Siliana
Male,1,No,No,23,No,No phone service,DSL,No,No,No,No,Yes,Month-to-month,Yes,Bank transfer (automatic),34.65,768.45,No,2,29,37.52,Sidi Bouzid
Male,1,Yes,No,71,No,No phone service,DSL,No,Yes,Yes,Yes,Yes,Month-to-month,Yes,Bank transfer (automatic),52.3,3765.05,No,3,23,140.58,Tunis
Female,0,No,No,34,Yes,Yes,DSL,No,No,No,Yes,No,Month-to-month,No,Mailed check,65.0,2157.5,No,2,8,118.93,Ariana
Female,0,No,No,5,Yes,No,No,No internet service,No internet service,No internet service,No internet service,No internet service,Month-to-month,No,Credit card (automatic),19.85,108.05,Yes,6,2,17.09,Nabeul
Female,0,Yes,No,41,No,No phone service,DSL,No,Yes,No,No,No,One year,No,Mailed check,35.45,1391.65,No,3,10,30.91,Sousse
Female,0,Yes,Yes,72,Yes,No,No,No internet service,No internet service,No internet service,No internet service,No internet service,Two year,No,Credit card (automatic),19.7,1379.8,No,3,29,34.61,Sfax
Male,1,No,No,14,Yes,Yes,Fiber optic,No,No,No,Yes,Yes,Month-to-month,Yes,Electronic check,95.6,1273.3,No,2,22,48.23,Tunis
Female,0,No,No,41,Yes,No,No,No internet service,No internet service,No internet service,No internet service,No internet service,Two year,Yes,Mailed check,19.85,810.45,No,1,6,104.25,Jendouba
Female,0,Yes,Yes,23,Yes,Yes,Fiber optic,Yes,No,No,No,No,One year,No,Credit card (automatic),81.85,1810.85,No,4,7,126.85,Gabès
Male,0,Yes,Yes,71,Yes,No,Fiber optic,Yes,Yes,Yes,Yes,Yes,Two year,No,Credit card (automatic),109.3,7782.85,No,4,26,45.97,Ariana
Female,0,No,No,1,Yes,No,Fiber optic,No,No,No,No,No,Month-to-month,Yes,Electronic check,70.3,70.3,Yes,7,0,23.56,Gafsa
Male,0,Yes,No,72,Yes,Yes,No,No internet service,No internet service,No internet service,No internet service,No internet service,Two year,No,Mailed check,25.4,1797.1,No,4,14,128.48,Bizerte
Male,0,Yes,Yes,6,Yes,No,Fiber optic,No,No,No,No,No,Month-to-month,Yes,Electronic check,69.8,377.85,No,1,23,139.86,Ben Arous
Male,0,Yes,Yes,23,Yes,No,No,No internet service,No internet service,No internet service,No internet service,No internet service,One year,Yes,Credit card (automatic),20.0,445.3,No,4,20,120.11,Monastir
Male,1,Yes,No,10,Yes,Yes,Fiber optic,No,No,No,No,Yes,Month-to-month,No,Electronic check,85.55,851.75,Yes,6,0,13.25,Kairouan
Female,0,No,No,72,Yes,No,Fiber optic,Yes,Yes,Yes,Yes,Yes,Two year,Yes,Electronic check,109.9,7624.2,No,1,28,72.21,Tunis
Female,0,Yes,No,7,Yes,No,DSL,Yes,No,No,No,No,Month-to-month,Yes,Bank transfer (automatic),50.3,355.1,No,3,27,67.92,Ben Arous
Male,0,No,Yes,6,Yes,No,Fiber optic,No,No,Yes,Yes,Yes,Month-to-month,No,Mailed check,94.5,575.45,Yes,4,5,43.64,Kebili
Male,0,Yes,Yes,9,Yes,No,Fiber optic,No,Yes,No,Yes,Yes,Month-to-month,Yes,Electronic check,101.5,906.85,No,0,28,74.85,Sfax
Female,0,No,No,12,Yes,Yes,Fiber optic,No,Yes,No,No,Yes,Month-to-month,Yes,Electronic check,89.15,1057.55,No,1,27,116.9,Monastir
Female,0,No,No,1,Yes,No,No,No internet service,No internet service,No internet service,No internet service,No internet service,Month-to-month,Yes,Mailed check,19.4,19.4,No,2,8,30.21,Zaghouan
Female,1,Yes,Yes,48,No,No phone service,DSL,No,Yes,No,No,No,One year,No,Bank transfer (automatic),29.9,1388.75,No,1,25,128.06,Tunis
Male,0,No,No,20,Yes,No,Fiber optic,No,No,No,Yes,No,Month-to-month,No,Electronic check,78.8,1641.3,No,3,5,77.24,Ariana
Female,1,Yes,No,16,Yes,Yes,Fiber optic,No,No,No,No,Yes,Month-to-month,Yes,Credit card (automatic),85.35,1375.15,Yes,9,4,49.21,Ben Arous
Female,0,No,No,2,Yes,No,Fiber optic,No,No,No,Yes,No,Month-to-month,Yes,Mailed check,79.65,152.7,Yes,9,4,32.8,Mahdia
Female,0,No,No,10,Yes,No,No,No internet service,No internet service,No internet service,No internet service,No internet service,One year,Yes,Mailed check,19.3,185.2,No,3,30,126.6,Sfax
Female,1,No,No,2,Yes,No,Fiber optic,No,No,No,No,Yes,Month-to-month,Yes,Electronic check,79.6,195.05,Yes,7,5,44.98,Kef
Male,0,Yes,Yes,20,Yes,Yes,Fiber optic,No,Yes,No,Yes,No,Month-to-month,No,Mailed check,96.8,1826.7,No,4,11,146.05,Médiénine
Male,0,Yes,No,20,Yes,No,No,No internet service,No internet service,No internet service,No internet service,No internet service,One year,No,Mailed check,20.65,417.5,No,3,9,44.59,Nabeul
Male,0,Yes,Yes,19,Yes,No,No,No internet service,No internet service,No internet service,No internet service,No internet service,One year,No,Mailed check,19.8,344.5,No,4,5,58.49,Jendouba
Male,1,No,No,19,Yes,Yes,Fiber optic,Yes,No,No,Yes,No,Month-to-month,Yes,Electronic check,90.6,1660.0,Yes,10,1,36.16,Sfax
Male,0,Yes,No,22,Yes,No,Fiber optic,Yes,Yes,No,Yes,Yes,Month-to-month,Yes,Electronic check,104.6,2180.55,No,4,7,135.05,Ben Arous
Female,0,No,No,35,Yes,Yes,Fiber optic,No,No,No,No,No,Month-to-month,No,Credit card (automatic),80.05,2835.9,No,4,23,11.36,Nabeul
Female,0,No,No,1,Yes,No,DSL,No,No,No,No,No,Month-to-month,No,Mailed check,45.15,45.15,No,4,21,119.1,Kasserine
Male,0,No,No,39,Yes,Yes,Fiber optic,No,No,No,No,No,Month-to-month,Yes,Credit card (automatic),73.15,2730.85,No,4,8,57.06,Ben Arous
Female,1,Yes,No,54,Yes,No,Fiber optic,No,No,Yes,Yes,Yes,One year,Yes,Electronic check,99.1,5437.1,No,0,10,65.49,Kairouan
Female,0,No,No,1,Yes,No,No,No internet service,No internet service,No internet service,No internet service,No internet service,Month-to-month,Yes,Bank transfer (automatic),20.2,20.2,Yes,4,0,42.47,Tunis
Male,0,Yes,No,66,Yes,Yes,Fiber optic,Yes,No,Yes,Yes,Yes,Two year,Yes,Credit card (automatic),106.05,6981.35,Yes,9,2,37.58,Jendouba
Male,0,No,No,56,Yes,Yes,Fiber optic,Yes,No,No,Yes,Yes,Month-to-month,Yes,Mailed check,105.35,5794.45,No,0,7,48.08,Manouba
Male,0,No,Yes,18,Yes,No,DSL,No,No,No,No,No,Month-to-month,Yes,Credit card (automatic),45.65,747.2,No,0,23,60.88,Mahdia
Female,0,Yes,Yes,16,Yes,Yes,Fiber optic,No,Yes,No,No,No,Month-to-month,Yes,Credit card (automatic),79.95,1267.95,No,4,15,135.33,Gabès
Female,0,No,No,68,Yes,No,DSL,Yes,No,Yes,No,No,One year,Yes,Credit card (automatic),54.45,3674.95,No,1,28,24.92,Tozeur
Female,1,Yes,No,53,Yes,Yes,No,No internet service,No internet service,No internet service,No internet service,No internet service,Two year,No,Credit card (automatic),25.1,1275.6,No,0,20,87.24,Kairouan
Female,0,Yes,Yes,72,Yes,Yes,DSL,Yes,No,Yes,Yes,Yes,Two year,No,Credit card (automatic),84.7,5893.9,No,0,29,79.65,Manouba
Male,0,No,No,9,Yes,Yes,Fiber optic,No,No,No,No,No,Month-to-month,Yes,Electronic check,75.85,724.65,No,0,11,98.42,Sfax
Female,0,No,No,30,Yes,No,DSL,Yes,No,No,No,No,Month-to-month,Yes,Mailed check,48.8,1536.75,No,0,21,103.28,Sousse
Female,0,No,No,36,Yes,Yes,Fiber optic,No,Yes,No,Yes,Yes,Month-to-month,Yes,Electronic check,99.15,3615.6,Yes,7,2,17.69,Zaghouan
Female,0,No,No,18,No,No phone service,DSL,No,No,Yes,No,No,Month-to-month,Yes,Electronic check,35.2,607.3,No,4,18,52.81,Gabès
Female,1,Yes,Yes,55,Yes,Yes,DSL,Yes,No,Yes,Yes,No,One year,No,Electronic check,76.25,4154.55,No,2,20,41.71,Kairouan
Female,0,Yes,No,39,No,No phone service,DSL,Yes,No,Yes,Yes,Yes,Month-to-month,No,Electronic check,55.9,2184.35,Yes,8,1,31.95,Tunis
Male,0,No,No,21,Yes,Yes,Fiber optic,No,Yes,No,No,No,Month-to-month,Yes,Electronic check,82.35,1852.85,Yes,8,1,13.54,Nabeul
Male,0,No,No,2,No,No phone service,DSL,No,Yes,Yes,No,No,Month-to-month,Yes,Credit card (automatic),40.4,77.15,Yes,10,0,41.91,Nabeul
Male,1,No,No,33,Yes,Yes,No,No internet service,No internet service,No internet service,No internet service,No internet service,One year,Yes,Bank transfer (automatic),24.9,847.8,No,2,10,75.09,Zaghouan
Male,0,Yes,No,44,No,No phone service,DSL,No,Yes,Yes,Yes,Yes,Two year,No,Bank transfer (automatic),54.3,2390.45,No,2,6,119.21,Ben Arous
Female,0,Yes,Yes,30,Yes,No,DSL,Yes,No,No,No,Yes,Month-to-month,No,Bank transfer (automatic),66.3,1923.5,No,3,9,105.2,Béja
Female,0,Yes,No,71,Yes,No,No,No internet service,No internet service,No internet service,No internet service,No internet service,Two year,Yes,Bank transfer (automatic),20.9,1493.2,No,1,5,57.91,Kairouan
Female,0,No,No,4,Yes,Yes,Fiber optic,No,No,No,No,No,Month-to-month,No,Electronic check,75.35,338.1,Yes,5,0,6.83,Ben Arous
Male,0,No,Yes,35,Yes,No,Fiber optic,No,No,Yes,Yes,No,One year,Yes,Electronic check,85.15,3030.6,Yes,5,0,23.97,Gabès
Male,0,Yes,No,1,Yes,No,Fiber optic,No,No,Yes,No,No,Month-to-month,No,Credit card (automatic),75.35,75.35,No,2,16,22.32,Sfax
Male,1,Yes,No,23,Yes,Yes,Fiber optic,No,Yes,Yes,Yes,Yes,Month-to-month,Yes,Electronic check,104.45,2184.85,No,4,25,93.42,Sfax
Female,0,No,Yes,22,No,No phone service,DSL,No,No,Yes,Yes,Yes,One year,Yes,Credit card (automatic),49.45,1031.4,No,0,19,37.05,Tataouine
Female,0,No,Yes,49,Yes,No,No,No internet service,No internet service,No internet service,No internet service,No internet service,One year,No,Credit card (automatic),19.45,921.3,No,1,10,17.93,Jendouba
Female,0,Yes,Yes,42,Yes,No,Fiber optic,No,No,Yes,Yes,Yes,Month-to-month,Yes,Electronic check,92.15,3875.4,No,0,18,83.26,Nabeul
Female,0,Yes,Yes,33,Yes,No,Fiber optic,No,No,Yes,Yes,Yes,One year,Yes,Electronic check,93.8,3124.5,Yes,10,3,26.93,Sfax
Female,0,Yes,Yes,7,Yes,No,No,No internet service,No internet service,No internet service,No internet service,No internet service,Two year,No,Mailed check,19.85,144.15,No,2,30,13.63,Kairouan
Female,0,Yes,Yes,67,Yes,Yes,Fiber optic,Yes,No,Yes,No,Yes,One year,Yes,Bank transfer (automatic),100.25,6689.0,No,2,16,59.87,Sidi Bouzid
Male,0,No,No,15,Yes,Yes,Fiber optic,No,Yes,No,No,Yes,Month-to-month,No,Electronic check,95.7,1451.1,No,1,11,129.35,Gafsa
Male,0,Yes,No,67,Yes,Yes,Fiber optic,No,Yes,Yes,No,Yes,Two year,Yes,Electronic check,93.15,6368.2,No,4,13,142.11,Ariana
Male,0,Yes,Yes,53,Yes,No,DSL,Yes,Yes,No,Yes,No,Two year,Yes,Mailed check,69.7,3729.6,No,1,17,37.01,Ariana
Male,0,Yes,Yes,21,Yes,No,No,No internet service,No internet service,No internet service,No internet service,No internet service,One year,No,Mailed check,19.8,350.1,No,4,29,144.74,Nabeul
Female,0,Yes,Yes,40,Yes,No,DSL,Yes,Yes,No,No,Yes,Month-to-month,Yes,Mailed check,71.35,2847.2,No,0,20,132.79,Sfax
Female,0,Yes,Yes,22,Yes,No,No,No internet service,No internet service,No internet service,No internet service,No internet service,One year,No,Bank transfer (automatic),20.75,452.35,No,4,25,45.0,Kairouan
Male,0,No,No,39,No,No phone service,DSL,No,No,No,No,Yes,Month-to-month,Yes,Electronic check,40.6,1494.5,No,4,15,108.95,Bizerte
Male,0,No,No,45,Yes,No,No,No internet service,No internet service,No internet service,No internet service,No internet service,One year,Yes,Electronic check,20.4,930.45,Yes,6,4,24.47,Ariana
Female,0,Yes,No,2,Yes,No,No,No internet service,No internet service,No internet service,No internet service,No internet service,Month-to-month,No,Mailed check,20.35,41.85,No,3,22,40.27,Bizerte
Female,0,Yes,Yes,57,Yes,No,No,No internet service,No internet service,No internet service,No internet service,No internet service,Two year,No,Bank transfer (automatic),19.75,1272.05,No,4,20,61.07,Tunis
Male,0,Yes,Yes,8,Yes,No,DSL,No,No,No,Yes,No,Month-to-month,Yes,Electronic check,54.4,475.1,No,2,21,148.22,Sousse
Male,1,Yes,No,7,Yes,Yes,Fiber optic,Yes,Yes,No,No,Yes,Month-to-month,Yes,Credit card (automatic),94.7,673.1,Yes,9,2,38.34,Tunis
Male,0,No,No,6,No,No phone service,DSL,No,Yes,No,No,No,Month-to-month,Yes,Credit card (automatic),30.5,208.7,Yes,7,4,42.05,Nabeul
Female,0,Yes,Yes,7,Yes,No,No,No internet service,No internet service,No internet service,No internet service,No internet service,Month-to-month,No,Mailed check,20.45,150.75,No,3,14,66.17,Jendouba
Male,0,No,No,49,Yes,Yes,DSL,No,No,No,Yes,No,Two year,Yes,Bank transfer (automatic),66.15,3199.0,No,3,23,127.15,Kairouan
Female,0,No,No,65,Yes,Yes,Fiber optic,Yes,Yes,No,No,No,One year,Yes,Electronic check,89.85,5844.65,No,0,19,108.39,Nabeul
Female,0,No,No,55,Yes,No,DSL,No,No,No,No,No,One year,No,Bank transfer (automatic),45.05,2462.6,No,0,10,106.61,Kef
Male,0,Yes,Yes,71,Yes,Yes,DSL,Yes,Yes,Yes,Yes,Yes,Two year,No,Bank transfer (automatic),86.85,6263.8,No,2,16,102.36,Kairouan
Male,0,No,No,35,Yes,Yes,Fiber optic,Yes,Yes,Yes,No,No,Month-to-month,Yes,Mailed check,96.75,3403.4,No,0,19,53.0,Ben Arous
Male,1,No,No,3,Yes,Yes,Fiber optic,No,No,No,No,No,Month-to-month,Yes,Electronic check,77.0,237.75,Yes,6,3,2.96,Gafsa
Female,0,No,Yes,11,Yes,No,No,No internet service,No internet service,No internet service,No internet service,No internet service,Month-to-month,No,Credit card (automatic),20.1,221.35,Yes,5,2,38.6,Tunis
Female,0,No,No,1,Yes,No,Fiber optic,No,No,Yes,No,No,Month-to-month,No,Electronic check,75.3,75.3,Yes,8,4,41.02,Gafsa
Male,0,No,No,17,Yes,Yes,Fiber optic,Yes,Yes,Yes,Yes,No,Month-to-month,Yes,Bank transfer (automatic),106.65,1672.1,No,3,11,144.67,Gafsa
Female,0,Yes,No,72,Yes,Yes,Fiber optic,Yes,No,Yes,Yes,Yes,Two year,Yes,Credit card (automatic),110.15,7881.2,No,2,11,93.33,Jendouba
Female,0,Yes,Yes,28,Yes,No,Fiber optic,Yes,No,No,No,Yes,One year,Yes,Bank transfer (automatic),82.85,2320.8,No,0,30,15.66,Kairouan
Female,0,Yes,No,18,Yes,No,No,No internet service,No internet service,No internet service,No internet service,No internet service,Two year,No,Mailed check,20.1,370.5,No,1,19,96.31,Monastir
Female,1,Yes,No,40,Yes,No,Fiber optic,No,Yes,No,Yes,Yes,One year,Yes,Credit card (automatic),99.2,4062.2,Yes,10,5,22.88,Tataouine
Female,0,No,No,52,Yes,No,DSL,No,No,Yes,No,Yes,Month-to-month,Yes,Electronic check,59.45,3043.7,No,2,12,82.22,Bizerte
Female,0,Yes,No,47,Yes,No,DSL,No,Yes,No,Yes,No,Month-to-month,Yes,Bank transfer (automatic),58.6,2723.4,No,3,11,108.92,Sfax
Female,0,No,No,23,Yes,No,DSL,No,No,Yes,No,No,Month-to-month,No,Credit card (automatic),49.7,1081.25,No,4,19,138.74,Médiénine
Male,0,Yes,Yes,66,Yes,No,DSL,Yes,Yes,Yes,No,No,Two year,No,Mailed check,65.85,4097.05,No,0,12,135.67,Bizerte
Female,0,No,No,8,Yes,Yes,Fiber optic,No,No,No,No,No,Month-to-month,Yes,Electronic check,73.5,632.2,No,3,13,59.81,Mahdia
Male,1,No,No,47,Yes,No,Fiber optic,Yes,No,No,No,Yes,Month-to-month,No,Mailed check,85.5,4042.3,Yes,10,5,12.26,Sfax
Female,0,No,No,7,Yes,No,No,No internet service,No internet service,No internet service,No internet service,No internet service,Month-to-month,No,Mailed check,20.05,164.85,Yes,6,3,12.46,Monastir
Female,0,Yes,Yes,71,Yes,Yes,Fiber optic,Yes,Yes,Yes,Yes,Yes,Two year,No,Credit card (automatic),113.65,8166.8,No,3,10,140.48,Sousse
Female,1,No,No,50,Yes,Yes,Fiber optic,Yes,Yes,No,No,No,Month-to-month,Yes,Electronic check,83.4,4113.7,No,2,25,82.09,Tunis
Male,0,Yes,No,46,Yes,No,DSL,Yes,Yes,Yes,No,No,Two year,No,Mailed check,65.65,3047.15,No,4,15,100.17,Sfax
Male,0,No,No,1,Yes,No,Fiber optic,No,No,No,No,No,Month-to-month,No,Electronic check,70.4,70.4,Yes,10,1,44.59,Ben Arous
Female,0,No,No,66,No,No phone service,DSL,Yes,No,Yes,Yes,Yes,Two year,Yes,Bank transfer (automatic),61.35,4193.4,No,3,30,22.41,Tunis
Female,0,Yes,No,42,Yes,Yes,Fiber optic,No,No,Yes,No,No,Month-to-month,Yes,Credit card (automatic),85.9,3729.75,No,3,15,110.46,Kasserine
Female,0,No,No,5,Yes,No,Fiber optic,No,No,No,No,No,Month-to-month,Yes,Mailed check,75.65,399.45,No,4,19,77.47,Zaghouan
Male,0,Yes,Yes,7,Yes,No,DSL,Yes,No,No,No,No,One year,Yes,Electronic check,49.75,331.3,Yes,9,2,13.8,Sidi Bouzid
Male,0,No,No,29,Yes,Yes,DSL,No,Yes,Yes,No,Yes,One year,No,Credit card (automatic),70.9,1964.6,No,2,23,80.18,Monastir
Female,0,Yes,Yes,27,Yes,No,DSL,No,Yes,No,No,No,Month-to-month,No,Mailed check,49.85,1336.15,No,1,7,113.66,Béja
Female,1,No,No,15,Yes,No,Fiber optic,No,Yes,No,No,No,Month-to-month,Yes,Credit card (automatic),75.3,1147.45,Yes,8,5,17.94,Sfax
Female,0,Yes,Yes,25,Yes,No,No,No internet service,No internet service,No internet service,No internet service,No internet service,Two year,No,Mailed check,20.1,486.05,No,3,18,134.35,Ariana
Female,0,Yes,No,11,Yes,Yes,Fiber optic,No,No,No,Yes,Yes,Month-to-month,Yes,Electronic check,94.0,1078.9,Yes,8,3,26.59,Siliana
Male,0,Yes,No,57,Yes,Yes,Fiber optic,Yes,Yes,Yes,Yes,No,Month-to-month,Yes,Electronic check,103.05,5925.75,No,4,18,105.15,Kairouan
Male,0,No,No,67,Yes,Yes,Fiber optic,Yes,Yes,Yes,Yes,Yes,One year,Yes,Bank transfer (automatic),118.35,7804.15,Yes,8,3,5.87,Jendouba
Female,1,Yes,No,47,Yes,Yes,Fiber optic,No,No,Yes,Yes,Yes,Month-to-month,No,Electronic check,99.7,4747.2,No,0,20,149.12,Manouba
Female,0,No,No,13,Yes,No,Fiber optic,No,No,No,Yes,No,Month-to-month,Yes,Mailed check,81.9,1028.9,No,3,7,94.3,Tunis
Male,0,No,No,8,No,No phone service,DSL,Yes,No,No,No,No,Month-to-month,Yes,Electronic check,30.45,226.45,Yes,9,2,2.31,Kairouan
Female,0,Yes,No,44,Yes,Yes,Fiber optic,No,No,No,Yes,Yes,Month-to-month,Yes,Electronic check,96.1,4364.1,Yes,4,1,19.89,Tunis
Male,0,Yes,Yes,71,Yes,Yes,DSL,Yes,No,No,Yes,No,One year,Yes,Electronic check,66.2,4692.55,No,2,7,136.57,Sousse
Male,1,Yes,No,24,Yes,Yes,Fiber optic,No,Yes,Yes,Yes,Yes,Month-to-month,Yes,Electronic check,104.25,2433.9,Yes,7,3,33.54,Sidi Bouzid
Male,1,No,No,15,Yes,Yes,Fiber optic,No,Yes,No,No,No,Month-to-month,Yes,Electronic check,80.2,1217.25,Yes,9,5,43.2,Bizerte
Female,0,No,No,1,Yes,No,No,No internet service,No internet service,No internet service,No internet service,No internet service,Month-to-month,No,Electronic check,19.75,19.75,No,1,21,68.4,Kef
Male,1,No,No,2,Yes,Yes,Fiber optic,No,No,No,No,No,Month-to-month,Yes,Mailed check,72.6,154.3,No,1,30,56.52,Médiénine
Male,1,No,No,55,Yes,Yes,Fiber optic,Yes,Yes,Yes,Yes,Yes,Month-to-month,Yes,Electronic check,116.5,6382.55,No,2,14,77.46,Ariana
Male,1,No,No,71,Yes,Yes,Fiber optic,No,Yes,No,Yes,Yes,Two year,Yes,Electronic check,106.8,7623.2,No,4,11,101.04,Nabeul
Male,0,Yes,Yes,50,Yes,Yes,No,No internet service,No internet service,No internet service,No internet service,No internet service,Two year,No,Mailed check,24.95,1261.45,No,1,23,105.43,Sfax
Male,0,No,No,1,Yes,No,Fiber optic,No,No,No,Yes,Yes,Month-to-month,Yes,Electronic check,89.25,89.25,No,1,16,61.4,Tunis
Male,0,No,No,5,Yes,No,No,No internet service,No internet service,No internet service,No internet service,No internet service,Month-to-month,Yes,Mailed check,19.25,86.05,No,0,30,78.07,Ariana
Female,0,No,No,66,Yes,Yes,Fiber optic,Yes,Yes,Yes,Yes,No,One year,Yes,Bank transfer (automatic),104.55,6779.05,No,1,14,128.55,Mahdia
Female,0,Yes,Yes,49,Yes,No,DSL,Yes,Yes,Yes,Yes,Yes,One year,Yes,Mailed check,87.2,4345.0,No,3,12,56.6,Mahdia
Female,1,Yes,No,3,No,No phone service,DSL,No,Yes,No,No,No,Month-to-month,Yes,Electronic check,30.75,82.85,No,1,20,122.87,Zaghouan
Male,0,Yes,Yes,66,Yes,Yes,No,No internet service,No internet service,No internet service,No internet service,No internet service,One year,Yes,Credit card (automatic),25.7,1714.55,No,4,28,115.7,Ben Arous
Male,0,No,Yes,11,Yes,Yes,Fiber optic,No,No,No,No,Yes,Month-to-month,No,Electronic check,86.2,893.2,No,2,18,62.41,Bizerte
Male,0,No,No,28,No,No phone service,DSL,No,No,No,No,No,Month-to-month,Yes,Credit card (automatic),30.1,810.85,No,4,28,38.47,Manouba
Male,0,Yes,No,65,Yes,Yes,Fiber optic,Yes,Yes,Yes,Yes,No,Two year,Yes,Electronic check,99.35,6347.55,No,2,13,35.96,Tunis
Female,0,No,No,62,Yes,No,No,No internet service,No internet service,No internet service,No internet service,No internet service,Two year,Yes,Credit card (automatic),19.2,1123.65,No,4,15,47.77,Sousse
Female,0,Yes,No,2,Yes,No,No,No internet service,No internet service,No internet service,No internet service,No internet service,Month-to-month,No,Bank transfer (automatic),20.1,43.15,No,0,17,49.39,Nabeul
Female,0,No,No,2,Yes,No,No,No internet service,No internet service,No internet service,No internet service,No internet service,Month-to-month,No,Credit card (automatic),20.35,35.1,No,3,27,96.26,Gabès
Female,0,Yes,Yes,55,Yes,Yes,No,No internet service,No internet service,No internet service,No internet service,No internet service,Two year,Yes,Credit card (automatic),25.65,1388.0,No,3,10,68.48,Kasserine
Male,1,Yes,No,41,Yes,No,Fiber optic,No,Yes,No,Yes,Yes,Month-to-month,Yes,Electronic check,94.55,3851.45,No,2,18,135.23,Sfax
Female,0,Yes,Yes,17,Yes,Yes,Fiber optic,Yes,No,Yes,Yes,Yes,Month-to-month,Yes,Electronic check,104.2,1743.5,Yes,8,2,37.89,Ben Arous
Female,0,No,No,30,Yes,No,Fiber optic,No,No,No,Yes,Yes,One year,Yes,Bank transfer (automatic),94.4,2638.1,No,4,6,128.3,Kairouan
Male,0,No,No,17,Yes,No,DSL,Yes,Yes,No,No,No,One year,No,Mailed check,56.1,946.95,No,0,14,85.63,Siliana
Female,0,Yes,Yes,16,Yes,No,DSL,Yes,Yes,No,No,Yes,Two year,No,Bank transfer (automatic),68.25,1114.85,No,4,11,39.64,Bizerte
Male,0,No,No,72,Yes,Yes,No,No internet service,No internet service,No internet service,No internet service,No internet service,Two year,No,Bank transfer (automatic),24.75,1777.6,No,4,22,12.87,Tunis
Male,0,No,No,9,Yes,Yes,Fiber optic,No,No,No,No,No,Month-to-month,Yes,Electronic check,76.25,684.85,No,4,30,40.22,Sfax
Female,0,No,No,1,Yes,No,Fiber optic,No,Yes,No,No,No,Month-to-month,No,Electronic check,74.35,74.35,No,3,8,108.42,Kairouan
Male,0,No,Yes,23,Yes,No,DSL,No,Yes,No,No,No,Month-to-month,No,Electronic check,54.15,1312.45,No,3,15,120.86,Tunis
Male,0,No,Yes,8,Yes,No,No,No internet service,No internet service,No internet service,No internet service,No internet service,Month-to-month,No,Bank transfer (automatic),19.45,159.2,No,0,11,51.33,Tunis
Male,0,Yes,Yes,19,No,No phone service,DSL,Yes,Yes,No,No,No,Month-to-month,Yes,Mailed check,34.95,610.2,No,2,26,83.56,Mahdia
Female,0,No,No,7,Yes,Yes,DSL,Yes,No,No,No,No,Month-to-month,Yes,Electronic check,53.65,404.35,No,0,13,114.51,Monastir
Male,1,No,No,1,Yes,No,Fiber optic,No,No,No,No,No,Month-to-month,Yes,Electronic check,69.65,69.65,Yes,8,2,33.79,Sousse
Male,0,No,No,61,Yes,Yes,Fiber optic,Yes,No,Yes,Yes,Yes,One year,No,Electronic check,104.0,6363.45,No,0,8,38.27,Siliana
Female,0,Yes,No,57,Yes,No,DSL,Yes,Yes,No,Yes,No,Two year,Yes,Credit card (automatic),70.35,4124.65,No,0,30,86.51,Kasserine
Male,0,No,No,9,Yes,No,Fiber optic,No,No,No,No,Yes,Month-to-month,Yes,Electronic check,80.8,713.1,Yes,9,5,23.58,Sfax
Male,0,No,Yes,15,Yes,No,DSL,Yes,No,Yes,No,Yes,One year,No,Mailed check,64.85,950.75,No,0,23,96.81,Sidi Bouzid
Female,0,No,No,1,Yes,No,No,No internet service,No internet service,No internet service,No internet service,No internet service,Month-to-month,No,Mailed check,19.65,19.65,No,2,14,82.62,Sfax
Female,0,Yes,No,12,Yes,No,DSL,No,No,No,No,No,Month-to-month,No,Bank transfer (automatic),45.9,505.95,No,3,19,38.74,Ariana
Male,0,No,No,54,Yes,No,No,No internet service,No internet service,No internet service,No internet service,No internet service,Two year,No,Mailed check,20.0,1149.65,No,4,8,106.04,Ariana
Male,0,Yes,Yes,4,Yes,No,DSL,No,No,No,No,No,Month-to-month,No,Electronic check,44.8,169.65,No,1,30,30.51,Nabeul
Female,0,No,No,7,Yes,No,Fiber optic,No,No,No,Yes,No,Month-to-month,Yes,Mailed check,80.3,526.7,Yes,7,2,17.02,Sfax
Female,0,Yes,No,20,Yes,No,No,No internet service,No internet service,No internet service,No internet service,No internet service,One year,No,Mailed check,20.35,393.15,No,1,16,104.47,Siliana
Female,0,No,Yes,26,No,No phone service,DSL,Yes,No,No,No,Yes,Month-to-month,No,Mailed check,45.8,1147.0,No,2,19,47.25,Bizerte
Male,1,Yes,No,36,Yes,Yes,Fiber optic,No,No,No,No,Yes,Month-to-month,Yes,Electronic check,84.1,3021.6,Yes,7,0,8.52,Sousse
Female,0,Yes,No,53,Yes,Yes,Fiber optic,No,Yes,Yes,Yes,Yes,One year,Yes,Bank transfer (automatic),108.95,5718.2,No,0,5,114.62,Jendouba
Male,0,No,No,3,Yes,No,DSL,No,No,No,Yes,Yes,Month-to-month,Yes,Electronic check,69.35,191.35,Yes,4,2,38.84,Gafsa
Female,0,No,No,68,No,No phone service,DSL,Yes,Yes,Yes,Yes,Yes,Two year,No,Credit card (automatic),64.35,4539.6,No,2,28,122.62,Béja
Male,0,Yes,Yes,72,Yes,Yes,DSL,Yes,Yes,Yes,Yes,Yes,Two year,Yes,Credit card (automatic),90.8,6397.6,No,1,8,19.08,Nabeul
Male,0,No,No,12,Yes,Yes,No,No internet service,No internet service,No internet service,No internet service,No internet service,One year,No,Credit card (automatic),24.95,280.4,No,2,12,104.99,Manouba
Female,1,Yes,Yes,34,Yes,Yes,Fiber optic,No,Yes,No,No,No,Month-to-month,Yes,Mailed check,79.6,2718.3,Yes,7,3,43.34,Ben Arous
Female,0,Yes,No,68,Yes,Yes,Fiber optic,Yes,Yes,No,No,No,Two year,Yes,Bank transfer (automatic),84.7,5711.05,No,1,20,29.31,Tunis
Female,0,No,Yes,50,Yes,No,DSL,Yes,No,Yes,Yes,No,One year,Yes,Credit card (automatic),70.8,3478.15,No,3,23,113.87,Monastir
Female,1,No,No,1,No,No phone service,DSL,No,No,No,Yes,No,Month-to-month,Yes,Electronic check,36.45,36.45,Yes,8,2,48.06,Kasserine
Female,1,No,No,41,Yes,Yes,Fiber optic,No,Yes,Yes,Yes,Yes,Month-to-month,Yes,Electronic check,104.4,4133.95,No,0,19,102.11,Sousse
Male,1,Yes,No,30,Yes,Yes,Fiber optic,No,No,No,Yes,Yes,Month-to-month,Yes,Electronic check,101.5,2917.65,No,1,21,57.32,Mahdia
Male,0,No,No,1,Yes,Yes,DSL,No,Yes,No,No,No,Month-to-month,No,Electronic check,54.3,54.3,No,4,23,31.93,Médiénine
Male,1,Yes,Yes,29,Yes,Yes,Fiber optic,No,No,Yes,Yes,Yes,Month-to-month,Yes,Electronic check,103.95,2964.8,No,1,5,118.45,Sfax
Female,0,Yes,Yes,23,Yes,Yes,DSL,Yes,Yes,Yes,Yes,Yes,Two year,Yes,Credit card (automatic),91.1,2198.3,No,0,28,12.17,Tunis
Male,0,No,Yes,60,Yes,No,No,No internet service,No internet service,No internet service,No internet service,No internet service,Two year,No,Mailed check,19.95,1189.9,No,4,28,95.43,Tunis
Female,0,Yes,No,72,Yes,Yes,No,No internet service,No internet service,No internet service,No internet service,No internet service,Two year,No,Credit card (automatic),26.45,1914.5,No,1,20,53.09,Kasserine
Male,0,No,Yes,22,Yes,No,Fiber optic,No,Yes,Yes,Yes,No,Month-to-month,Yes,Electronic check,89.4,2001.5,Yes,9,3,23.75,Gafsa
Male,0,No,No,72,Yes,No,DSL,Yes,Yes,Yes,Yes,No,Two year,Yes,Bank transfer (automatic),75.1,5336.35,No,1,16,137.53,Sousse
Female,1,No,No,66,Yes,Yes,Fiber optic,No,Yes,Yes,Yes,Yes,One year,No,Bank transfer (automatic),108.1,7238.6,No,3,25,35.89,Sfax
Female,0,Yes,No,72,Yes,Yes,Fiber optic,No,Yes,Yes,Yes,Yes,Two year,Yes,Electronic check,110.15,7998.8,No,4,6,81.26,Monastir
Female,1,Yes,No,47,Yes,Yes,Fiber optic,Yes,No,No,No,No,Month-to-month,No,Electronic check,80.35,3825.85,Yes,8,2,48.65,Sfax
Female,0,No,No,51,Yes,Yes,Fiber optic,No,Yes,Yes,Yes,Yes,One year,Yes,Electronic check,111.5,5703.25,No,3,13,86.75,Sidi Bouzid
Female,0,Yes,Yes,70,Yes,Yes,Fiber optic,No,Yes,Yes,Yes,Yes,One year,Yes,Electronic check,106.5,7397.0,No,4,29,55.47,Mahdia
Male,0,No,No,9,Yes,No,No,No internet service,No internet service,No internet service,No internet service,No internet service,One year,Yes,Electronic check,19.9,164.6,No,3,24,145.42,Kairouan
Male,0,Yes,Yes,59,Yes,Yes,Fiber optic,Yes,Yes,No,Yes,Yes,Two year,Yes,Mailed check,111.1,6555.2,No,2,5,86.54,Monastir
Male,0,No,Yes,3,Yes,No,DSL,No,No,No,Yes,Yes,Month-to-month,No,Mailed check,70.7,225.65,No,4,12,135.86,Sousse
Male,1,Yes,No,38,No,No phone service,DSL,No,No,No,No,No,Month-to-month,Yes,Electronic check,24.85,955.75,No,0,25,116.95,Jendouba
Female,0,No,No,37,Yes,Yes,Fiber optic,Yes,Yes,Yes,No,No,Month-to-month,No,Bank transfer (automatic),91.2,3382.3,No,0,16,132.91,Sousse
Male,0,No,No,37,Yes,No,DSL,Yes,Yes,Yes,No,No,Two year,No,Bank transfer (automatic),65.6,2313.8,No,0,24,74.19,Nabeul
Female,1,Yes,No,24,No,No phone service,DSL,No,No,Yes,No,Yes,Month-to-month,Yes,Credit card (automatic),40.65,933.3,Yes,5,5,39.11,Tunis
Female,0,Yes,Yes,14,Yes,No,DSL,Yes,Yes,No,No,No,Month-to-month,No,Bank transfer (automatic),59.45,780.85,No,4,17,136.65,Ben Arous
Male,0,Yes,No,72,Yes,Yes,Fiber optic,Yes,Yes,No,Yes,Yes,Two year,Yes,Credit card (automatic),109.95,7852.4,No,3,6,61.95,Siliana
Male,0,Yes,No,53,No,No phone service,DSL,No,Yes,Yes,Yes,Yes,One year,Yes,Electronic check,60.45,3184.25,Yes,9,2,39.3,Tunis
Female,0,Yes,No,8,Yes,Yes,Fiber optic,No,No,No,No,Yes,Month-to-month,Yes,Electronic check,84.9,764.95,Yes,6,4,48.06,Sousse
Male,0,Yes,Yes,72,No,No phone service,DSL,Yes,Yes,Yes,No,No,Two year,No,Credit card (automatic),38.5,2763.0,No,0,15,37.85,Monastir
Female,1,Yes,No,17,Yes,Yes,Fiber optic,No,No,No,Yes,Yes,Month-to-month,Yes,Electronic check,92.55,1614.7,No,4,13,40.44,Monastir
Female,0,Yes,Yes,2,Yes,No,Fiber optic,No,Yes,No,No,No,Month-to-month,Yes,Bank transfer (automatic),73.55,145.4,Yes,4,2,39.59,Nabeul
Female,0,Yes,No,8,Yes,No,No,No internet service,No internet service,No internet service,No internet service,No internet service,Month-to-month,No,Bank transfer (automatic),20.15,156.25,Yes,7,1,47.57,Tunis
Female,0,Yes,No,48,No,No phone service,DSL,No,Yes,Yes,No,No,One year,No,Mailed check,34.7,1604.5,Yes,9,0,34.08,Kairouan
Female,0,No,No,10,Yes,Yes,No,No internet service,No internet service,No internet service,No internet service,No internet service,Month-to-month,Yes,Mailed check,24.5,270.15,No,2,17,60.25,Gabès
Male,0,Yes,Yes,0,Yes,No,No,No internet service,No internet service,No internet service,No internet service,No internet service,One year,Yes,Mailed check,19.7,1397.475,No,1,10,97.62,Mahdia
Male,0,No,No,1,Yes,No,No,No internet service,No internet service,No internet service,No internet service,No internet service,Month-to-month,No,Mailed check,20.6,20.6,No,0,17,120.79,Sfax
Female,0,No,No,29,Yes,No,DSL,Yes,No,Yes,No,No,One year,No,Credit card (automatic),58.0,1734.5,No,2,13,125.95,Siliana
Female,1,Yes,Yes,65,Yes,Yes,Fiber optic,No,Yes,Yes,Yes,Yes,One year,Yes,Electronic check,107.45,7047.5,No,2,11,54.14,Médiénine
Female,0,No,No,8,Yes,Yes,DSL,Yes,Yes,Yes,No,No,Month-to-month,Yes,Bank transfer (automatic),65.5,573.15,No,4,11,99.56,Zaghouan
Male,0,Yes,No,61,Yes,Yes,No,No internet service,No internet service,No internet service,No internet service,No internet service,Two year,No,Bank transfer (automatic),25.45,1538.6,No,4,17,143.94,Gabès
Female,1,No,No,45,Yes,Yes,Fiber optic,No,No,Yes,Yes,Yes,One year,Yes,Bank transfer (automatic),100.15,4459.8,No,2,12,13.57,Siliana
Male,0,Yes,Yes,72,Yes,Yes,Fiber optic,No,Yes,Yes,Yes,Yes,One year,Yes,Credit card (automatic),104.45,7459.0,No,4,22,41.58,Tozeur
Male,0,Yes,Yes,12,Yes,No,No,No internet service,No internet service,No internet service,No internet service,No internet service,Month-to-month,Yes,Electronic check,21.15,306.05,No,3,19,14.46,Sfax
Male,0,No,No,7,Yes,Yes,Fiber optic,No,No,No,Yes,Yes,Month-to-month,No,Electronic check,96.2,639.7,No,1,25,78.23,Kasserine
Male,0,No,No,9,Yes,No,DSL,No,No,No,No,No,Month-to-month,Yes,Mailed check,44.4,348.15,No,1,30,81.73,Sfax
Female,1,Yes,No,43,Yes,Yes,Fiber optic,No,No,Yes,Yes,Yes,One year,Yes,Electronic check,107.55,4533.9,Yes,5,5,44.19,Nabeul
Male,0,Yes,Yes,58,Yes,Yes,Fiber optic,No,No,Yes,No,Yes,Two year,No,Bank transfer (automatic),94.35,5563.65,No,3,6,103.26,Ariana
Male,1,Yes,No,16,Yes,Yes,Fiber optic,No,No,Yes,Yes,Yes,Month-to-month,Yes,Electronic check,98.75,1587.55,Yes,5,3,34.52,Kasserine
Male,0,Yes,Yes,2,Yes,No,No,No internet service,No internet service,No internet service,No internet service,No internet service,Month-to-month,No,Mailed check,20.3,40.25,No,4,13,68.17,Bizerte
Female,0,Yes,No,8,Yes,No,Fiber optic,No,Yes,Yes,Yes,Yes,Month-to-month,No,Electronic check,101.15,842.9,Yes,5,3,41.49,Ariana
Female,0,Yes,No,40,Yes,Yes,Fiber optic,Yes,No,Yes,Yes,Yes,One year,No,Bank transfer (automatic),105.75,4228.55,No,3,23,123.4,Gafsa
Male,0,No,No,9,Yes,Yes,Fiber optic,Yes,No,No,No,No,Month-to-month,Yes,Electronic check,81.15,784.45,No,3,24,147.04,Tunis
Male,0,No,No,41,Yes,No,Fiber optic,No,Yes,No,Yes,No,One year,Yes,Electronic check,89.55,3729.75,No,1,28,69.78,Ben Arous
Female,0,No,No,26,Yes,No,DSL,No,Yes,Yes,No,No,Month-to-month,Yes,Credit card (automatic),54.75,1406.9,No,3,23,51.45,Sfax
Female,0,Yes,No,33,Yes,No,DSL,No,Yes,No,No,No,One year,Yes,Credit card (automatic),53.75,1857.3,No,3,21,136.3,Sfax
Male,0,Yes,Yes,68,Yes,No,Fiber optic,No,Yes,Yes,Yes,Yes,One year,No,Credit card (automatic),105.75,7322.5,No,4,13,47.63,Bizerte
Female,1,Yes,No,65,Yes,No,Fiber optic,No,Yes,Yes,Yes,Yes,Two year,Yes,Credit card (automatic),105.85,6725.5,No,0,10,92.49,Bizerte
Male,0,No,No,55,Yes,No,DSL,No,Yes,No,No,Yes,One year,Yes,Electronic check,64.2,3627.3,No,1,5,64.56,Sousse
Male,0,No,No,20,Yes,Yes,Fiber optic,No,No,Yes,Yes,No,Month-to-month,Yes,Electronic check,88.7,1761.45,Yes,7,1,31.87,Sidi Bouzid
Male,0,No,No,19,Yes,No,Fiber optic,No,No,No,No,Yes,One year,Yes,Credit card (automatic),87.7,1725.95,No,4,8,90.63,Kairouan
Female,0,No,No,45,Yes,Yes,Fiber optic,No,No,Yes,No,Yes,Month-to-month,Yes,Credit card (automatic),89.3,4192.15,No,4,21,73.66,Kasserine
Female,0,Yes,Yes,70,Yes,No,No,No internet service,No internet service,No internet service,No internet service,No internet service,Two year,Yes,Credit card (automatic),20.15,1411.2,No,0,27,56.41,Siliana
Female,0,No,No,2,Yes,No,Fiber optic,No,No,No,Yes,No,Month-to-month,Yes,Electronic check,79.75,164.5,Yes,6,0,30.36,Monastir
Female,0,No,No,27,Yes,Yes,Fiber optic,No,No,No,Yes,Yes,Month-to-month,Yes,Mailed check,94.55,2724.6,Yes,9,0,40.35,Nabeul
Female,0,Yes,No,12,Yes,No,No,No internet service,No internet service,No internet service,No internet service,No internet service,Two year,Yes,Electronic check,20.05,264.55,No,1,11,94.84,Monastir
Male,0,No,Yes,72,No,No phone service,DSL,Yes,Yes,Yes,Yes,Yes,Two year,No,Credit card (automatic),67.2,4671.7,No,1,15,115.22,Tunis
Male,0,No,No,12,Yes,Yes,Fiber optic,No,No,No,Yes,Yes,Month-to-month,No,Electronic check,94.55,1173.55,No,2,14,18.28,Ben Arous
Female,1,No,No,5,Yes,No,Fiber optic,No,No,No,No,No,Month-to-month,Yes,Mailed check,69.05,318.5,Yes,10,1,31.05,Sfax
Male,1,Yes,No,71,Yes,Yes,Fiber optic,Yes,Yes,Yes,Yes,Yes,Month-to-month,Yes,Electronic check,107.5,7713.55,No,3,18,95.31,Zaghouan
Male,1,No,No,35,Yes,No,DSL,No,No,Yes,Yes,Yes,One year,Yes,Electronic check,73.0,2471.25,No,0,5,48.4,Siliana
Male,0,Yes,Yes,70,Yes,Yes,Fiber optic,Yes,Yes,Yes,Yes,Yes,Two year,No,Credit card (automatic),114.75,7842.3,No,2,29,36.56,Sfax
Female,0,No,No,31,Yes,Yes,Fiber optic,No,No,No,No,No,Month-to-month,Yes,Electronic check,76.05,2227.8,No,1,20,11.59,Ariana
Male,0,Yes,Yes,52,Yes,Yes,Fiber optic,No,No,Yes,No,Yes,Two year,Yes,Bank transfer (automatic),96.25,4990.25,Yes,7,1,38.98,Jendouba
Male,1,No,No,37,Yes,Yes,Fiber optic,No,No,Yes,Yes,Yes,Month-to-month,Yes,Electronic check,101.1,3744.05,Yes,10,0,10.99,Bizerte
Male,0,No,No,69,Yes,Yes,Fiber optic,No,Yes,No,Yes,Yes,One year,Yes,Bank transfer (automatic),104.7,7220.35,Yes,7,1,17.67,Tunis
Male,1,Yes,No,30,Yes,Yes,Fiber optic,No,No,No,No,No,Month-to-month,No,Mailed check,77.9,2351.45,No,0,15,10.57,Béja
Female,0,No,No,33,Yes,Yes,Fiber optic,Yes,No,No,No,Yes,Month-to-month,Yes,Electronic check,90.65,2989.6,No,1,12,51.28,Gabès
Male,1,Yes,No,54,Yes,Yes,Fiber optic,No,Yes,Yes,Yes,Yes,Two year,Yes,Electronic check,110.45,6077.75,No,4,25,64.15,Sfax
Female,0,No,No,59,Yes,Yes,DSL,Yes,No,No,No,Yes,One year,No,Bank transfer (automatic),68.7,4070.95,No,0,9,138.89,Tunis
Male,1,No,No,55,No,No phone service,DSL,Yes,Yes,No,Yes,No,Month-to-month,Yes,Electronic check,44.85,2479.05,No,0,12,139.17,Sfax
Male,1,Yes,No,69,No,No phone service,DSL,No,No,Yes,No,No,One year,Yes,Credit card (automatic),29.8,2134.3,No,0,23,23.57,Tunis
Female,0,No,No,66,Yes,Yes,Fiber optic,No,Yes,No,Yes,No,One year,Yes,Bank transfer (automatic),88.9,6000.1,No,2,11,131.52,Sousse
Male,0,Yes,Yes,37,Yes,No,DSL,Yes,No,Yes,No,No,One year,Yes,Mailed check,58.75,2203.1,No,0,5,73.9,Kef
Male,1,Yes,No,9,Yes,No,No,No internet service,No internet service,No internet service,No internet service,No internet service,One year,No,Credit card (automatic),19.85,183.15,No,0,28,42.65,Siliana
Male,0,Yes,Yes,69,Yes,Yes,DSL,Yes,No,Yes,Yes,Yes,Two year,No,Bank transfer (automatic),86.9,6194.1,No,0,23,106.89,Tunis
Male,0,No,No,10,Yes,No,DSL,No,Yes,No,Yes,No,Month-to-month,Yes,Mailed check,59.65,638.95,No,3,16,45.68,Sfax
Male,0,No,Yes,40,Yes,No,DSL,Yes,Yes,No,No,No,Month-to-month,Yes,Mailed check,55.25,2139.2,Yes,5,3,10.6,Gabès
Male,0,No,Yes,13,Yes,No,DSL,No,No,No,Yes,Yes,Month-to-month,No,Credit card (automatic),66.4,831.75,No,4,19,33.76,Bizerte
Female,0,No,No,6,Yes,Yes,Fiber optic,No,Yes,No,Yes,No,Month-to-month,Yes,Electronic check,90.1,521.3,Yes,10,3,33.36,Kef
Female,0,Yes,Yes,69,Yes,No,No,No internet service,No internet service,No internet service,No internet service,No internet service,Two year,No,Bank transfer (automatic),20.15,1337.5,No,0,5,82.72,Kasserine
Female,1,Yes,No,66,Yes,Yes,Fiber optic,No,Yes,Yes,Yes,Yes,One year,Yes,Credit card (automatic),108.1,7181.95,No,3,27,124.15,Sousse
Male,0,No,No,11,Yes,Yes,DSL,No,No,Yes,No,No,Month-to-month,No,Electronic check,53.75,608.0,Yes,9,2,16.43,Tunis
Male,0,Yes,Yes,46,Yes,No,DSL,Yes,No,Yes,No,No,One year,No,Mailed check,56.9,2560.1,No,3,15,119.11,Nabeul
Female,0,No,No,6,Yes,No,Fiber optic,No,No,No,Yes,Yes,Month-to-month,No,Electronic check,89.3,577.6,Yes,7,4,4.16,Sidi Bouzid
Female,0,Yes,Yes,56,Yes,Yes,Fiber optic,Yes,No,Yes,Yes,Yes,Month-to-month,Yes,Mailed check,109.6,5953.0,No,1,10,113.3,Béja
Male,0,Yes,Yes,70,Yes,Yes,No,No internet service,No internet service,No internet service,No internet service,No internet service,Two year,No,Credit card (automatic),25.15,1790.15,No,0,10,54.77,Sfax
Female,0,Yes,Yes,33,Yes,Yes,DSL,No,No,Yes,Yes,Yes,One year,Yes,Electronic check,79.15,2531.4,No,3,17,69.48,Jendouba
Female,0,Yes,Yes,72,Yes,Yes,DSL,Yes,Yes,No,No,No,Two year,No,Credit card (automatic),66.75,4760.3,No,2,21,130.2,Sfax
Female,0,Yes,No,3,Yes,Yes,Fiber optic,No,No,No,Yes,Yes,Month-to-month,Yes,Electronic check,95.2,292.85,Yes,7,5,48.59,Jendouba
Female,0,No,Yes,19,Yes,No,DSL,No,No,No,No,No,Month-to-month,No,Mailed check,48.8,953.65,No,2,24,33.41,Siliana
Female,1,No,No,5,No,No phone service,DSL,No,No,No,Yes,Yes,Month-to-month,No,Electronic check,45.7,198.0,Yes,10,5,26.33,Monastir
Female,0,Yes,No,71,Yes,No,DSL,No,Yes,Yes,Yes,Yes,Two year,Yes,Credit card (automatic),80.7,5705.05,No,0,22,40.36,Tozeur
Male,0,Yes,No,8,Yes,No,Fiber optic,Yes,No,No,No,No,Month-to-month,Yes,Electronic check,74.5,609.9,Yes,4,2,31.69,Tunis
Male,0,No,No,1,Yes,No,No,No internet service,No internet service,No internet service,No internet service,No internet service,Month-to-month,No,Credit card (automatic),20.55,20.55,No,0,5,109.82,Kef
Female,0,No,No,1,Yes,No,Fiber optic,No,No,No,Yes,No,Month-to-month,Yes,Electronic check,79.65,79.65,Yes,7,0,46.03,Tunis
Female,0,No,No,61,Yes,Yes,Fiber optic,Yes,Yes,Yes,Yes,Yes,One year,Yes,Mailed check,115.1,6993.65,No,0,26,119.2,Kasserine
Female,0,Yes,Yes,71,No,No phone service,DSL,Yes,Yes,No,Yes,Yes,Two year,No,Bank transfer (automatic),59.7,4122.65,No,3,24,79.5,Sidi Bouzid
Female,0,Yes,No,68,Yes,Yes,Fiber optic,No,Yes,Yes,No,No,One year,No,Credit card (automatic),86.45,5762.95,No,1,8,69.6,Gabès
Male,0,No,No,46,No,No phone service,DSL,No,No,Yes,No,No,One year,No,Credit card (automatic),33.7,1537.85,No,0,21,139.34,Nabeul
Male,0,No,No,33,Yes,Yes,Fiber optic,Yes,No,No,No,No,One year,No,Bank transfer (automatic),80.1,2603.3,No,0,15,144.68,Sfax
Female,0,Yes,Yes,53,Yes,Yes,Fiber optic,Yes,Yes,Yes,No,Yes,Two year,Yes,Bank transfer (automatic),104.05,5566.4,No,0,7,120.21,Sfax
Female,1,Yes,No,50,Yes,Yes,Fiber optic,Yes,Yes,Yes,Yes,Yes,Month-to-month,No,Bank transfer (automatic),108.75,5431.9,No,2,5,117.5,Sfax
Female,0,No,No,57,No,No phone service,DSL,Yes,No,Yes,No,No,One year,Yes,Credit card (automatic),41.1,2258.25,No,2,17,16.64,Ariana
Female,0,Yes,Yes,54,Yes,No,No,No internet service,No internet service,No internet service,No internet service,No internet service,Two year,Yes,Bank transfer (automatic),20.35,1092.35,No,0,21,39.12,Sfax
Female,1,Yes,No,60,Yes,Yes,Fiber optic,No,Yes,Yes,Yes,Yes,Month-to-month,Yes,Electronic check,105.9,6401.25,No,3,15,100.06,Kairouan
Female,1,Yes,No,28,Yes,Yes,Fiber optic,No,No,No,Yes,Yes,Month-to-month,Yes,Credit card (automatic),101.3,2812.2,Yes,5,2,0.76,Sfax
Female,0,Yes,Yes,1,Yes,No,Fiber optic,No,No,No,Yes,No,Month-to-month,Yes,Mailed check,80.05,80.05,Yes,8,1,26.2,Sfax
Male,0,Yes,Yes,29,Yes,Yes,Fiber optic,No,No,Yes,No,Yes,Month-to-month,Yes,Electronic check,89.2,2698.35,Yes,5,2,35.62,Tozeur
Female,0,Yes,Yes,10,Yes,No,DSL,No,Yes,No,No,Yes,Month-to-month,Yes,Electronic check,65.5,616.9,No,1,11,130.19,Mahdia
Male,0,No,Yes,43,No,No phone service,DSL,Yes,Yes,Yes,No,No,Month-to-month,Yes,Electronic check,40.45,1912.85,No,2,6,67.91,Kasserine
Male,1,Yes,No,13,Yes,No,Fiber optic,No,No,No,No,No,Month-to-month,No,Bank transfer (automatic),70.45,849.1,No,2,27,95.07,Ben Arous
Female,0,Yes,No,43,Yes,No,DSL,Yes,No,Yes,Yes,Yes,Two year,Yes,Electronic check,78.8,3460.3,No,1,30,39.74,Sousse
Male,0,Yes,Yes,19,Yes,Yes,Fiber optic,No,No,No,No,Yes,Month-to-month,Yes,Electronic check,83.65,1465.75,Yes,10,5,39.62,Tunis
Male,0,Yes,Yes,1,Yes,No,Fiber optic,No,No,No,Yes,Yes,Month-to-month,Yes,Electronic check,90.1,90.1,No,4,24,38.77,Ben Arous
Female,0,No,No,69,Yes,No,DSL,Yes,No,Yes,Yes,Yes,Two year,Yes,Credit card (automatic),82.45,5555.3,No,4,25,148.24,Kasserine
Female,0,Yes,No,61,Yes,No,No,No internet service,No internet service,No internet service,No internet service,No internet service,Two year,No,Credit card (automatic),20.25,1278.8,No,2,23,33.88,Sidi Bouzid
Male,0,Yes,No,43,Yes,Yes,DSL,Yes,Yes,No,No,No,Month-to-month,No,Bank transfer (automatic),66.25,2907.35,No,1,12,18.3,Tunis
Female,0,Yes,No,6,Yes,No,No,No internet service,No internet service,No internet service,No internet service,No internet service,Month-to-month,No,Bank transfer (automatic),19.5,146.3,Yes,7,4,15.75,Sfax
Male,0,No,No,1,Yes,No,DSL,No,No,No,No,No,Month-to-month,No,Mailed check,51.25,51.25,Yes,6,0,16.83,Sousse
Male,0,Yes,No,56,Yes,No,Fiber optic,No,No,No,Yes,Yes,Month-to-month,No,Mailed check,89.7,4952.95,No,3,21,59.21,Ben Arous
Female,0,Yes,No,70,No,No phone service,DSL,Yes,Yes,Yes,Yes,Yes,Two year,No,Bank transfer (automatic),64.55,4504.9,No,2,28,66.74,Sfax
Male,0,No,No,1,Yes,No,DSL,No,No,No,No,No,Month-to-month,Yes,Electronic check,45.6,45.6,Yes,8,4,36.7,Bizerte
Male,0,Yes,Yes,49,Yes,Yes,Fiber optic,No,Yes,Yes,Yes,No,One year,Yes,Electronic check,93.65,4520.15,No,4,24,89.61,Sousse
Female,0,No,No,6,Yes,No,DSL,No,No,No,No,No,Month-to-month,Yes,Bank transfer (automatic),49.65,267.35,Yes,10,3,11.62,Tataouine
Female,0,Yes,Yes,32,Yes,No,DSL,Yes,Yes,Yes,No,Yes,Two year,No,Mailed check,73.6,2316.85,No,4,18,57.12,Gafsa
Female,1,Yes,No,72,Yes,Yes,Fiber optic,Yes,No,Yes,Yes,Yes,Two year,Yes,Mailed check,109.75,8075.35,No,4,9,110.02,Ben Arous
Male,0,No,Yes,37,Yes,No,DSL,Yes,Yes,No,No,No,Two year,No,Credit card (automatic),61.45,2302.35,No,3,12,55.86,Tunis
Female,0,Yes,No,69,Yes,No,Fiber optic,Yes,Yes,No,Yes,Yes,One year,Yes,Credit card (automatic),106.4,7251.9,No,3,5,49.27,Nabeul
Female,0,Yes,No,26,Yes,No,DSL,No,Yes,Yes,Yes,Yes,Month-to-month,No,Bank transfer (automatic),81.9,2078.55,No,4,9,76.93,Kasserine
Female,0,Yes,Yes,58,Yes,Yes,Fiber optic,No,Yes,Yes,Yes,Yes,One year,Yes,Credit card (automatic),105.2,6225.4,No,4,22,127.0,Bizerte
Male,0,No,No,24,Yes,Yes,DSL,No,No,No,No,No,One year,No,Bank transfer (automatic),54.6,1242.25,No,3,15,48.88,Siliana
Male,0,Yes,Yes,5,Yes,No,No,No internet service,No internet service,No internet service,No internet service,No internet service,One year,No,Electronic check,20.55,99.45,No,0,30,100.85,Manouba
Male,0,Yes,Yes,15,Yes,No,No,No internet service,No internet service,No internet service,No internet service,No internet service,Month-to-month,Yes,Electronic check,20.0,288.05,Yes,10,3,5.99,Sousse
Female,0,Yes,Yes,30,Yes,No,No,No internet service,No internet service,No internet service,No internet service,No internet service,Two year,No,Mailed check,19.7,599.25,No,0,11,97.25,Monastir
Female,0,Yes,No,55,Yes,Yes,DSL,Yes,Yes,No,No,No,One year,Yes,Credit card (automatic),66.05,3462.1,No,1,29,23.01,Kasserine
Female,0,Yes,No,25,No,No phone service,DSL,No,No,No,Yes,No,Month-to-month,Yes,Bank transfer (automatic),34.0,853.0,Yes,8,0,42.09,Tunis
Male,1,Yes,No,10,Yes,No,Fiber optic,No,Yes,Yes,Yes,No,Month-to-month,Yes,Mailed check,92.5,934.1,Yes,8,4,28.15,Tunis
Male,0,Yes,Yes,44,No,No phone service,DSL,Yes,Yes,Yes,No,Yes,Two year,Yes,Credit card (automatic),54.05,2375.2,No,3,22,39.06,Tunis
Female,0,No,No,47,Yes,No,DSL,Yes,Yes,No,No,No,One year,Yes,Mailed check,58.9,2813.05,No,2,23,87.83,Tunis
Female,0,Yes,Yes,13,Yes,No,Fiber optic,No,No,No,Yes,Yes,Month-to-month,No,Electronic check,88.35,1222.8,Yes,7,2,13.22,Monastir
Female,0,Yes,Yes,49,Yes,Yes,Fiber optic,No,Yes,Yes,Yes,Yes,Two year,Yes,Bank transfer (automatic),107.95,5293.2,Yes,6,1,5.16,Tunis
Female,0,Yes,No,64,Yes,No,Fiber optic,Yes,No,No,Yes,Yes,One year,Yes,Mailed check,96.9,6314.35,No,1,24,132.85,Ben Arous
Male,0,No,No,1,Yes,No,No,No internet service,No internet service,No internet service,No internet service,No internet service,Month-to-month,No,Mailed check,19.1,19.1,No,0,25,97.06,Kebili
Male,0,No,No,20,Yes,No,DSL,No,No,No,No,No,Month-to-month,No,Mailed check,50.0,1003.05,No,4,26,34.83,Gabès
Female,0,Yes,No,37,No,No phone service,DSL,Yes,No,No,Yes,No,Two year,No,Electronic check,45.4,1593.1,No,1,28,111.36,Sfax
Male,0,Yes,Yes,30,Yes,Yes,Fiber optic,No,No,No,Yes,No,Month-to-month,No,Electronic check,85.45,2509.95,No,1,30,15.66,Tunis
Female,0,No,No,38,Yes,Yes,DSL,Yes,Yes,Yes,Yes,Yes,One year,No,Bank transfer (automatic),84.1,3187.65,No,2,27,85.15,Tunis
Female,1,No,No,1,Yes,Yes,Fiber optic,No,No,No,No,No,Month-to-month,Yes,Mailed check,74.45,74.45,Yes,8,2,13.37,Ariana
Female,0,No,No,37,Yes,No,DSL,No,No,No,Yes,Yes,Month-to-month,Yes,Electronic check,64.75,2345.2,Yes,7,2,19.38,Sidi Bouzid
Female,0,Yes,No,52,No,No phone service,DSL,Yes,Yes,Yes,Yes,Yes,Two year,No,Credit card (automatic),66.25,3330.1,No,2,22,133.81,Sidi Bouzid
Male,0,No,Yes,71,Yes,No,DSL,Yes,Yes,Yes,Yes,No,Two year,Yes,Credit card (automatic),76.9,5522.7,No,2,29,71.1,Monastir
Male,0,No,No,26,Yes,No,Fiber optic,No,Yes,Yes,Yes,No,Month-to-month,No,Electronic check,89.8,2335.3,Yes,9,0,33.95,Tunis
Male,0,No,No,66,Yes,Yes,DSL,Yes,Yes,Yes,No,Yes,Two year,Yes,Credit card (automatic),74.6,4798.4,No,3,12,13.1,Bizerte
Male,0,Yes,No,72,Yes,Yes,Fiber optic,Yes,Yes,Yes,Yes,Yes,Two year,Yes,Credit card (automatic),116.95,8594.4,No,3,18,29.36,Tunis
Male,0,No,Yes,25,No,No phone service,DSL,Yes,No,No,Yes,No,One year,Yes,Credit card (automatic),40.65,970.55,No,0,11,21.75,Tunis
Male,0,Yes,Yes,69,Yes,Yes,Fiber optic,Yes,Yes,Yes,Yes,Yes,Two year,Yes,Bank transfer (automatic),114.35,7665.8,No,3,18,64.49,Sfax
Male,0,Yes,Yes,53,Yes,Yes,DSL,Yes,Yes,No,No,Yes,Two year,No,Bank transfer (automatic),69.7,3686.05,No,0,9,135.32,Zaghouan
Female,0,No,No,12,Yes,No,Fiber optic,No,No,Yes,Yes,Yes,One year,No,Mailed check,95.5,1115.15,Yes,5,2,26.53,Jendouba
Male,0,No,No,26,Yes,No,Fiber optic,No,No,Yes,Yes,Yes,Month-to-month,Yes,Electronic check,98.65,2537.0,No,0,28,18.77,Kairouan
Male,0,No,No,21,Yes,No,DSL,No,No,Yes,No,Yes,Month-to-month,No,Mailed check,61.65,1393.6,No,0,6,28.61,Tunis
Female,0,No,Yes,1,Yes,No,Fiber optic,No,No,No,Yes,Yes,Month-to-month,Yes,Electronic check,89.35,89.35,No,1,19,118.4,Ben Arous
Male,0,No,No,48,Yes,Yes,Fiber optic,Yes,No,No,No,Yes,Month-to-month,Yes,Electronic check,95.4,4445.3,No,4,26,24.78,Ben Arous
Female,0,Yes,No,26,No,No phone service,DSL,Yes,No,Yes,No,No,One year,No,Credit card (automatic),35.4,978.6,No,4,24,144.1,Tunis
Male,0,Yes,No,60,Yes,No,No,No internet service,No internet service,No internet service,No internet service,No internet service,Two year,No,Mailed check,19.95,1258.15,No,2,20,68.0,Tunis
Male,0,No,No,18,Yes,No,No,No internet service,No internet service,No internet service,No internet service,No internet service,Month-to-month,No,Mailed check,19.25,331.35,No,3,26,47.78,Kasserine
Female,1,No,No,10,No,No phone service,DSL,No,No,No,No,No,Month-to-month,Yes,Electronic check,29.65,291.4,Yes,5,4,40.2,Tunis
Male,0,Yes,Yes,5,Yes,Yes,Fiber optic,Yes,No,Yes,No,No,Month-to-month,Yes,Electronic check,84.5,453.75,Yes,9,0,32.9,Sfax
Female,0,No,Yes,4,Yes,No,No,No internet service,No internet service,No internet service,No internet service,No internet service,One year,Yes,Mailed check,20.4,84.75,No,0,11,35.27,Sfax
Male,0,Yes,Yes,65,Yes,Yes,No,No internet service,No internet service,No internet service,No internet service,No internet service,Two year,No,Credit card (automatic),24.75,1715.1,No,3,10,129.24,Sousse
Male,0,Yes,Yes,70,Yes,Yes,No,No internet service,No internet service,No internet service,No internet service,No internet service,Two year,No,Mailed check,25.35,1715.15,No,3,7,134.4,Tunis
Male,0,No,No,18,Yes,Yes,Fiber optic,No,No,Yes,No,Yes,Month-to-month,Yes,Credit card (automatic),90.7,1597.25,Yes,10,5,44.94,Sousse
Male,0,No,Yes,62,Yes,No,No,No internet service,No internet service,No internet service,No internet service,No internet service,Two year,No,Bank transfer (automatic),20.0,1250.1,No,0,18,15.83,Tunis
Female,0,Yes,Yes,66,Yes,No,DSL,Yes,No,No,Yes,No,Two year,Yes,Electronic check,59.75,3996.8,No,4,25,30.4,Tunis
Female,0,Yes,Yes,65,Yes,Yes,DSL,Yes,Yes,No,Yes,Yes,Two year,Yes,Bank transfer (automatic),82.5,5215.1,No,2,11,141.3,Nabeul
Female,1,No,No,3,Yes,No,Fiber optic,No,No,No,No,No,Month-to-month,Yes,Electronic check,70.3,235.5,Yes,9,0,38.64,Kebili
Female,0,No,No,34,Yes,No,No,No internet service,No internet service,No internet service,No internet service,No internet service,Month-to-month,No,Mailed check,20.35,673.2,No,0,15,93.93,Mahdia
Male,0,Yes,Yes,16,Yes,Yes,Fiber optic,No,No,Yes,Yes,No,Month-to-month,Yes,Bank transfer (automatic),90.8,1442.2,No,2,24,71.94,Mahdia
Female,0,No,No,54,Yes,Yes,Fiber optic,Yes,No,Yes,Yes,Yes,One year,Yes,Bank transfer (automatic),103.95,5639.05,Yes,6,3,10.28,Bizerte
Female,1,No,No,50,Yes,Yes,Fiber optic,No,No,Yes,Yes,Yes,Month-to-month,Yes,Electronic check,104.95,5222.35,No,3,10,43.96,Tunis
Male,0,Yes,No,71,Yes,No,Fiber optic,No,Yes,Yes,Yes,Yes,Two year,Yes,Electronic check,105.25,7291.75,No,0,16,44.01,Tunis
Female,0,No,No,10,Yes,Yes,Fiber optic,No,No,No,No,No,Month-to-month,Yes,Electronic check,74.75,799.65,Yes,4,2,38.82,Tunis
Female,0,No,No,1,Yes,No,DSL,No,No,No,No,No,Month-to-month,Yes,Electronic check,50.8,50.8,Yes,10,4,39.49,Tozeur
Male,0,No,No,18,Yes,Yes,No,No internet service,No internet service,No internet service,No internet service,No internet service,One year,No,Mailed check,23.75,424.5,No,0,16,84.26,Ariana
Male,0,No,No,4,Yes,No,DSL,No,No,No,Yes,No,Month-to-month,Yes,Electronic check,61.3,249.4,No,3,11,20.55,Sousse
Female,0,Yes,Yes,58,Yes,Yes,DSL,Yes,No,Yes,Yes,No,Two year,No,Mailed check,75.8,4415.75,No,1,14,140.12,Médiénine
Female,0,Yes,No,56,Yes,Yes,Fiber optic,Yes,No,No,Yes,Yes,One year,Yes,Electronic check,98.0,5270.6,No,2,14,73.75,Nabeul
Male,0,No,No,2,Yes,No,Fiber optic,No,No,No,Yes,No,Month-to-month,Yes,Electronic check,80.25,144.55,Yes,7,1,26.27,Gafsa
Male,0,Yes,No,32,Yes,Yes,Fiber optic,No,No,Yes,No,No,Month-to-month,Yes,Electronic check,78.9,2447.95,Yes,10,2,19.1,Siliana
Male,0,Yes,Yes,56,No,No phone service,DSL,Yes,Yes,No,Yes,No,One year,Yes,Mailed check,52.0,2884.9,No,4,19,114.89,Monastir
Male,0,No,No,36,Yes,Yes,Fiber optic,No,No,No,No,Yes,Month-to-month,Yes,Electronic check,84.75,3050.15,Yes,7,2,4.92,Kairouan
Female,0,No,No,4,Yes,Yes,DSL,No,No,No,Yes,No,Month-to-month,Yes,Mailed check,64.4,253.0,No,0,30,130.56,Sousse
Male,0,No,No,53,Yes,Yes,Fiber optic,No,No,No,Yes,No,Month-to-month,No,Bank transfer (automatic),85.45,4517.25,Yes,10,2,10.05,Sfax
Male,0,No,No,10,Yes,No,DSL,No,No,No,No,No,Month-to-month,Yes,Credit card (automatic),45.8,436.2,No,4,19,18.68,Sfax
Male,0,No,No,4,No,No phone service,DSL,No,No,No,No,No,Month-to-month,No,Electronic check,30.5,118.4,No,2,16,146.88,Médiénine
Male,0,Yes,Yes,1,Yes,No,No,No internet service,No internet service,No internet service,No internet service,No internet service,Month-to-month,No,Mailed check,19.9,19.9,Yes,7,2,26.54,Manouba
Female,0,Yes,No,51,Yes,No,Fiber optic,No,No,No,No,No,Month-to-month,No,Mailed check,69.15,3649.6,No,0,27,20.35,Tunis
Male,1,No,No,12,Yes,Yes,Fiber optic,No,No,Yes,Yes,Yes,Month-to-month,Yes,Electronic check,99.45,1200.15,Yes,5,4,39.73,Kairouan
Female,0,No,No,6,No,No phone service,DSL,No,No,No,Yes,Yes,One year,Yes,Mailed check,49.25,255.6,No,3,14,29.33,Siliana
Male,0,Yes,Yes,63,No,No phone service,DSL,No,Yes,Yes,No,No,Two year,No,Bank transfer (automatic),39.35,2395.05,No,4,21,139.11,Sfax
Female,0,No,No,1,Yes,No,Fiber optic,No,No,No,No,No,Month-to-month,Yes,Electronic check,70.6,70.6,Yes,9,0,9.81,Tunis
Female,0,Yes,No,48,Yes,Yes,Fiber optic,No,Yes,No,Yes,Yes,Month-to-month,Yes,Credit card (automatic),105.1,5083.55,No,3,22,79.7,Sousse
Female,0,No,No,5,Yes,No,Fiber optic,No,No,No,Yes,No,Month-to-month,Yes,Credit card (automatic),81.0,389.6,Yes,5,2,42.22,Ariana
Female,0,No,Yes,35,Yes,No,No,No internet service,No internet service,No internet service,No internet service,No internet service,One year,Yes,Credit card (automatic),20.1,644.5,No,4,28,142.95,Bizerte
Male,0,No,No,6,Yes,No,Fiber optic,No,Yes,No,Yes,No,Month-to-month,Yes,Electronic check,84.85,523.5,Yes,7,0,22.37,Nabeul
Male,0,No,No,2,Yes,No,No,No internet service,No internet service,No internet service,No internet service,No internet service,Month-to-month,No,Mailed check,19.75,39.3,No,1,10,93.09,Tunis
Female,0,No,No,50,Yes,No,No,No internet service,No internet service,No internet service,No internet service,No internet service,One year,No,Bank transfer (automatic),19.75,989.05,No,3,13,106.54,Nabeul
Female,0,No,No,33,Yes,No,Fiber optic,No,No,No,No,No,Month-to-month,Yes,Bank transfer (automatic),70.4,2406.1,No,2,26,72.48,Kasserine
Male,0,No,No,31,Yes,No,No,No internet service,No internet service,No internet service,No internet service,No internet service,Two year,No,Mailed check,20.45,638.55,No,2,22,127.25,Nabeul
Female,0,Yes,Yes,9,Yes,No,No,No internet service,No internet service,No internet service,No internet service,No internet service,Two year,No,Mailed check,20.35,191.1,No,2,18,39.87,Monastir
Female,0,Yes,Yes,54,Yes,Yes,DSL,No,Yes,Yes,Yes,Yes,Month-to-month,Yes,Electronic check,86.2,4524.05,No,4,6,103.25,Ben Arous
Female,0,No,No,46,Yes,No,Fiber optic,Yes,Yes,Yes,Yes,No,One year,Yes,Credit card (automatic),95.65,4664.2,No,2,11,15.83,Tunis
Male,0,No,Yes,34,Yes,Yes,Fiber optic,Yes,Yes,No,Yes,Yes,One year,Yes,Electronic check,103.8,3470.8,No,0,12,58.37,Ariana
Male,0,Yes,Yes,71,Yes,Yes,Fiber optic,Yes,No,No,Yes,Yes,Two year,Yes,Electronic check,97.2,6910.3,No,1,5,114.42,Tunis
Female,0,Yes,Yes,63,Yes,No,DSL,Yes,Yes,Yes,No,No,Two year,No,Mailed check,63.55,4014.2,No,1,8,148.41,Bizerte
Female,0,No,No,51,Yes,Yes,No,No internet service,No internet service,No internet service,No internet service,No internet service,Two year,No,Bank transfer (automatic),24.95,1288.0,No,1,9,10.33,Sousse
Female,1,No,No,26,Yes,Yes,Fiber optic,No,Yes,No,Yes,No,Month-to-month,Yes,Electronic check,89.15,2277.65,Yes,7,0,21.41,Tunis
Female,0,Yes,No,64,Yes,No,Fiber optic,Yes,No,Yes,Yes,Yes,Two year,Yes,Bank transfer (automatic),99.0,6375.8,No,4,30,46.74,Bizerte
Female,1,Yes,No,1,No,No phone service,DSL,No,No,No,No,No,Month-to-month,Yes,Electronic check,24.8,24.8,Yes,9,0,30.35,Médiénine
Male,1,Yes,No,61,Yes,Yes,Fiber optic,No,Yes,No,No,No,One year,Yes,Bank transfer (automatic),85.55,5251.75,No,0,18,96.46,Mahdia
Female,0,No,No,15,Yes,No,Fiber optic,No,No,Yes,Yes,Yes,Month-to-month,Yes,Credit card (automatic),94.0,1505.45,No,0,15,20.42,Sfax
Male,0,No,No,64,Yes,Yes,Fiber optic,No,Yes,No,Yes,Yes,One year,Yes,Credit card (automatic),105.65,6903.1,Yes,5,3,32.06,Kasserine
Female,0,No,No,18,Yes,Yes,DSL,No,No,No,No,No,Month-to-month,Yes,Electronic check,50.3,913.3,No,2,6,30.26,Kairouan
Female,0,Yes,Yes,57,Yes,No,Fiber optic,No,Yes,No,Yes,Yes,One year,Yes,Electronic check,95.0,5535.8,No,3,14,74.47,Sidi Bouzid
Male,0,Yes,Yes,14,Yes,No,DSL,Yes,Yes,No,No,Yes,Two year,Yes,Bank transfer (automatic),61.4,815.55,No,3,21,36.56,Sfax
Male,1,No,No,18,Yes,Yes,Fiber optic,No,Yes,No,No,No,Month-to-month,Yes,Credit card (automatic),80.55,1411.65,No,0,7,60.36,Tunis
Female,1,Yes,No,72,Yes,Yes,Fiber optic,Yes,No,No,No,No,Two year,No,Bank transfer (automatic),78.5,5602.25,No,1,16,103.04,Ben Arous
Male,0,Yes,No,70,Yes,Yes,Fiber optic,Yes,Yes,Yes,Yes,Yes,Two year,No,Credit card (automatic),114.3,8244.3,No,4,24,97.84,Gabès
Female,0,No,No,38,Yes,No,No,No internet service,No internet service,No internet service,No internet service,No internet service,Two year,No,Mailed check,20.05,741.5,No,2,7,93.55,Ben Arous
Male,0,Yes,Yes,68,Yes,No,DSL,Yes,Yes,Yes,No,No,Two year,No,Credit card (automatic),62.65,4375.8,No,4,18,37.61,Monastir
Male,0,No,No,13,Yes,No,Fiber optic,No,No,No,No,Yes,Month-to-month,Yes,Electronic check,80.85,1008.7,Yes,7,4,17.88,Kasserine
Male,1,Yes,No,65,Yes,Yes,Fiber optic,Yes,Yes,No,Yes,No,Two year,Yes,Credit card (automatic),92.7,5968.4,No,3,11,116.19,Gabès
Female,0,No,No,30,Yes,Yes,Fiber optic,No,No,Yes,Yes,Yes,Month-to-month,No,Electronic check,100.45,3096.9,No,1,14,141.45,Béja
Male,0,Yes,No,51,Yes,Yes,DSL,No,No,No,Yes,Yes,Two year,Yes,Bank transfer (automatic),75.2,3901.25,No,4,25,83.71,Ben Arous
Female,0,No,No,31,Yes,Yes,Fiber optic,Yes,No,Yes,No,No,Month-to-month,Yes,Credit card (automatic),84.75,2613.4,No,0,29,87.56,Ariana
Female,0,Yes,No,9,Yes,No,Fiber optic,No,No,No,Yes,Yes,Month-to-month,No,Electronic check,89.45,853.1,Yes,10,5,36.86,Kairouan
Female,0,Yes,Yes,72,Yes,Yes,DSL,Yes,Yes,Yes,No,Yes,Two year,Yes,Bank transfer (automatic),79.5,5661.7,No,2,24,133.43,Béja
Male,0,No,No,10,Yes,Yes,DSL,No,No,No,Yes,Yes,Month-to-month,Yes,Credit card (automatic),72.15,794.25,Yes,6,5,6.37,Béja
Female,0,No,No,37,Yes,No,No,No internet service,No internet service,No internet service,No internet service,No internet service,One year,Yes,Electronic check,19.8,695.05,No,4,11,96.69,Ben Arous
Female,0,No,No,2,Yes,No,DSL,No,No,Yes,Yes,Yes,Month-to-month,No,Electronic check,76.4,160.8,Yes,4,4,14.89,Bizerte
Male,0,No,No,55,Yes,No,Fiber optic,Yes,Yes,No,Yes,Yes,One year,Yes,Mailed check,100.9,5552.05,No,2,29,133.95,Sousse
Male,0,No,Yes,33,Yes,Yes,Fiber optic,Yes,No,Yes,No,Yes,Month-to-month,Yes,Bank transfer (automatic),95.3,3275.15,No,2,5,17.79,Sidi Bouzid
Female,0,Yes,Yes,46,Yes,No,Fiber optic,No,No,Yes,No,Yes,One year,No,Bank transfer (automatic),90.95,4236.6,No,1,24,31.24,Jendouba
Female,0,No,Yes,1,Yes,No,DSL,Yes,No,No,No,No,Month-to-month,No,Electronic check,54.5,54.5,No,1,10,131.74,Monastir
Female,1,No,No,20,Yes,Yes,DSL,No,No,No,No,Yes,Month-to-month,Yes,Mailed check,61.6,1174.35,Yes,4,3,19.15,Kairouan
Male,0,Yes,No,9,Yes,No,Fiber optic,No,Yes,Yes,No,No,Month-to-month,Yes,Electronic check,79.9,741.7,Yes,8,5,22.27,Médiénine
Male,1,No,No,32,Yes,Yes,Fiber optic,No,No,No,Yes,Yes,Month-to-month,Yes,Credit card (automatic),96.15,3019.25,Yes,8,1,3.96,Ariana
Female,0,Yes,Yes,19,Yes,No,DSL,No,No,Yes,No,No,Month-to-month,Yes,Bank transfer (automatic),49.6,962.9,No,2,30,10.28,Sousse
Female,0,Yes,No,70,Yes,Yes,DSL,Yes,No,Yes,No,No,Two year,No,Credit card (automatic),65.3,4759.75,Yes,9,2,18.41,Tunis
Female,0,No,Yes,61,Yes,Yes,No,No internet service,No internet service,No internet service,No internet service,No internet service,Two year,Yes,Credit card (automatic),25.0,1498.35,No,3,29,31.29,Béja
Male,0,No,No,26,Yes,No,DSL,No,No,No,No,No,Month-to-month,No,Electronic check,45.45,1233.15,No,0,23,51.58,Manouba
Male,0,Yes,No,45,Yes,Yes,Fiber optic,No,Yes,Yes,Yes,Yes,Month-to-month,Yes,Bank transfer (automatic),107.75,4882.8,No,1,28,16.51,Tunis
Male,0,Yes,Yes,62,Yes,Yes,Fiber optic,No,No,Yes,Yes,No,Two year,Yes,Credit card (automatic),89.1,5411.65,No,2,7,24.52,Jendouba
Male,0,No,No,1,Yes,No,No,No internet service,No internet service,No internet service,No internet service,No internet service,Month-to-month,No,Mailed check,19.65,19.65,Yes,5,4,20.44,Sfax
Female,0,No,No,3,Yes,No,DSL,No,No,No,No,No,Month-to-month,No,Mailed check,44.75,148.05,No,4,19,44.94,Sfax
Female,0,Yes,Yes,41,Yes,Yes,Fiber optic,Yes,Yes,Yes,No,Yes,One year,Yes,Bank transfer (automatic),101.6,3930.55,No,3,20,38.9,Sousse
Male,0,Yes,Yes,67,Yes,No,Fiber optic,No,Yes,Yes,Yes,Yes,Two year,No,Bank transfer (automatic),103.15,6895.5,No,4,27,100.28,Bizerte
Male,0,No,No,1,Yes,Yes,Fiber optic,No,No,No,Yes,No,Month-to-month,Yes,Mailed check,84.65,84.65,Yes,4,3,35.09,Kairouan
Female,0,Yes,No,71,Yes,Yes,Fiber optic,Yes,Yes,No,Yes,No,One year,No,Mailed check,95.65,6856.95,No,0,9,120.33,Kef
Female,0,Yes,Yes,37,Yes,No,DSL,Yes,Yes,No,Yes,Yes,One year,No,Bank transfer (automatic),75.1,2658.8,No,2,10,25.13,Sfax
Male,0,Yes,No,60,Yes,No,DSL,Yes,Yes,No,No,No,Two year,Yes,Mailed check,61.35,3766.2,No,4,9,95.2,Tunis
Female,1,Yes,No,1,Yes,No,Fiber optic,No,No,No,No,No,Month-to-month,Yes,Electronic check,69.55,69.55,Yes,10,4,16.17,Ben Arous
Female,0,No,No,6,Yes,No,No,No internet service,No internet service,No internet service,No internet service,No internet service,Month-to-month,No,Credit card (automatic),19.7,129.55,No,1,18,62.89,Jendouba
Female,0,No,No,13,No,No phone service,DSL,No,Yes,No,No,No,Month-to-month,Yes,Electronic check,31.05,347.25,Yes,10,4,45.28,Kairouan
Female,0,Yes,Yes,11,Yes,No,DSL,Yes,No,No,No,No,Month-to-month,No,Bank transfer (automatic),51.0,581.7,No,2,26,111.49,Ariana
Male,0,No,No,7,Yes,No,DSL,Yes,No,No,No,No,Month-to-month,Yes,Mailed check,51.0,354.05,Yes,7,5,19.31,Ben Arous
Female,0,Yes,Yes,10,Yes,No,Fiber optic,No,No,No,Yes,Yes,Month-to-month,Yes,Electronic check,88.85,929.45,No,3,27,57.38,Sidi Bouzid
Male,0,Yes,No,34,Yes,No,No,No internet service,No internet service,No internet service,No internet service,No internet service,Two year,No,Credit card (automatic),20.05,679.0,No,3,25,103.37,Ariana
Female,0,No,No,62,Yes,No,DSL,Yes,No,No,No,Yes,Two year,Yes,Mailed check,65.1,3846.75,No,4,18,69.76,Tunis
Male,0,Yes,No,64,Yes,Yes,DSL,No,Yes,No,No,Yes,One year,Yes,Mailed check,70.15,4480.7,No,4,12,53.05,Nabeul
Female,0,Yes,Yes,1,Yes,No,DSL,No,No,No,No,No,Month-to-month,Yes,Bank transfer (automatic),44.35,44.35,Yes,4,5,34.0,Nabeul
Male,0,No,No,25,Yes,No,No,No internet service,No internet service,No internet service,No internet service,No internet service,Two year,Yes,Mailed check,20.75,499.4,No,1,23,30.96,Sfax
Female,0,No,No,26,Yes,No,DSL,No,Yes,Yes,No,No,One year,Yes,Mailed check,56.05,1553.2,No,4,12,96.2,Jendouba
Male,0,No,Yes,10,Yes,No,No,No internet service,No internet service,No internet service,No internet service,No internet service,One year,Yes,Bank transfer (automatic),19.95,219.5,No,2,26,54.64,Kairouan
Female,0,No,No,53,Yes,Yes,Fiber optic,Yes,Yes,Yes,Yes,No,One year,No,Mailed check,98.6,5311.85,No,2,12,99.35,Sousse
Female,0,No,No,7,Yes,No,Fiber optic,No,No,No,Yes,No,Month-to-month,Yes,Electronic check,79.7,586.05,Yes,4,3,9.98,Sfax
Male,0,No,No,33,Yes,No,Fiber optic,No,Yes,Yes,No,No,Month-to-month,Yes,Credit card (automatic),79.0,2576.8,No,2,17,31.66,Bizerte
Female,1,Yes,No,71,Yes,No,Fiber optic,No,Yes,Yes,No,Yes,Two year,No,Credit card (automatic),89.45,6435.25,No,2,29,135.73,Manouba
Female,0,No,No,29,Yes,Yes,Fiber optic,No,No,No,No,No,Month-to-month,Yes,Electronic check,74.2,1993.25,No,0,15,130.57,Sfax
Male,0,Yes,Yes,24,Yes,Yes,DSL,Yes,No,No,Yes,Yes,Month-to-month,No,Bank transfer (automatic),81.0,1923.85,No,2,15,99.48,Monastir
Male,0,Yes,Yes,20,Yes,No,DSL,No,No,Yes,No,No,Month-to-month,Yes,Electronic check,49.6,939.8,No,4,19,84.14,Tunis
Female,0,No,No,1,Yes,Yes,Fiber optic,No,No,No,Yes,No,Month-to-month,Yes,Electronic check,84.6,84.6,No,4,24,18.9,Ben Arous
Male,0,No,Yes,54,Yes,Yes,DSL,No,Yes,No,No,No,Month-to-month,Yes,Credit card (automatic),55.0,3092.65,Yes,10,4,12.95,Monastir
Female,1,No,No,5,Yes,No,Fiber optic,No,No,Yes,Yes,No,Month-to-month,Yes,Mailed check,84.85,415.55,Yes,8,4,40.04,Bizerte
Female,0,Yes,Yes,72,Yes,Yes,DSL,Yes,No,Yes,Yes,Yes,Two year,Yes,Bank transfer (automatic),84.2,5986.55,No,2,13,22.56,Nabeul
Male,0,Yes,No,52,Yes,No,Fiber optic,Yes,Yes,Yes,Yes,Yes,Two year,Yes,Electronic check,106.3,5487.0,No,0,16,88.42,Ben Arous
Female,0,No,No,9,Yes,No,Fiber optic,No,No,No,No,No,Month-to-month,No,Electronic check,69.05,651.5,No,2,11,24.78,Sidi Bouzid
Female,0,No,No,1,Yes,No,DSL,No,No,No,No,No,Month-to-month,Yes,Mailed check,45.4,45.4,No,3,13,33.02,Sfax
Male,1,No,No,1,Yes,Yes,Fiber optic,No,No,No,No,No,Month-to-month,Yes,Electronic check,73.65,73.65,Yes,4,2,31.09,Sfax
Male,0,Yes,Yes,33,Yes,No,DSL,No,No,Yes,Yes,Yes,One year,Yes,Mailed check,73.9,2405.05,Yes,7,5,27.06,Siliana
Female,0,Yes,No,55,Yes,Yes,Fiber optic,No,No,Yes,No,No,Month-to-month,Yes,Electronic check,77.75,4458.15,Yes,7,4,9.0,Sfax
Male,0,Yes,Yes,69,Yes,Yes,Fiber optic,No,No,No,Yes,Yes,Two year,Yes,Electronic check,99.35,6856.45,No,1,25,102.7,Kasserine
Male,0,No,No,1,Yes,No,DSL,Yes,No,No,No,No,Month-to-month,Yes,Mailed check,50.75,50.75,No,0,15,110.22,Médiénine
Male,0,No,No,54,Yes,Yes,DSL,Yes,No,Yes,Yes,Yes,Two year,No,Bank transfer (automatic),87.1,4735.2,No,0,22,72.93,Bizerte
Male,0,No,Yes,33,Yes,No,No,No internet service,No internet service,No internet service,No internet service,No internet service,One year,Yes,Mailed check,20.15,682.15,No,3,18,76.06,Gafsa
Male,1,Yes,No,45,Yes,Yes,Fiber optic,No,Yes,Yes,Yes,No,One year,Yes,Bank transfer (automatic),98.7,4525.8,No,3,27,73.17,Ariana
Female,0,No,Yes,11,No,No phone service,DSL,No,No,No,No,No,Month-to-month,No,Electronic check,25.2,321.05,No,3,30,139.0,Sousse
Male,0,No,No,6,Yes,No,DSL,Yes,Yes,No,No,No,Month-to-month,Yes,Bank transfer (automatic),55.7,335.65,No,2,20,106.07,Kasserine
Male,0,No,No,21,Yes,No,DSL,Yes,No,Yes,Yes,No,Month-to-month,No,Bank transfer (automatic),65.35,1424.4,No,4,6,105.99,Tozeur
Female,0,Yes,Yes,65,Yes,Yes,No,No internet service,No internet service,No internet service,No internet service,No internet service,Two year,Yes,Bank transfer (automatic),25.3,1748.55,No,1,25,115.84,Siliana
Female,1,Yes,No,6,Yes,Yes,Fiber optic,No,No,No,No,Yes,Month-to-month,Yes,Electronic check,84.35,474.9,Yes,5,4,43.14,Ariana
Female,0,No,No,8,Yes,No,Fiber optic,Yes,No,No,Yes,No,Month-to-month,No,Electronic check,84.95,668.4,Yes,8,2,21.75,Mahdia
Male,0,No,No,11,Yes,No,Fiber optic,No,No,No,No,No,Month-to-month,Yes,Electronic check,73.85,926.25,Yes,7,0,38.51,Tataouine
Male,0,Yes,Yes,43,Yes,Yes,No,No internet service,No internet service,No internet service,No internet service,No internet service,Two year,No,Mailed check,24.25,1077.95,No,0,5,53.65,Tunis
Male,0,Yes,Yes,49,No,No phone service,DSL,No,Yes,No,Yes,Yes,One year,Yes,Bank transfer (automatic),51.8,2541.25,Yes,4,1,4.64,Sidi Bouzid
Female,1,Yes,No,1,Yes,No,DSL,No,No,No,No,No,Month-to-month,No,Electronic check,46.0,46.0,Yes,7,3,3.78,Sfax
Male,1,No,No,15,Yes,No,Fiber optic,No,No,No,No,Yes,Month-to-month,Yes,Electronic check,79.4,1156.1,Yes,5,0,25.63,Kasserine
Male,0,Yes,Yes,60,Yes,No,DSL,Yes,Yes,Yes,No,No,Two year,No,Bank transfer (automatic),60.5,3694.45,No,3,18,147.02,Ariana
Male,0,No,No,17,No,No phone service,DSL,No,No,No,No,No,Month-to-month,No,Credit card (automatic),25.1,382.8,No,2,21,120.86,Monastir
Male,1,Yes,No,16,Yes,No,Fiber optic,No,No,No,No,No,Month-to-month,Yes,Bank transfer (automatic),71.8,1167.8,Yes,8,5,1.36,Kasserine
Male,0,Yes,Yes,35,Yes,No,No,No internet service,No internet service,No internet service,No internet service,No internet service,One year,No,Bank transfer (automatic),20.05,746.75,No,3,17,81.49,Bizerte
Male,1,Yes,No,44,Yes,Yes,Fiber optic,No,Yes,No,No,Yes,One year,No,Mailed check,88.4,3912.9,Yes,7,3,10.45,Ariana
Female,0,Yes,Yes,12,No,No phone service,DSL,No,No,No,No,No,One year,No,Credit card (automatic),30.25,368.85,No,1,13,144.08,Tunis
Male,0,No,No,1,Yes,No,No,No internet service,No internet service,No internet service,No internet service,No internet service,Month-to-month,No,Mailed check,20.2,20.2,No,4,22,23.81,Sfax
Female,0,No,No,28,Yes,No,DSL,Yes,Yes,No,No,No,One year,Yes,Electronic check,59.9,1654.7,No,4,10,42.84,Kairouan
Male,0,Yes,No,70,Yes,Yes,No,No internet service,No internet service,No internet service,No internet service,No internet service,Two year,No,Bank transfer (automatic),25.15,1940.85,No,3,20,47.61,Gabès
Female,0,No,Yes,5,Yes,No,DSL,No,No,No,No,No,Month-to-month,No,Mailed check,46.0,221.7,Yes,7,2,31.92,Sousse
Male,0,No,No,18,Yes,No,Fiber optic,No,Yes,Yes,Yes,Yes,Month-to-month,No,Credit card (automatic),101.3,1794.65,No,2,14,126.13,Sousse
Male,0,Yes,No,70,Yes,Yes,DSL,Yes,No,No,Yes,Yes,Two year,Yes,Credit card (automatic),76.95,5289.8,No,3,27,139.07,Sousse
Female,0,Yes,Yes,9,Yes,Yes,DSL,No,Yes,No,No,No,Month-to-month,Yes,Mailed check,55.3,501.2,No,4,19,137.37,Nabeul
Female,1,No,No,67,Yes,No,Fiber optic,Yes,Yes,No,Yes,No,Two year,Yes,Bank transfer (automatic),92.45,6140.85,No,4,20,85.2,Kairouan
Female,0,No,No,1,Yes,No,DSL,Yes,No,No,No,No,Month-to-month,Yes,Bank transfer (automatic),48.45,48.45,No,4,30,100.72,Sfax
Female,0,Yes,Yes,18,Yes,No,No,No internet service,No internet service,No internet service,No internet service,No internet service,Two year,No,Mailed check,19.35,309.25,No,2,28,34.21,Sfax
Male,0,No,No,4,Yes,Yes,DSL,No,No,No,No,No,Month-to-month,No,Credit card (automatic),51.75,201.1,Yes,6,0,18.08,Nabeul
Male,1,Yes,Yes,71,Yes,No,Fiber optic,Yes,Yes,Yes,No,No,One year,Yes,Bank transfer (automatic),86.7,6179.35,No,1,23,73.39,Tataouine
Male,0,Yes,Yes,30,Yes,Yes,Fiber optic,Yes,Yes,No,Yes,No,Month-to-month,Yes,Electronic check,94.4,2838.7,Yes,9,4,45.08,Ariana
Male,0,Yes,No,1,Yes,No,DSL,Yes,No,Yes,No,No,Month-to-month,No,Mailed check,55.7,55.7,No,1,19,134.04,Gafsa
Female,0,No,No,55,Yes,Yes,Fiber optic,Yes,No,Yes,No,No,One year,Yes,Credit card (automatic),84.25,4589.85,No,2,21,96.69,Ben Arous
Male,0,No,No,59,Yes,No,DSL,No,No,Yes,Yes,No,Month-to-month,Yes,Electronic check,64.65,3735.45,No,2,13,146.66,Nabeul
Female,0,No,No,1,Yes,No,Fiber optic,No,No,No,No,No,Month-to-month,Yes,Mailed check,70.15,70.15,Yes,7,4,30.41,Sfax
Female,0,Yes,No,7,Yes,No,Fiber optic,No,No,No,No,No,Month-to-month,Yes,Bank transfer (automatic),69.2,477.55,No,4,20,47.83,Sfax
Male,0,Yes,Yes,45,Yes,No,DSL,Yes,No,No,No,No,Two year,No,Bank transfer (automatic),54.65,2553.7,No,1,16,120.32,Sidi Bouzid
Female,0,Yes,Yes,54,Yes,Yes,No,No internet service,No internet service,No internet service,No internet service,No internet service,One year,Yes,Bank transfer (automatic),24.75,1342.15,No,2,10,18.38,Béja
Male,0,Yes,Yes,51,Yes,Yes,No,No internet service,No internet service,No internet service,No internet service,No internet service,One year,Yes,Mailed check,23.95,1216.35,No,1,23,93.93,Gabès
Female,1,Yes,No,72,Yes,Yes,Fiber optic,No,Yes,Yes,Yes,Yes,One year,No,Credit card (automatic),105.0,7578.05,No,1,21,105.45,Ariana
Male,0,Yes,No,44,Yes,No,DSL,Yes,Yes,No,No,No,One year,Yes,Bank transfer (automatic),59.85,2603.95,No,3,29,36.32,Kairouan
Male,0,No,No,2,Yes,No,No,No internet service,No internet service,No internet service,No internet service,No internet service,Month-to-month,No,Mailed check,20.05,42.7,No,1,28,27.12,Jendouba
Female,0,No,No,66,Yes,Yes,Fiber optic,No,No,Yes,Yes,No,One year,Yes,Bank transfer (automatic),92.15,6056.9,No,0,25,123.63,Ben Arous
Male,0,Yes,Yes,68,No,No phone service,DSL,Yes,Yes,No,Yes,No,One year,No,Mailed check,44.8,2983.65,No,1,28,16.97,Sousse
Female,0,No,No,31,Yes,No,No,No internet service,No internet service,No internet service,No internet service,No internet service,Two year,No,Credit card (automatic),20.9,689.35,No,4,16,87.98,Sfax
Female,1,No,No,21,Yes,Yes,Fiber optic,No,No,No,Yes,Yes,Month-to-month,Yes,Bank transfer (automatic),95.4,2025.1,No,0,25,140.05,Mahdia
Male,0,No,Yes,21,Yes,Yes,Fiber optic,Yes,No,No,No,No,Month-to-month,No,Electronic check,80.35,1747.2,No,3,12,70.49,Kairouan
Female,0,Yes,Yes,55,Yes,Yes,DSL,Yes,No,Yes,Yes,Yes,Two year,Yes,Bank transfer (automatic),85.1,4657.95,No,2,26,111.34,Manouba
Male,0,No,No,9,No,No phone service,DSL,No,No,No,Yes,No,Month-to-month,Yes,Credit card (automatic),34.7,296.1,Yes,9,1,14.15,Ben Arous
Male,1,Yes,No,71,Yes,Yes,Fiber optic,Yes,Yes,Yes,Yes,Yes,Two year,Yes,Bank transfer (automatic),115.05,8016.6,No,1,12,149.4,Bizerte
Female,0,No,No,1,Yes,No,Fiber optic,No,No,No,No,Yes,Month-to-month,Yes,Electronic check,81.1,81.1,Yes,4,2,26.87,Gabès
Male,0,Yes,Yes,22,Yes,No,No,No internet service,No internet service,No internet service,No internet service,No internet service,One year,No,Mailed check,19.95,433.5,No,4,24,36.95,Sidi Bouzid
Female,0,Yes,Yes,1,Yes,No,No,No internet service,No internet service,No internet service,No internet service,No internet service,Month-to-month,No,Mailed check,20.55,20.55,Yes,7,4,35.2,Gafsa
Female,0,No,No,61,Yes,Yes,Fiber optic,No,No,Yes,Yes,Yes,Two year,Yes,Electronic check,106.6,6428.4,Yes,8,0,14.84,Jendouba
Female,0,Yes,No,67,Yes,Yes,DSL,No,Yes,Yes,Yes,Yes,Two year,No,Bank transfer (automatic),86.15,5883.85,No,1,26,148.87,Gabès
Female,1,No,No,14,Yes,No,Fiber optic,Yes,Yes,No,No,No,Month-to-month,No,Electronic check,78.85,1043.8,No,3,11,51.53,Kairouan
Male,0,Yes,No,59,Yes,Yes,Fiber optic,Yes,Yes,Yes,Yes,No,Month-to-month,Yes,Electronic check,106.75,6252.9,Yes,9,5,6.74,Kairouan
Male,1,Yes,No,21,Yes,No,Fiber optic,No,No,Yes,Yes,No,Month-to-month,No,Bank transfer (automatic),86.55,1857.25,No,0,17,38.55,Sfax
Male,0,No,No,4,No,No phone service,DSL,Yes,Yes,No,No,No,Month-to-month,No,Mailed check,42.4,146.4,No,1,21,121.12,Tunis
Female,0,No,No,3,Yes,No,Fiber optic,No,No,No,Yes,Yes,Month-to-month,Yes,Electronic check,89.45,240.45,Yes,9,5,20.93,Nabeul
Male,0,Yes,No,70,Yes,Yes,No,No internet service,No internet service,No internet service,No internet service,No internet service,Two year,No,Bank transfer (automatic),24.25,1724.15,No,2,24,93.61,Sfax
Female,0,No,No,3,Yes,No,Fiber optic,No,Yes,No,Yes,Yes,Month-to-month,Yes,Electronic check,97.9,315.3,Yes,7,0,38.25,Ben Arous
Male,1,No,No,21,Yes,No,No,No internet service,No internet service,No internet service,No internet service,No internet service,One year,No,Bank transfer (automatic),20.5,429.55,No,2,18,54.13,Tunis
Male,0,No,No,20,Yes,No,No,No internet service,No internet service,No internet service,No internet service,No internet service,Month-to-month,Yes,Credit card (automatic),19.6,356.15,No,1,14,10.67,Sousse
Male,0,Yes,Yes,22,Yes,No,No,No internet service,No internet service,No internet service,No internet service,No internet service,One year,No,Bank transfer (automatic),20.25,488.25,No,3,27,98.34,Sfax
Male,0,No,No,1,Yes,No,DSL,No,No,No,No,Yes,Month-to-month,Yes,Mailed check,55.7,55.7,Yes,7,3,18.26,Gabès
Female,0,No,No,63,Yes,No,No,No internet service,No internet service,No internet service,No internet service,No internet service,Two year,Yes,Mailed check,20.6,1298.7,No,3,14,110.63,Kebili
Female,0,Yes,Yes,70,Yes,No,No,No internet service,No internet service,No internet service,No internet service,No internet service,Two year,No,Bank transfer (automatic),19.8,1378.75,No,4,24,52.38,Kairouan
Male,0,No,No,13,Yes,No,Fiber optic,No,Yes,Yes,No,No,Month-to-month,Yes,Electronic check,79.8,973.45,Yes,5,0,7.0,Jendouba
Female,0,No,No,5,Yes,No,Fiber optic,No,No,No,Yes,No,Month-to-month,No,Electronic check,80.2,384.25,No,2,9,15.49,Mahdia
Female,0,Yes,Yes,72,Yes,Yes,Fiber optic,Yes,Yes,Yes,Yes,Yes,Two year,Yes,Credit card (automatic),116.4,8543.25,No,4,27,115.18,Gafsa
Female,0,No,No,13,No,No phone service,DSL,No,Yes,No,No,No,Month-to-month,Yes,Electronic check,31.65,389.95,No,3,11,76.44,Ariana
Male,0,Yes,No,61,Yes,No,Fiber optic,No,Yes,Yes,No,Yes,Month-to-month,No,Credit card (automatic),94.15,5731.85,No,4,19,119.08,Ben Arous
Male,0,No,No,1,Yes,No,No,No internet service,No internet service,No internet service,No internet service,No internet service,Month-to-month,No,Electronic check,20.65,20.65,No,2,20,17.91,Kairouan
Female,1,Yes,No,56,Yes,Yes,Fiber optic,No,No,No,No,No,Month-to-month,Yes,Bank transfer (automatic),76.85,4275.75,No,4,30,103.45,Kairouan
Female,0,No,No,4,Yes,No,No,No internet service,No internet service,No internet service,No internet service,No internet service,Month-to-month,No,Mailed check,20.15,84.5,No,0,25,92.08,Kasserine
Male,0,No,No,35,Yes,Yes,DSL,Yes,No,No,No,No,Two year,No,Mailed check,55.25,1924.1,No,4,16,60.15,Ariana
Female,0,Yes,No,18,No,No phone service,DSL,No,No,Yes,Yes,No,Month-to-month,Yes,Electronic check,39.05,669.85,Yes,9,1,41.38,Ben Arous
Male,0,Yes,No,72,Yes,Yes,DSL,No,Yes,Yes,Yes,Yes,Two year,No,Bank transfer (automatic),82.15,5784.3,No,1,27,49.87,Mahdia
Female,1,No,No,49,Yes,Yes,Fiber optic,Yes,Yes,Yes,No,Yes,One year,No,Bank transfer (automatic),103.0,5166.2,No,1,26,95.16,Kasserine
Female,0,Yes,No,44,Yes,Yes,Fiber optic,Yes,Yes,Yes,No,No,Month-to-month,Yes,Credit card (automatic),95.1,4060.55,No,3,19,99.93,Monastir
Female,1,Yes,No,3,Yes,No,Fiber optic,No,No,No,Yes,No,Month-to-month,Yes,Mailed check,83.9,267.4,Yes,10,1,39.47,Ariana
Female,0,Yes,Yes,37,Yes,Yes,Fiber optic,No,Yes,Yes,No,Yes,Month-to-month,Yes,Electronic check,95.15,3532.85,No,1,21,81.46,Sfax
Male,0,Yes,No,61,Yes,Yes,DSL,No,Yes,Yes,Yes,Yes,One year,Yes,Electronic check,79.8,4914.8,No,2,21,16.29,Manouba
Male,0,Yes,No,70,Yes,Yes,DSL,Yes,No,Yes,No,Yes,Two year,Yes,Credit card (automatic),74.8,5315.8,No,3,21,73.08,Tunis
Female,1,No,No,1,Yes,No,Fiber optic,No,No,No,No,No,Month-to-month,Yes,Electronic check,69.85,69.85,Yes,7,5,34.74,Ben Arous
Female,0,No,No,41,Yes,No,No,No internet service,No internet service,No internet service,No internet service,No internet service,Month-to-month,No,Electronic check,20.45,775.6,No,1,20,24.8,Kairouan
Male,0,Yes,Yes,70,Yes,Yes,DSL,Yes,Yes,Yes,No,Yes,One year,No,Bank transfer (automatic),78.35,5445.95,No,1,11,13.0,Ariana
Female,0,No,No,1,Yes,No,DSL,No,No,No,Yes,No,Month-to-month,Yes,Mailed check,53.55,53.55,Yes,7,3,48.61,Kairouan
Male,0,No,No,51,Yes,No,No,No internet service,No internet service,No internet service,No internet service,No internet service,One year,No,Electronic check,19.1,1007.8,No,0,27,126.79,Ariana
Female,0,Yes,Yes,42,Yes,No,No,No internet service,No internet service,No internet service,No internet service,No internet service,Two year,No,Mailed check,20.0,833.55,No,1,30,10.6,Tunis
Female,0,Yes,Yes,70,Yes,Yes,Fiber optic,Yes,Yes,Yes,No,No,Two year,No,Bank transfer (automatic),93.9,6579.05,Yes,7,0,48.33,Nabeul
Male,0,No,No,48,Yes,No,No,No internet service,No internet service,No internet service,No internet service,No internet service,One year,No,Bank transfer (automatic),19.95,1004.5,No,2,13,55.57,Sidi Bouzid
Male,0,Yes,Yes,68,Yes,Yes,Fiber optic,Yes,Yes,Yes,Yes,Yes,Two year,Yes,Electronic check,113.15,7856.0,Yes,9,4,14.36,Ben Arous
Female,0,No,No,48,Yes,Yes,No,No internet service,No internet service,No internet service,No internet service,No internet service,Two year,No,Credit card (automatic),24.0,1183.05,No,2,10,17.76,Sousse
Female,1,Yes,No,26,Yes,No,Fiber optic,No,Yes,No,No,Yes,Month-to-month,No,Electronic check,84.95,2169.75,Yes,9,2,22.25,Sousse
Male,0,Yes,No,11,Yes,Yes,Fiber optic,No,Yes,No,No,No,Month-to-month,Yes,Bank transfer (automatic),80.5,896.9,Yes,9,1,45.15,Mahdia
Male,0,No,No,1,Yes,No,No,No internet service,No internet service,No internet service,No internet service,No internet service,Month-to-month,Yes,Mailed check,19.3,19.3,Yes,5,4,9.18,Médiénine
Female,0,No,No,27,Yes,No,No,No internet service,No internet service,No internet service,No internet service,No internet service,One year,No,Mailed check,19.15,501.35,No,2,28,30.01,Sousse
Female,1,No,No,46,Yes,No,Fiber optic,No,Yes,Yes,Yes,No,One year,Yes,Bank transfer (automatic),91.3,4126.35,No,0,21,131.66,Sfax
Male,0,No,No,1,Yes,No,DSL,No,No,Yes,No,No,Month-to-month,Yes,Mailed check,49.65,49.65,Yes,6,2,49.77,Gabès
Female,0,No,No,46,Yes,No,DSL,No,No,Yes,No,No,Two year,No,Credit card (automatic),54.35,2460.15,Yes,6,4,35.79,Kef
Male,0,Yes,Yes,25,Yes,No,No,No internet service,No internet service,No internet service,No internet service,No internet service,Month-to-month,Yes,Mailed check,19.15,477.6,No,1,25,41.09,Kairouan
Male,0,No,No,4,Yes,No,Fiber optic,No,No,No,Yes,Yes,Month-to-month,Yes,Electronic check,88.45,370.65,Yes,4,0,8.89,Sousse
Male,0,No,No,13,Yes,No,No,No internet service,No internet service,No internet service,No internet service,No internet service,Two year,No,Mailed check,19.75,265.75,No,2,7,61.2,Manouba
Male,0,Yes,No,31,Yes,No,DSL,Yes,Yes,Yes,No,Yes,One year,Yes,Credit card (automatic),75.5,2424.45,No,4,18,45.57,Tunis
Female,0,Yes,Yes,23,Yes,Yes,Fiber optic,No,No,No,Yes,No,Month-to-month,Yes,Electronic check,83.75,1849.95,No,3,29,134.83,Tunis
Female,0,No,No,2,Yes,No,No,No internet service,No internet service,No internet service,No internet service,No internet service,Month-to-month,No,Mailed check,19.4,61.05,No,1,23,39.98,Kairouan
Female,0,No,No,65,Yes,Yes,No,No internet service,No internet service,No internet service,No internet service,No internet service,Two year,No,Bank transfer (automatic),26.5,1698.55,No,0,14,102.24,Nabeul
Male,1,No,No,22,Yes,Yes,Fiber optic,No,No,No,Yes,No,Month-to-month,Yes,Bank transfer (automatic),90.5,1910.6,Yes,6,5,41.21,Monastir
Female,0,Yes,Yes,55,Yes,No,No,No internet service,No internet service,No internet service,No internet service,No internet service,One year,No,Credit card (automatic),19.15,998.1,No,4,26,14.78,Tunis
Male,0,Yes,No,9,Yes,No,Fiber optic,No,Yes,Yes,Yes,No,Month-to-month,Yes,Mailed check,94.85,890.6,Yes,6,4,17.74,Tunis
Male,0,Yes,Yes,7,Yes,No,Fiber optic,No,No,No,No,No,Month-to-month,Yes,Bank transfer (automatic),69.95,529.5,Yes,6,5,17.23,Sousse
Female,0,Yes,Yes,35,No,No phone service,DSL,No,No,No,Yes,No,One year,No,Mailed check,40.9,1383.6,No,4,10,132.15,Manouba
Male,0,No,No,6,Yes,No,DSL,Yes,No,Yes,Yes,Yes,Two year,Yes,Mailed check,80.25,493.4,No,3,6,95.61,Tataouine
Female,0,No,No,1,Yes,No,DSL,Yes,No,No,No,No,Month-to-month,Yes,Credit card (automatic),48.6,48.6,Yes,4,0,8.21,Monastir
Male,0,No,No,17,Yes,No,Fiber optic,No,No,No,No,No,Month-to-month,Yes,Electronic check,70.8,1207.0,No,1,21,144.23,Ben Arous
Male,0,Yes,Yes,10,Yes,No,DSL,No,No,Yes,Yes,No,Month-to-month,No,Mailed check,60.2,563.5,No,3,26,101.58,Sfax
Male,0,No,Yes,15,Yes,No,DSL,No,No,Yes,No,No,One year,No,Credit card (automatic),55.2,864.55,No,4,15,115.76,Médiénine
Female,1,No,No,40,No,No phone service,DSL,Yes,Yes,No,Yes,Yes,Month-to-month,Yes,Electronic check,55.8,2109.35,Yes,5,3,36.14,Tunis
Female,0,Yes,Yes,13,Yes,No,DSL,Yes,No,No,No,No,One year,No,Bank transfer (automatic),54.15,701.05,No,3,27,138.73,Tunis
Male,0,Yes,No,29,Yes,Yes,Fiber optic,No,Yes,No,No,No,Month-to-month,Yes,Bank transfer (automatic),80.15,2265.25,Yes,5,5,31.58,Ben Arous
Female,0,No,No,3,Yes,Yes,Fiber optic,No,No,No,No,No,Month-to-month,Yes,Electronic check,75.5,220.6,Yes,9,5,46.54,Sfax
Female,1,Yes,No,58,Yes,Yes,Fiber optic,No,No,No,Yes,Yes,Month-to-month,Yes,Bank transfer (automatic),100.4,5749.8,No,1,20,93.83,Sfax
Female,0,No,No,45,Yes,No,DSL,Yes,Yes,No,No,No,One year,Yes,Credit card (automatic),62.55,2796.45,No,3,20,103.32,Tozeur
Female,0,Yes,Yes,72,Yes,Yes,DSL,Yes,Yes,Yes,No,No,Two year,Yes,Bank transfer (automatic),70.45,5165.7,No,2,14,86.67,Tunis
Male,0,Yes,Yes,68,Yes,Yes,Fiber optic,Yes,Yes,No,No,No,One year,Yes,Bank transfer (automatic),85.5,5696.6,No,0,6,22.65,Kebili
Male,0,No,No,1,Yes,No,No,No internet service,No internet service,No internet service,No internet service,No internet service,Month-to-month,Yes,Bank transfer (automatic),20.2,20.2,Yes,5,1,20.3,Kairouan
Female,0,Yes,Yes,38,Yes,No,DSL,Yes,Yes,No,No,No,Month-to-month,No,Electronic check,54.5,2076.05,No,2,7,52.85,Sousse
Male,0,No,No,2,Yes,No,No,No internet service,No internet service,No internet service,No internet service,No internet service,Month-to-month,No,Mailed check,20.75,44.2,No,4,9,97.36,Gabès
Male,0,No,No,11,Yes,No,No,No internet service,No internet service,No internet service,No internet service,No internet service,Month-to-month,No,Mailed check,20.35,215.25,No,0,16,60.0,Tunis
Female,1,Yes,No,20,Yes,No,Fiber optic,No,No,No,Yes,Yes,One year,Yes,Bank transfer (automatic),91.0,1859.5,No,0,16,69.36,Bizerte
Male,0,Yes,No,72,Yes,Yes,Fiber optic,No,Yes,Yes,Yes,Yes,Two year,Yes,Bank transfer (automatic),104.8,7470.1,No,0,8,104.87,Gabès
Female,0,Yes,No,3,Yes,Yes,Fiber optic,No,No,No,No,No,Month-to-month,Yes,Credit card (automatic),74.75,229.5,Yes,5,5,42.59,Nabeul
Male,0,No,No,23,Yes,Yes,Fiber optic,No,No,Yes,Yes,Yes,Month-to-month,Yes,Mailed check,104.05,2470.1,Yes,10,4,14.25,Sfax
Male,0,No,No,40,Yes,No,DSL,No,No,No,No,No,Month-to-month,Yes,Electronic check,51.1,2092.9,No,4,27,23.16,Sousse
Male,1,Yes,No,62,Yes,Yes,Fiber optic,No,Yes,No,No,Yes,Month-to-month,Yes,Bank transfer (automatic),89.8,5629.55,No,4,24,12.32,Sousse
Female,0,No,Yes,22,Yes,No,No,No internet service,No internet service,No internet service,No internet service,No internet service,Month-to-month,Yes,Electronic check,20.55,469.85,No,2,23,94.18,Tunis
Female,0,No,No,11,Yes,No,DSL,Yes,No,Yes,No,Yes,Month-to-month,No,Bank transfer (automatic),64.05,733.95,No,0,16,117.86,Siliana
Male,1,Yes,No,7,Yes,Yes,Fiber optic,No,No,No,No,No,Month-to-month,Yes,Electronic check,74.85,485.25,No,1,8,122.31,Tunis
Female,0,No,No,13,Yes,Yes,Fiber optic,Yes,Yes,No,Yes,No,Month-to-month,Yes,Electronic check,96.65,1244.5,Yes,6,4,43.54,Tunis
Male,1,No,No,1,Yes,No,No,No internet service,No internet service,No internet service,No internet service,No internet service,Month-to-month,No,Mailed check,20.05,20.05,Yes,5,2,49.78,Siliana
Female,0,No,No,39,Yes,Yes,Fiber optic,No,Yes,Yes,Yes,Yes,Month-to-month,Yes,Electronic check,103.45,3994.45,Yes,8,0,12.96,Monastir
Male,0,Yes,No,3,No,No phone service,DSL,No,No,No,No,No,Month-to-month,No,Mailed check,25.0,78.25,No,1,28,56.25,Mahdia
Male,0,No,No,58,Yes,No,No,No internet service,No internet service,No internet service,No internet service,No internet service,Two year,No,Credit card (automatic),20.3,1131.5,No,3,26,127.43,Gabès
Male,0,No,Yes,6,Yes,Yes,No,No internet service,No internet service,No internet service,No internet service,No internet service,Month-to-month,No,Mailed check,26.35,184.05,No,1,10,32.55,Sousse
Female,0,Yes,Yes,1,Yes,No,No,No internet service,No internet service,No internet service,No internet service,No internet service,Month-to-month,Yes,Electronic check,19.9,19.9,Yes,9,4,46.28,Nabeul
Female,0,Yes,No,22,Yes,No,DSL,No,Yes,Yes,No,No,Month-to-month,Yes,Mailed check,54.7,1178.75,No,3,21,113.2,Sousse
Male,0,Yes,No,14,No,No phone service,DSL,No,No,No,Yes,Yes,Month-to-month,No,Electronic check,46.35,667.7,Yes,9,0,25.5,Gabès
Male,0,Yes,Yes,64,Yes,Yes,Fiber optic,No,No,Yes,No,Yes,One year,No,Credit card (automatic),90.25,5629.15,No,1,25,128.5,Tunis
Male,0,No,No,1,Yes,No,No,No internet service,No internet service,No internet service,No internet service,No internet service,Month-to-month,No,Electronic check,19.95,19.95,Yes,4,5,32.96,Zaghouan
Male,0,No,No,6,Yes,No,No,No internet service,No internet service,No internet service,No internet service,No internet service,Month-to-month,No,Mailed check,20.65,109.3,No,4,26,110.2,Ben Arous
Male,0,No,No,1,Yes,No,Fiber optic,No,No,No,No,Yes,Month-to-month,No,Electronic check,79.6,79.6,Yes,9,5,24.36,Sousse
Male,0,No,Yes,39,Yes,Yes,No,No internet service,No internet service,No internet service,No internet service,No internet service,One year,No,Bank transfer (automatic),25.45,958.45,No,4,11,34.22,Sfax
Female,0,No,No,20,Yes,No,No,No internet service,No internet service,No internet service,No internet service,No internet service,One year,No,Mailed check,19.5,403.15,No,2,7,108.65,Ariana
Male,0,No,No,1,Yes,No,Fiber optic,No,No,No,No,No,Month-to-month,Yes,Electronic check,75.9,75.9,Yes,4,2,39.03,Manouba
Male,0,Yes,No,1,Yes,No,Fiber optic,No,No,Yes,No,No,Month-to-month,No,Electronic check,76.2,76.2,Yes,6,3,19.4,Béja
Male,0,Yes,No,64,Yes,Yes,DSL,Yes,No,No,Yes,No,One year,Yes,Credit card (automatic),66.15,4392.5,No,3,13,148.14,Tunis
Male,0,No,Yes,1,Yes,No,No,No internet service,No internet service,No internet service,No internet service,No internet service,Month-to-month,No,Mailed check,19.25,19.25,Yes,5,5,26.61,Gafsa
Female,0,Yes,No,46,Yes,No,DSL,No,Yes,No,Yes,Yes,Month-to-month,Yes,Credit card (automatic),69.1,3168.0,No,2,24,84.05,Tunis
Female,1,Yes,Yes,28,No,No phone service,DSL,No,Yes,No,No,Yes,One year,Yes,Electronic check,39.1,1096.6,No,1,30,148.28,Sfax
Female,0,Yes,No,33,Yes,No,No,No internet service,No internet service,No internet service,No internet service,No internet service,Month-to-month,No,Mailed check,20.05,669.45,No,2,23,127.3,Ariana
Male,0,Yes,Yes,39,Yes,No,DSL,Yes,Yes,Yes,No,No,One year,No,Electronic check,59.8,2343.85,No,2,9,56.02,Sousse
Female,0,Yes,No,42,Yes,Yes,Fiber optic,No,No,Yes,No,No,Month-to-month,Yes,Electronic check,84.3,3588.4,Yes,6,4,36.02,Sfax
Female,0,No,No,1,Yes,No,DSL,No,Yes,No,No,No,Month-to-month,Yes,Electronic check,48.6,48.6,No,1,27,24.95,Tunis
Female,0,No,No,7,Yes,No,Fiber optic,No,No,No,Yes,No,Month-to-month,Yes,Electronic check,79.0,522.95,Yes,9,5,10.81,Ben Arous
Male,1,Yes,No,70,Yes,No,Fiber optic,Yes,Yes,Yes,Yes,Yes,Two year,No,Credit card (automatic),105.35,7511.9,No,4,6,124.54,Mahdia
Male,0,No,No,65,Yes,Yes,No,No internet service,No internet service,No internet service,No internet service,No internet service,Two year,Yes,Bank transfer (automatic),25.1,1725.0,No,3,14,114.03,Sfax
Male,0,No,No,1,Yes,No,DSL,Yes,No,No,No,No,Month-to-month,No,Electronic check,49.75,49.75,No,1,21,103.99,Béja
Male,0,Yes,No,18,Yes,Yes,Fiber optic,No,No,No,Yes,Yes,Month-to-month,Yes,Electronic check,94.75,1691.9,No,4,23,120.55,Tunis
Male,0,Yes,No,24,Yes,Yes,Fiber optic,No,No,No,Yes,Yes,Month-to-month,Yes,Electronic check,93.0,2248.05,No,0,25,100.68,Nabeul
Male,0,No,No,63,Yes,Yes,DSL,Yes,No,Yes,No,Yes,Two year,Yes,Bank transfer (automatic),71.9,4479.2,No,0,8,86.38,Manouba
Female,0,No,Yes,44,Yes,Yes,DSL,No,Yes,No,Yes,Yes,One year,Yes,Mailed check,77.55,3471.1,No,0,24,86.6,Ariana
Male,0,No,No,4,Yes,No,No,No internet service,No internet service,No internet service,No internet service,No internet service,Month-to-month,Yes,Electronic check,19.85,63.0,No,0,23,104.05,Sidi Bouzid
Female,0,No,No,1,Yes,No,Fiber optic,No,No,No,No,No,Month-to-month,Yes,Electronic check,70.25,70.25,Yes,10,5,35.18,Mahdia
Female,0,Yes,Yes,37,Yes,Yes,Fiber optic,No,No,No,Yes,Yes,Month-to-month,Yes,Electronic check,95.25,3314.15,No,4,18,48.19,Sfax
Female,1,No,No,10,Yes,No,Fiber optic,No,No,Yes,No,Yes,Month-to-month,Yes,Credit card (automatic),84.6,865.55,Yes,5,4,23.8,Bizerte
Male,0,No,No,34,No,No phone service,DSL,No,No,No,No,No,Month-to-month,Yes,Bank transfer (automatic),25.05,852.7,No,2,30,129.89,Ariana
Male,0,Yes,No,35,No,No phone service,DSL,Yes,No,Yes,Yes,Yes,One year,No,Credit card (automatic),53.15,1930.9,No,0,12,144.7,Monastir
Female,0,Yes,No,4,Yes,No,No,No internet service,No internet service,No internet service,No internet service,No internet service,Month-to-month,No,Electronic check,20.15,91.4,No,0,29,141.18,Kairouan
Female,1,Yes,No,39,Yes,Yes,Fiber optic,No,No,No,Yes,Yes,Month-to-month,Yes,Electronic check,101.25,3949.15,No,0,14,96.74,Médiénine
Male,1,Yes,No,43,Yes,No,Fiber optic,No,Yes,Yes,Yes,Yes,One year,Yes,Bank transfer (automatic),100.55,4304.0,No,4,23,45.92,Kef
Female,0,Yes,Yes,17,Yes,Yes,No,No internet service,No internet service,No internet service,No internet service,No internet service,Month-to-month,No,Mailed check,24.1,409.9,Yes,6,0,49.31,Monastir
Female,0,Yes,No,61,Yes,Yes,No,No internet service,No internet service,No internet service,No internet service,No internet service,Two year,No,Bank transfer (automatic),25.3,1554.9,No,1,7,129.88,Tunis
Female,0,Yes,No,49,Yes,Yes,DSL,Yes,Yes,Yes,No,Yes,One year,No,Electronic check,71.8,3472.05,No,2,24,45.52,Sousse
Male,0,No,No,4,Yes,No,No,No internet service,No internet service,No internet service,No internet service,No internet service,One year,No,Mailed check,19.7,117.8,No,2,7,17.17,Monastir
Female,0,Yes,Yes,64,No,No phone service,DSL,No,Yes,Yes,No,Yes,Two year,No,Electronic check,49.85,3210.35,No,3,20,110.63,Sousse
Male,0,No,No,3,Yes,No,Fiber optic,No,No,No,No,No,Month-to-month,Yes,Mailed check,69.6,207.4,No,4,11,14.79,Tataouine
Male,0,Yes,Yes,1,Yes,No,No,No internet service,No internet service,No internet service,No internet service,No internet service,Month-to-month,No,Electronic check,19.75,19.75,No,2,19,117.33,Sousse
Male,0,Yes,No,40,Yes,No,Fiber optic,No,Yes,Yes,No,No,One year,No,Electronic check,80.8,3132.75,No,3,5,73.54,Sousse
Female,0,No,Yes,1,Yes,No,DSL,Yes,Yes,No,No,No,Month-to-month,Yes,Electronic check,60.0,60.0,Yes,9,4,42.96,Sousse
Male,0,No,No,8,Yes,Yes,Fiber optic,No,No,No,No,Yes,Month-to-month,Yes,Electronic check,86.55,649.65,Yes,6,2,27.04,Sousse
Female,1,Yes,No,1,Yes,No,No,No internet service,No internet service,No internet service,No internet service,No internet service,Month-to-month,Yes,Mailed check,20.85,20.85,Yes,4,4,38.79,Kairouan
Female,1,Yes,No,34,Yes,No,DSL,No,No,Yes,Yes,No,One year,No,Bank transfer (automatic),64.2,2106.3,No,3,10,52.47,Sousse
Female,0,Yes,No,1,No,No phone service,DSL,No,No,No,No,Yes,Month-to-month,No,Electronic check,35.0,35.0,No,0,18,111.33,Sousse
Female,0,No,No,39,No,No phone service,DSL,No,No,Yes,Yes,Yes,Month-to-month,Yes,Electronic check,50.75,2011.4,Yes,8,2,38.86,Ariana
Female,1,Yes,No,58,Yes,No,Fiber optic,Yes,Yes,No,Yes,Yes,One year,Yes,Credit card (automatic),105.5,6205.5,Yes,4,5,16.3,Sousse
Male,0,Yes,Yes,45,Yes,No,No,No internet service,No internet service,No internet service,No internet service,No internet service,Two year,No,Electronic check,19.2,903.7,No,1,18,116.22,Gafsa
Male,1,No,No,6,Yes,No,Fiber optic,Yes,No,No,Yes,No,Month-to-month,Yes,Bank transfer (automatic),85.15,503.6,Yes,9,5,49.4,Kairouan
Male,0,No,No,43,Yes,No,Fiber optic,Yes,Yes,Yes,No,No,One year,Yes,Credit card (automatic),90.65,3882.3,No,3,14,28.17,Nabeul
Male,0,Yes,Yes,41,Yes,No,No,No internet service,No internet service,No internet service,No internet service,No internet service,Two year,Yes,Mailed check,20.0,879.8,No,4,16,27.27,Bizerte
Male,0,No,No,5,Yes,No,Fiber optic,No,Yes,No,No,No,Month-to-month,Yes,Electronic check,74.65,383.65,No,3,22,67.89,Médiénine
Male,0,No,No,72,No,No phone service,DSL,Yes,No,Yes,Yes,Yes,Two year,Yes,Credit card (automatic),61.2,4390.25,No,0,19,101.34,Sidi Bouzid
Male,0,No,No,4,Yes,No,No,No internet service,No internet service,No internet service,No internet service,No internet service,One year,No,Mailed check,19.95,68.2,No,0,23,103.62,Tunis
Male,0,Yes,Yes,9,Yes,No,DSL,No,Yes,No,No,No,Month-to-month,No,Mailed check,54.8,452.8,No,4,25,32.57,Sousse
Male,1,Yes,No,72,Yes,Yes,DSL,No,No,Yes,Yes,Yes,Two year,Yes,Credit card (automatic),73.45,5329.0,No,3,23,24.65,Kef
Female,0,Yes,No,33,Yes,No,DSL,No,No,No,No,No,One year,Yes,Mailed check,51.45,1758.9,No,3,20,147.98,Sidi Bouzid
Female,0,Yes,No,72,Yes,Yes,Fiber optic,Yes,No,No,No,No,Two year,No,Bank transfer (automatic),80.45,5737.6,No,0,6,134.66,Gabès
Male,0,Yes,No,22,Yes,No,DSL,Yes,No,No,No,No,Month-to-month,Yes,Electronic check,54.2,1152.7,Yes,8,4,7.13,Tunis
Female,0,Yes,No,70,Yes,Yes,Fiber optic,No,Yes,Yes,Yes,Yes,One year,Yes,Electronic check,109.5,7674.55,Yes,6,1,17.33,Ben Arous
Male,0,Yes,Yes,21,Yes,Yes,Fiber optic,No,Yes,Yes,Yes,Yes,Month-to-month,No,Electronic check,104.4,2157.95,Yes,6,2,29.88,Mahdia
Male,0,No,No,15,Yes,No,Fiber optic,No,No,Yes,Yes,No,Month-to-month,No,Electronic check,85.3,1219.85,No,2,19,56.57,Tunis
Male,1,Yes,No,29,Yes,Yes,Fiber optic,No,No,No,No,No,Month-to-month,Yes,Electronic check,79.3,2414.55,No,2,5,49.4,Sousse
Female,0,Yes,Yes,15,Yes,No,DSL,No,Yes,Yes,Yes,Yes,Month-to-month,No,Bank transfer (automatic),76.5,1155.6,No,3,26,120.12,Ben Arous
Male,1,Yes,Yes,71,Yes,Yes,Fiber optic,Yes,Yes,No,Yes,Yes,Month-to-month,Yes,Credit card (automatic),105.1,7548.1,Yes,5,1,4.97,Mahdia
Male,1,No,No,72,Yes,Yes,No,No internet service,No internet service,No internet service,No internet service,No internet service,Two year,No,Bank transfer (automatic),25.4,1809.35,No,4,28,35.21,Mahdia
Female,0,Yes,No,19,Yes,Yes,Fiber optic,No,No,No,Yes,No,Month-to-month,Yes,Electronic check,86.85,1564.4,No,3,19,18.12,Gabès
Male,0,No,No,1,Yes,No,No,No internet service,No internet service,No internet service,No internet service,No internet service,Month-to-month,No,Mailed check,19.65,19.65,No,1,11,27.22,Kef
Female,0,No,No,1,Yes,No,Fiber optic,No,Yes,No,No,No,Month-to-month,Yes,Electronic check,75.7,75.7,Yes,9,5,36.98,Siliana
Female,0,No,No,2,Yes,No,DSL,No,No,No,No,No,Month-to-month,No,Electronic check,45.55,84.4,No,1,20,40.31,Kasserine
Female,1,Yes,Yes,11,Yes,Yes,Fiber optic,No,No,Yes,No,No,Month-to-month,Yes,Credit card (automatic),78.1,864.85,No,3,14,85.84,Sfax
Female,0,No,No,12,Yes,No,No,No internet service,No internet service,No internet service,No internet service,No internet service,One year,No,Mailed check,19.3,228.75,No,2,13,12.96,Sfax
Female,0,Yes,No,70,Yes,Yes,Fiber optic,No,Yes,Yes,Yes,Yes,Two year,Yes,Electronic check,110.5,7752.05,No,2,17,129.75,Tataouine
Female,1,Yes,No,20,Yes,Yes,Fiber optic,No,No,Yes,Yes,No,Month-to-month,No,Electronic check,90.8,1951.0,Yes,8,0,22.16,Zaghouan
Female,0,No,No,23,Yes,No,No,No internet service,No internet service,No internet service,No internet service,No internet service,Month-to-month,Yes,Bank transfer (automatic),20.3,470.6,No,0,18,35.02,Sfax
Male,1,No,No,49,Yes,Yes,DSL,Yes,Yes,Yes,No,Yes,Two year,No,Credit card (automatic),81.35,4060.9,No,2,24,54.66,Sfax
Female,0,Yes,Yes,4,Yes,Yes,Fiber optic,No,Yes,No,Yes,Yes,Month-to-month,Yes,Electronic check,97.95,384.5,Yes,7,1,42.14,Tataouine
Male,0,No,No,32,Yes,Yes,Fiber optic,Yes,Yes,No,Yes,Yes,Month-to-month,Yes,Credit card (automatic),108.15,3432.9,Yes,6,4,40.07,Sousse
Male,0,No,Yes,2,Yes,No,DSL,No,No,No,No,Yes,Month-to-month,Yes,Electronic check,55.3,108.65,No,3,5,125.24,Mahdia
Male,1,Yes,No,69,No,No phone service,DSL,Yes,Yes,No,Yes,Yes,Two year,No,Credit card (automatic),56.55,3952.65,No,1,20,65.45,Sousse
Male,0,No,No,6,Yes,No,Fiber optic,No,No,No,Yes,No,Month-to-month,Yes,Credit card (automatic),80.5,463.05,Yes,5,2,44.21,Nabeul
Female,0,Yes,Yes,24,Yes,No,No,No internet service,No internet service,No internet service,No internet service,No internet service,Two year,Yes,Mailed check,19.7,494.05,No,3,13,92.21,Mahdia
Female,0,No,No,32,Yes,Yes,Fiber optic,No,Yes,Yes,Yes,Yes,One year,Yes,Credit card (automatic),104.05,3416.85,No,1,23,109.98,Tunis
Female,0,No,No,27,Yes,No,DSL,Yes,Yes,No,No,No,Two year,No,Bank transfer (automatic),52.85,1498.65,No,0,11,93.61,Tunis
Female,1,Yes,No,27,Yes,Yes,Fiber optic,Yes,No,No,Yes,Yes,Month-to-month,Yes,Bank transfer (automatic),104.3,2867.75,Yes,8,0,7.29,Mahdia
Male,0,No,No,58,Yes,Yes,Fiber optic,No,No,No,No,No,Month-to-month,No,Bank transfer (automatic),80.65,4807.35,No,3,7,56.27,Sousse
Male,0,No,No,1,Yes,No,Fiber optic,No,No,No,No,No,Month-to-month,Yes,Mailed check,71.35,71.35,Yes,5,5,3.09,Nabeul
Female,0,Yes,Yes,18,Yes,Yes,No,No internet service,No internet service,No internet service,No internet service,No internet service,Two year,Yes,Credit card (automatic),24.65,471.35,No,2,18,56.41,Ariana
Female,0,Yes,Yes,47,Yes,No,No,No internet service,No internet service,No internet service,No internet service,No internet service,Two year,Yes,Bank transfer (automatic),21.3,1041.8,No,3,20,110.49,Sousse
Female,0,Yes,Yes,70,Yes,Yes,Fiber optic,No,Yes,Yes,Yes,Yes,Two year,Yes,Electronic check,110.2,7689.8,No,1,12,90.57,Gabès
Female,0,No,No,13,Yes,Yes,Fiber optic,No,Yes,Yes,No,No,Month-to-month,No,Electronic check,89.4,1132.35,Yes,6,1,46.65,Sidi Bouzid
Female,0,Yes,Yes,36,Yes,No,DSL,Yes,No,No,No,No,Month-to-month,No,Credit card (automatic),51.05,1815.0,No,3,5,126.91,Sfax
Male,0,No,No,67,Yes,No,No,No internet service,No internet service,No internet service,No internet service,No internet service,Two year,Yes,Mailed check,19.8,1311.3,No,1,8,78.62,Manouba
Female,0,No,No,10,Yes,No,No,No internet service,No internet service,No internet service,No internet service,No internet service,Month-to-month,Yes,Mailed check,19.9,199.45,No,1,28,130.74,Sfax
Male,1,No,No,19,Yes,No,Fiber optic,Yes,No,No,No,Yes,Month-to-month,Yes,Electronic check,87.3,1637.3,No,3,15,18.71,Ariana
Female,0,Yes,Yes,71,Yes,No,No,No internet service,No internet service,No internet service,No internet service,No internet service,Two year,No,Bank transfer (automatic),19.85,1326.35,No,1,26,48.71,Jendouba
Male,0,Yes,Yes,72,Yes,Yes,DSL,Yes,Yes,Yes,Yes,Yes,Two year,Yes,Mailed check,89.4,6376.55,No,2,19,140.9,Monastir
Female,0,Yes,Yes,48,Yes,No,No,No internet service,No internet service,No internet service,No internet service,No internet service,Two year,No,Mailed check,20.0,935.9,No,1,22,123.05,Bizerte
Male,0,No,No,1,Yes,No,No,No internet service,No internet service,No internet service,No internet service,No internet service,Month-to-month,No,Mailed check,20.05,20.05,No,0,18,52.63,Siliana
Male,0,Yes,Yes,18,Yes,No,DSL,Yes,No,Yes,Yes,Yes,Month-to-month,No,Electronic check,83.25,1611.15,No,3,20,67.31,Kef
Male,0,No,No,1,Yes,No,No,No internet service,No internet service,No internet service,No internet service,No internet service,Month-to-month,No,Mailed check,20.6,20.6,Yes,4,5,49.89,Mahdia
Male,1,Yes,No,67,Yes,Yes,Fiber optic,No,Yes,No,Yes,Yes,Two year,No,Bank transfer (automatic),102.9,6989.7,No,2,17,22.46,Tunis
Male,0,Yes,Yes,69,No,No phone service,DSL,Yes,No,Yes,No,No,Two year,No,Mailed check,39.1,2779.5,No,3,22,137.71,Manouba
Male,0,No,No,19,Yes,Yes,Fiber optic,No,Yes,No,Yes,Yes,Month-to-month,Yes,Electronic check,99.95,1931.75,Yes,7,2,29.41,Bizerte
Male,1,Yes,No,72,Yes,Yes,Fiber optic,Yes,Yes,Yes,Yes,Yes,Two year,Yes,Mailed check,114.5,8331.95,No,1,30,148.14,Kasserine
Female,1,No,No,38,Yes,No,No,No internet service,No internet service,No internet service,No internet service,No internet service,Two year,No,Mailed check,20.2,735.9,No,3,25,30.53,Gabès
Male,1,Yes,No,40,Yes,No,DSL,No,No,No,No,Yes,One year,No,Electronic check,55.8,2283.3,No,4,7,83.51,Tunis
Female,0,Yes,Yes,61,Yes,Yes,No,No internet service,No internet service,No internet service,No internet service,No internet service,Two year,Yes,Mailed check,24.2,1445.2,No,3,18,118.94,Siliana
Female,0,No,No,10,Yes,Yes,Fiber optic,No,Yes,No,No,No,Month-to-month,Yes,Credit card (automatic),81.0,818.05,Yes,4,4,17.22,Gabès
Male,0,Yes,No,32,Yes,Yes,DSL,Yes,No,No,Yes,No,One year,Yes,Credit card (automatic),72.8,2333.05,No,0,28,15.33,Mahdia
Female,0,No,No,21,Yes,Yes,Fiber optic,No,Yes,No,Yes,Yes,Month-to-month,Yes,Credit card (automatic),99.85,1992.55,No,1,10,111.72,Médiénine
Female,1,No,No,59,Yes,Yes,Fiber optic,No,No,Yes,Yes,Yes,One year,Yes,Electronic check,99.5,5890.0,No,4,8,128.26,Kairouan
Female,1,Yes,No,13,Yes,No,Fiber optic,No,No,No,No,No,Month-to-month,Yes,Electronic check,70.15,916.75,Yes,6,3,41.74,Tataouine
Female,0,No,No,47,Yes,No,No,No internet service,No internet service,No internet service,No internet service,No internet service,Two year,No,Credit card (automatic),20.25,1029.8,No,3,15,14.39,Tunis
Male,0,Yes,Yes,69,Yes,Yes,No,No internet service,No internet service,No internet service,No internet service,No internet service,Two year,Yes,Bank transfer (automatic),26.0,1796.55,No,2,6,15.87,Nabeul
Male,0,No,No,2,Yes,No,No,No internet service,No internet service,No internet service,No internet service,No internet service,Month-to-month,Yes,Credit card (automatic),19.9,33.7,No,0,25,139.28,Kasserine
Female,0,Yes,Yes,22,Yes,No,No,No internet service,No internet service,No internet service,No internet service,No internet service,Month-to-month,No,Bank transfer (automatic),19.05,454.05,No,4,7,127.52,Tunis
Male,1,Yes,No,15,Yes,Yes,Fiber optic,Yes,No,Yes,Yes,No,Month-to-month,Yes,Electronic check,96.5,1392.25,No,1,10,17.18,Médiénine
Female,0,No,No,53,Yes,No,No,No internet service,No internet service,No internet service,No internet service,No internet service,Two year,No,Credit card (automatic),19.85,1049.6,No,0,10,139.84,Sidi Bouzid
Female,1,Yes,No,28,Yes,Yes,No,No internet service,No internet service,No internet service,No internet service,No internet service,Month-to-month,No,Mailed check,25.7,734.6,No,3,13,51.84,Tunis
Male,0,No,No,22,Yes,No,No,No internet service,No internet service,No internet service,No internet service,No internet service,One year,No,Mailed check,20.3,475.1,No,0,22,125.78,Tunis
Female,0,No,No,1,Yes,No,Fiber optic,No,No,No,No,No,Month-to-month,Yes,Mailed check,70.15,70.15,Yes,9,0,28.66,Kebili
Male,1,Yes,No,16,Yes,No,Fiber optic,No,No,Yes,No,Yes,Month-to-month,Yes,Electronic check,91.55,1540.05,No,0,10,125.07,Kasserine
Female,0,Yes,Yes,48,No,No phone service,DSL,Yes,Yes,No,No,No,Two year,No,Mailed check,39.4,1978.65,No,0,26,16.86,Tunis
Male,1,Yes,No,30,Yes,Yes,Fiber optic,Yes,Yes,Yes,Yes,No,Month-to-month,Yes,Bank transfer (automatic),105.7,3181.8,No,1,21,134.19,Béja
Female,0,No,No,3,Yes,No,Fiber optic,No,No,No,No,No,Month-to-month,Yes,Electronic check,70.25,229.7,No,1,9,34.52,Bizerte
Male,1,No,No,57,Yes,Yes,Fiber optic,Yes,No,No,No,Yes,Two year,No,Electronic check,93.75,5625.55,No,3,27,83.31,Tunis
Female,1,Yes,No,68,Yes,Yes,Fiber optic,Yes,Yes,No,No,Yes,One year,Yes,Credit card (automatic),96.55,6581.9,Yes,5,4,25.95,Bizerte
Female,0,Yes,No,23,Yes,No,DSL,No,No,No,Yes,No,One year,No,Bank transfer (automatic),60.0,1347.15,No,4,9,144.89,Sousse
Female,0,Yes,No,65,Yes,No,DSL,No,No,No,Yes,No,Two year,Yes,Credit card (automatic),59.8,3808.2,No,1,24,97.38,Mahdia
Male,0,Yes,No,44,Yes,No,Fiber optic,No,No,No,Yes,Yes,One year,Yes,Bank transfer (automatic),90.65,3974.15,No,1,27,135.53,Gabès
Female,0,Yes,Yes,71,Yes,Yes,Fiber optic,Yes,Yes,Yes,Yes,Yes,Two year,Yes,Bank transfer (automatic),109.0,7661.8,No,1,23,69.1,Kairouan
Female,0,Yes,No,37,Yes,Yes,DSL,Yes,No,Yes,No,No,One year,No,Credit card (automatic),68.1,2479.25,No,1,5,35.05,Monastir
Female,0,No,No,12,Yes,No,No,No internet service,No internet service,No internet service,No internet service,No internet service,Month-to-month,No,Mailed check,20.4,266.6,No,0,10,33.68,Sfax
Male,0,Yes,Yes,69,Yes,Yes,DSL,No,Yes,Yes,Yes,Yes,Two year,Yes,Bank transfer (automatic),81.95,5601.4,No,0,22,45.67,Kef
Female,0,No,No,35,Yes,No,DSL,Yes,Yes,Yes,No,No,Month-to-month,No,Electronic check,60.55,1982.6,No,1,12,124.89,Gabès
Male,0,No,No,5,Yes,No,DSL,No,Yes,No,No,Yes,Month-to-month,Yes,Bank transfer (automatic),65.6,339.9,No,3,28,93.91,Gafsa
Male,0,Yes,Yes,58,Yes,Yes,Fiber optic,No,No,No,Yes,No,Two year,No,Bank transfer (automatic),82.5,4828.05,No,2,9,24.26,Kef
Male,0,Yes,No,72,Yes,Yes,DSL,Yes,Yes,Yes,No,Yes,Two year,Yes,Bank transfer (automatic),82.3,5980.55,No,1,26,52.9,Nabeul
Male,0,Yes,No,72,Yes,Yes,DSL,Yes,Yes,Yes,No,No,Two year,No,Mailed check,68.15,4808.7,No,4,8,36.14,Zaghouan
Female,0,No,No,1,Yes,No,No,No internet service,No internet service,No internet service,No internet service,No internet service,Month-to-month,No,Credit card (automatic),20.3,20.3,No,4,8,19.15,Tunis
Female,0,No,No,39,Yes,No,Fiber optic,Yes,No,Yes,Yes,No,One year,Yes,Electronic check,95.55,3692.85,Yes,9,3,47.05,Médiénine
Male,0,Yes,Yes,53,Yes,No,No,No internet service,No internet service,No internet service,No internet service,No internet service,One year,No,Credit card (automatic),20.2,1068.15,No,4,17,75.48,Ariana
Female,0,No,No,27,Yes,No,Fiber optic,No,No,Yes,No,Yes,Month-to-month,Yes,Electronic check,89.2,2383.6,No,0,17,20.43,Zaghouan
Female,1,No,No,1,Yes,No,Fiber optic,No,No,No,No,No,Month-to-month,Yes,Electronic check,69.65,69.65,Yes,10,1,46.81,Sfax
Female,1,No,No,1,Yes,No,Fiber optic,No,No,No,Yes,Yes,Month-to-month,Yes,Electronic check,89.3,89.3,Yes,5,2,20.23,Nabeul
Female,0,Yes,No,18,Yes,No,Fiber optic,Yes,No,No,No,No,Month-to-month,No,Electronic check,74.8,1438.05,No,0,9,40.66,Zaghouan
Male,0,Yes,Yes,46,Yes,No,No,No internet service,No internet service,No internet service,No internet service,No internet service,Two year,Yes,Mailed check,20.2,917.45,No,2,5,21.61,Sfax
Female,0,Yes,No,72,Yes,Yes,DSL,Yes,No,Yes,Yes,Yes,Two year,Yes,Credit card (automatic),84.4,6096.45,No,0,25,18.25,Sfax
Female,0,No,No,36,Yes,No,Fiber optic,No,No,Yes,No,Yes,Month-to-month,Yes,Electronic check,87.55,3078.1,Yes,9,2,41.94,Kasserine
Female,0,Yes,No,4,No,No phone service,DSL,No,No,No,No,No,Month-to-month,Yes,Electronic check,25.15,99.95,No,4,15,123.62,Ariana
Female,0,No,No,25,Yes,No,No,No internet service,No internet service,No internet service,No internet service,No internet service,Two year,No,Credit card (automatic),19.8,475.2,No,2,18,99.7,Bizerte
Female,0,Yes,Yes,40,No,No phone service,DSL,No,Yes,No,Yes,Yes,Month-to-month,Yes,Electronic check,50.85,2036.55,No,3,25,27.7,Bizerte
Male,0,Yes,No,63,Yes,Yes,Fiber optic,No,Yes,Yes,Yes,Yes,Month-to-month,Yes,Electronic check,102.4,6444.05,No,3,11,36.63,Sfax
Female,1,No,No,15,Yes,No,Fiber optic,Yes,No,Yes,No,Yes,Month-to-month,Yes,Mailed check,96.3,1426.75,Yes,7,2,49.64,Tunis
Male,0,No,No,14,Yes,Yes,DSL,No,Yes,No,No,No,Month-to-month,Yes,Credit card (automatic),55.5,767.55,No,3,22,19.97,Mahdia
Male,1,Yes,No,72,Yes,Yes,Fiber optic,No,Yes,Yes,Yes,Yes,Two year,Yes,Bank transfer (automatic),109.75,7932.5,No,3,30,65.01,Nabeul
Male,0,No,No,39,Yes,Yes,Fiber optic,Yes,Yes,No,Yes,Yes,Month-to-month,Yes,Electronic check,106.4,4040.65,No,2,16,11.13,Sfax
Female,0,Yes,Yes,47,No,No phone service,DSL,Yes,Yes,Yes,Yes,Yes,Two year,Yes,Credit card (automatic),60.0,2768.65,No,4,14,36.1,Manouba
Male,0,Yes,No,19,Yes,Yes,Fiber optic,Yes,Yes,No,No,No,Month-to-month,Yes,Credit card (automatic),88.8,1672.35,No,1,23,25.92,Sfax
Female,0,No,No,5,Yes,Yes,Fiber optic,No,No,No,Yes,No,Month-to-month,Yes,Electronic check,85.2,474.8,Yes,6,0,4.77,Ben Arous
Female,0,No,No,13,No,No phone service,DSL,No,No,No,No,Yes,Month-to-month,Yes,Electronic check,35.1,446.1,Yes,8,3,9.66,Tunis
Female,0,No,No,17,Yes,Yes,Fiber optic,No,No,Yes,No,No,Month-to-month,No,Bank transfer (automatic),80.05,1345.65,No,4,29,145.26,Ariana
Male,1,Yes,No,34,Yes,Yes,Fiber optic,No,No,No,No,No,Month-to-month,Yes,Electronic check,75.55,2425.4,No,0,20,46.44,Kef
Female,0,No,No,42,Yes,No,DSL,No,Yes,No,No,No,Month-to-month,Yes,Electronic check,49.55,2077.95,No,1,25,29.4,Bizerte
Male,0,Yes,No,5,Yes,Yes,Fiber optic,No,Yes,No,No,No,Month-to-month,Yes,Electronic check,81.3,416.3,Yes,10,4,23.66,Bizerte
Female,0,Yes,Yes,71,Yes,Yes,No,No internet service,No internet service,No internet service,No internet service,No internet service,Two year,No,Credit card (automatic),23.9,1663.5,No,1,30,134.92,Monastir
Male,1,Yes,No,19,Yes,No,DSL,Yes,No,Yes,Yes,No,Month-to-month,No,Bank transfer (automatic),66.4,1286.05,No,1,29,124.58,Monastir
Female,0,No,Yes,2,Yes,No,No,No internet service,No internet service,No internet service,No internet service,No internet service,Month-to-month,Yes,Electronic check,19.6,35.85,Yes,10,5,29.9,Bizerte
Male,0,No,No,57,Yes,No,No,No internet service,No internet service,No internet service,No internet service,No internet service,Two year,No,Credit card (automatic),18.8,1094.35,No,1,9,120.12,Kasserine
Male,0,Yes,No,72,Yes,Yes,Fiber optic,No,Yes,Yes,Yes,Yes,Two year,Yes,Electronic check,108.4,7719.5,No,3,22,148.36,Kairouan
Female,0,No,No,6,Yes,No,Fiber optic,No,Yes,No,No,Yes,Month-to-month,Yes,Mailed check,85.95,514.6,No,1,9,65.62,Gafsa
Female,0,Yes,Yes,17,Yes,Yes,Fiber optic,No,No,No,No,Yes,Month-to-month,Yes,Electronic check,85.45,1451.6,Yes,7,1,29.52,Tunis
Male,0,Yes,No,61,Yes,Yes,DSL,No,Yes,Yes,Yes,Yes,Two year,No,Bank transfer (automatic),80.9,4932.5,No,4,21,123.8,Monastir
Male,0,Yes,Yes,1,Yes,No,Fiber optic,No,No,No,No,No,Month-to-month,Yes,Electronic check,71.0,71.0,Yes,10,4,7.06,Ariana
Male,0,Yes,Yes,48,Yes,Yes,Fiber optic,Yes,Yes,Yes,Yes,Yes,Two year,No,Credit card (automatic),111.8,5443.65,No,0,15,123.48,Gabès
Male,0,No,No,16,Yes,No,No,No internet service,No internet service,No internet service,No internet service,No internet service,Month-to-month,Yes,Credit card (automatic),20.6,330.25,No,4,13,60.24,Nabeul
Male,1,No,No,9,Yes,Yes,Fiber optic,No,No,No,No,Yes,Month-to-month,Yes,Electronic check,85.05,746.5,Yes,5,5,14.48,Siliana
Female,0,No,No,3,Yes,No,DSL,No,No,No,No,No,Month-to-month,No,Electronic check,44.6,122.7,No,0,8,67.87,Sfax
Male,0,No,Yes,1,Yes,No,DSL,No,No,No,No,No,Month-to-month,Yes,Electronic check,44.4,44.4,Yes,9,0,43.35,Béja
Male,0,No,No,65,Yes,Yes,Fiber optic,No,Yes,Yes,Yes,Yes,Two year,No,Credit card (automatic),105.1,6631.85,No,0,22,94.17,Jendouba
Female,0,Yes,Yes,70,Yes,Yes,Fiber optic,Yes,Yes,Yes,Yes,Yes,Two year,Yes,Credit card (automatic),115.15,8250.0,No,0,29,51.64,Ben Arous
Male,0,Yes,No,60,Yes,No,DSL,Yes,No,No,Yes,No,One year,Yes,Mailed check,59.8,3561.15,No,0,30,30.68,Gabès
Female,0,Yes,No,69,Yes,Yes,No,No internet service,No internet service,No internet service,No internet service,No internet service,One year,Yes,Electronic check,26.3,1763.55,No,4,19,14.67,Sfax
Female,1,No,No,35,Yes,No,Fiber optic,No,No,No,No,No,Month-to-month,No,Electronic check,70.55,2419.0,No,4,24,86.62,Tunis
Female,0,No,No,22,Yes,No,No,No internet service,No internet service,No internet service,No internet service,No internet service,Month-to-month,Yes,Mailed check,20.05,470.2,No,0,6,127.27,Ben Arous
Male,0,Yes,Yes,66,Yes,Yes,DSL,No,Yes,Yes,Yes,Yes,Two year,No,Bank transfer (automatic),79.85,5234.95,No,4,8,86.53,Ariana
Male,1,Yes,No,1,Yes,No,Fiber optic,No,No,No,No,No,Month-to-month,Yes,Electronic check,70.3,70.3,Yes,7,4,15.05,Jendouba
Female,0,Yes,No,1,Yes,No,Fiber optic,No,No,No,Yes,No,Month-to-month,Yes,Bank transfer (automatic),79.35,79.35,Yes,5,2,3.58,Nabeul
Male,0,Yes,Yes,34,Yes,Yes,Fiber optic,No,No,Yes,No,Yes,Month-to-month,Yes,Credit card (automatic),90.05,3097.0,No,1,9,44.78,Tozeur
Female,0,Yes,Yes,72,Yes,Yes,No,No internet service,No internet service,No internet service,No internet service,No internet service,Two year,No,Bank transfer (automatic),24.45,1709.1,No,0,23,129.09,Kebili
Male,0,Yes,Yes,31,No,No phone service,DSL,Yes,No,Yes,Yes,Yes,One year,No,Electronic check,59.95,1848.8,No,3,12,44.01,Bizerte
Male,0,No,Yes,30,Yes,Yes,No,No internet service,No internet service,No internet service,No internet service,No internet service,One year,No,Bank transfer (automatic),25.35,723.3,No,2,13,83.95,Kasserine
Female,0,No,No,9,Yes,No,Fiber optic,No,No,No,Yes,Yes,Month-to-month,Yes,Bank transfer (automatic),90.8,809.75,Yes,10,2,38.9,Sfax
Male,0,Yes,Yes,20,Yes,No,Fiber optic,No,No,No,No,No,Month-to-month,Yes,Electronic check,70.45,1470.95,Yes,9,0,30.79,Tunis
Male,1,Yes,No,19,No,No phone service,DSL,No,Yes,Yes,No,No,Month-to-month,Yes,Credit card (automatic),34.3,577.15,No,4,9,47.33,Tunis
Female,0,Yes,No,65,Yes,Yes,Fiber optic,Yes,No,Yes,Yes,Yes,Month-to-month,Yes,Electronic check,105.05,6914.95,No,2,8,56.91,Kasserine
Female,0,Yes,Yes,30,Yes,No,No,No internet service,No internet service,No internet service,No internet service,No internet service,Two year,No,Mailed check,19.3,602.9,No,1,16,91.83,Nabeul
Male,0,No,No,6,Yes,No,No,No internet service,No internet service,No internet service,No internet service,No internet service,One year,No,Mailed check,19.15,124.4,No,4,28,62.43,Bizerte
Female,0,No,No,2,No,No phone service,DSL,No,Yes,No,Yes,Yes,Month-to-month,No,Electronic check,51.4,96.8,No,3,30,138.25,Tunis
Male,0,Yes,Yes,53,Yes,Yes,DSL,Yes,No,No,No,Yes,Month-to-month,No,Electronic check,71.85,3827.9,No,0,28,17.85,Sidi Bouzid
Male,1,Yes,No,7,Yes,Yes,Fiber optic,No,No,No,No,No,Month-to-month,Yes,Electronic check,75.4,533.05,No,2,23,78.37,Sousse
Female,0,Yes,Yes,61,Yes,No,DSL,Yes,No,No,No,No,One year,Yes,Bank transfer (automatic),49.7,2961.4,No,3,12,26.04,Sfax
Male,1,No,No,70,No,No phone service,DSL,No,No,No,Yes,Yes,One year,Yes,Electronic check,45.25,3264.45,Yes,8,3,19.94,Zaghouan
Female,0,No,No,13,Yes,Yes,DSL,Yes,No,Yes,Yes,Yes,Month-to-month,Yes,Electronic check,78.75,995.35,No,1,28,85.6,Bizerte
Male,1,Yes,No,35,Yes,Yes,Fiber optic,No,No,Yes,No,No,One year,Yes,Bank transfer (automatic),81.6,2815.25,No,0,19,113.28,Bizerte
Female,0,Yes,No,2,Yes,No,Fiber optic,No,No,No,No,No,Month-to-month,Yes,Credit card (automatic),70.4,154.8,No,1,29,28.56,Kef
Female,0,No,No,3,Yes,Yes,Fiber optic,No,No,No,No,No,Month-to-month,Yes,Electronic check,75.8,246.3,Yes,5,3,26.28,Sfax
Female,0,No,No,3,Yes,Yes,Fiber optic,No,No,No,No,No,Month-to-month,No,Electronic check,76.1,257.6,No,1,10,112.94,Tunis
Female,0,No,No,62,Yes,Yes,Fiber optic,No,No,No,Yes,Yes,One year,Yes,Bank transfer (automatic),94.0,5757.2,No,1,16,41.48,Sidi Bouzid
Male,0,Yes,Yes,72,Yes,Yes,Fiber optic,Yes,Yes,Yes,No,Yes,Two year,No,Credit card (automatic),103.95,7517.7,No,3,18,124.4,Médiénine
Male,0,Yes,No,63,Yes,No,No,No internet service,No internet service,No internet service,No internet service,No internet service,Two year,Yes,Bank transfer (automatic),19.95,1234.8,No,1,15,63.65,Kairouan
Male,1,No,No,20,Yes,No,Fiber optic,No,No,No,No,No,Month-to-month,No,Credit card (automatic),71.3,1389.2,Yes,5,2,7.44,Tunis
Female,1,No,No,35,Yes,Yes,Fiber optic,Yes,Yes,Yes,Yes,Yes,One year,Yes,Bank transfer (automatic),110.8,3836.3,No,0,8,95.53,Sfax
Male,1,Yes,No,21,Yes,No,Fiber optic,No,No,No,No,No,Month-to-month,Yes,Electronic check,69.1,1474.75,Yes,9,3,24.44,Sousse
Male,0,Yes,No,62,Yes,Yes,Fiber optic,Yes,Yes,No,No,Yes,One year,No,Electronic check,96.1,6001.45,No,4,30,149.98,Béja
Female,0,No,No,15,Yes,Yes,DSL,No,No,No,No,No,Month-to-month,Yes,Mailed check,48.8,720.1,No,3,8,23.96,Sousse
Female,0,No,No,55,Yes,No,DSL,Yes,No,No,No,No,Month-to-month,Yes,Credit card (automatic),50.55,2832.75,No,4,11,123.51,Bizerte
Female,0,No,No,11,Yes,No,DSL,No,No,No,No,No,Month-to-month,Yes,Mailed check,44.65,472.25,No,4,29,18.76,Ariana
Female,0,Yes,Yes,17,Yes,Yes,Fiber optic,No,No,Yes,Yes,No,Month-to-month,No,Electronic check,88.25,1460.65,Yes,8,2,16.94,Tunis
Female,0,No,No,61,Yes,No,No,No internet service,No internet service,No internet service,No internet service,No internet service,One year,No,Bank transfer (automatic),19.45,1336.35,No,3,14,60.57,Manouba
Female,0,Yes,No,71,Yes,Yes,DSL,Yes,Yes,Yes,Yes,Yes,Two year,No,Credit card (automatic),89.3,6388.65,No,0,19,108.95,Tunis
Female,0,No,No,2,Yes,No,Fiber optic,No,No,No,No,No,Month-to-month,No,Bank transfer (automatic),70.0,153.05,Yes,7,3,21.35,Tunis
Male,0,No,No,35,Yes,No,No,No internet service,No internet service,No internet service,No internet service,No internet service,Two year,No,Mailed check,19.25,677.9,No,2,8,13.95,Sfax
Female,0,No,No,17,Yes,No,Fiber optic,No,No,No,No,No,Month-to-month,No,Bank transfer (automatic),70.5,1165.6,No,4,20,51.06,Ben Arous
Female,0,No,No,21,Yes,Yes,Fiber optic,No,No,No,Yes,Yes,Month-to-month,Yes,Electronic check,97.35,2119.5,Yes,10,5,26.84,Tunis
Female,0,Yes,No,47,Yes,No,No,No internet service,No internet service,No internet service,No internet service,No internet service,Two year,No,Bank transfer (automatic),19.65,921.55,No,4,24,53.72,Kasserine
Female,0,Yes,No,3,Yes,No,No,No internet service,No internet service,No internet service,No internet service,No internet service,Month-to-month,No,Mailed check,20.85,72.0,No,4,22,77.01,Kairouan
Male,0,No,No,3,Yes,No,No,No internet service,No internet service,No internet service,No internet service,No internet service,Month-to-month,Yes,Mailed check,19.65,68.35,No,3,18,22.16,Sfax
Male,1,Yes,No,44,Yes,No,No,No internet service,No internet service,No internet service,No internet service,No internet service,Two year,Yes,Credit card (automatic),19.35,847.25,No,4,29,37.91,Béja
Female,0,No,No,1,Yes,No,DSL,No,No,No,No,No,Month-to-month,Yes,Mailed check,44.0,44.0,No,0,12,43.84,Sousse
Female,0,Yes,Yes,44,Yes,Yes,Fiber optic,No,Yes,Yes,No,Yes,One year,No,Electronic check,94.4,4295.35,No,2,18,21.05,Médiénine
Male,0,Yes,Yes,5,Yes,Yes,No,No internet service,No internet service,No internet service,No internet service,No internet service,Month-to-month,Yes,Bank transfer (automatic),25.9,135.0,Yes,5,0,44.48,Kairouan
Male,0,No,No,24,Yes,Yes,DSL,Yes,No,No,No,No,Month-to-month,Yes,Bank transfer (automatic),55.65,1400.55,Yes,8,2,9.69,Monastir
Female,0,No,Yes,1,Yes,No,Fiber optic,No,No,No,No,No,Month-to-month,Yes,Electronic check,69.65,69.65,Yes,8,1,39.13,Bizerte
Female,0,No,No,18,Yes,No,Fiber optic,Yes,No,No,No,No,Month-to-month,Yes,Electronic check,75.4,1380.4,No,4,14,24.43,Ariana
Female,0,No,No,10,Yes,Yes,Fiber optic,No,No,Yes,Yes,Yes,Month-to-month,Yes,Electronic check,100.6,1060.2,Yes,9,4,13.81,Zaghouan
Female,0,Yes,No,65,Yes,No,DSL,Yes,Yes,Yes,No,Yes,Two year,No,Bank transfer (automatic),71.0,4386.2,No,1,10,17.7,Tunis
Female,1,No,No,1,Yes,No,Fiber optic,No,Yes,No,No,Yes,Month-to-month,Yes,Electronic check,86.0,86.0,Yes,5,4,5.42,Sousse
Female,0,No,No,53,Yes,Yes,Fiber optic,Yes,No,Yes,Yes,Yes,One year,Yes,Credit card (automatic),106.95,5785.5,Yes,9,5,40.27,Sfax
Male,0,No,No,3,Yes,No,No,No internet service,No internet service,No internet service,No internet service,No internet service,One year,No,Mailed check,21.2,52.05,No,3,16,101.59,Sidi Bouzid
Male,0,Yes,No,33,Yes,No,DSL,Yes,Yes,No,No,No,Two year,Yes,Mailed check,61.05,2018.4,No,0,6,63.34,Tunis
Male,0,No,No,3,No,No phone service,DSL,No,Yes,No,No,No,Month-to-month,Yes,Electronic check,29.6,79.45,Yes,10,3,29.16,Béja
Female,0,No,No,34,Yes,No,DSL,Yes,No,Yes,Yes,Yes,One year,Yes,Bank transfer (automatic),79.95,2727.3,No,4,22,18.45,Kairouan
Female,0,Yes,Yes,14,Yes,No,No,No internet service,No internet service,No internet service,No internet service,No internet service,Two year,Yes,Mailed check,19.7,263.65,No,3,22,120.53,Kef
Female,0,No,No,13,Yes,No,No,No internet service,No internet service,No internet service,No internet service,No internet service,Month-to-month,Yes,Mailed check,20.3,275.4,No,1,25,109.01,Kebili
Male,1,Yes,No,46,No,No phone service,DSL,No,Yes,Yes,Yes,Yes,One year,Yes,Bank transfer (automatic),59.9,2816.65,Yes,7,5,31.76,Kasserine
Male,0,Yes,Yes,23,Yes,Yes,No,No internet service,No internet service,No internet service,No internet service,No internet service,One year,No,Mailed check,24.35,538.5,No,3,20,31.46,Kebili
Female,0,Yes,Yes,47,Yes,No,No,No internet service,No internet service,No internet service,No internet service,No internet service,Two year,No,Mailed check,19.75,948.9,No,2,6,25.37,Ariana
Male,0,No,Yes,17,Yes,No,DSL,Yes,No,No,No,No,Month-to-month,Yes,Mailed check,50.3,846.8,No,1,14,75.37,Kasserine
Female,0,Yes,Yes,49,Yes,Yes,Fiber optic,No,No,No,Yes,Yes,Month-to-month,Yes,Electronic check,95.6,4783.5,Yes,5,3,19.76,Bizerte
Male,1,Yes,No,59,No,No phone service,DSL,No,Yes,No,Yes,Yes,Month-to-month,Yes,Electronic check,50.25,2997.45,No,1,20,107.73,Tunis
Female,0,No,No,69,Yes,Yes,DSL,Yes,No,Yes,Yes,Yes,Two year,Yes,Credit card (automatic),85.35,5897.4,No,2,13,60.64,Ben Arous
Male,0,No,No,11,No,No phone service,DSL,No,No,Yes,Yes,No,One year,Yes,Electronic check,41.6,470.6,Yes,10,1,8.13,Ben Arous
Male,0,No,No,10,Yes,No,DSL,Yes,No,No,No,No,Month-to-month,Yes,Mailed check,51.65,524.5,No,2,24,37.65,Kasserine
Male,0,Yes,Yes,12,Yes,Yes,No,No internet service,No internet service,No internet service,No internet service,No internet service,Two year,Yes,Bank transfer (automatic),24.0,269.65,No,0,13,126.1,Sidi Bouzid
Male,0,No,No,45,Yes,Yes,Fiber optic,No,Yes,No,Yes,Yes,Month-to-month,Yes,Credit card (automatic),100.85,4740.0,Yes,10,2,49.08,Sousse
Female,0,Yes,Yes,39,Yes,No,DSL,No,No,Yes,Yes,No,Month-to-month,Yes,Mailed check,59.85,2341.5,No,2,9,103.72,Ariana
Male,1,Yes,No,71,Yes,Yes,No,No internet service,No internet service,No internet service,No internet service,No internet service,Two year,No,Credit card (automatic),25.45,1789.65,No,0,11,24.35,Kairouan
Male,0,Yes,Yes,71,Yes,Yes,No,No internet service,No internet service,No internet service,No internet service,No internet service,Two year,No,Credit card (automatic),23.9,1626.4,No,2,5,92.63,Tunis
Female,0,Yes,Yes,33,Yes,Yes,No,No internet service,No internet service,No internet service,No internet service,No internet service,One year,No,Credit card (automatic),24.15,800.3,No,0,19,132.62,Béja
Male,1,No,No,67,Yes,Yes,Fiber optic,No,No,No,No,No,Month-to-month,Yes,Mailed check,75.7,5060.85,No,0,18,127.21,Ben Arous
Male,0,Yes,Yes,37,No,No phone service,DSL,Yes,Yes,Yes,No,No,Month-to-month,No,Bank transfer (automatic),40.2,1448.8,Yes,8,0,15.9,Sfax
Male,0,Yes,Yes,49,Yes,Yes,Fiber optic,No,No,No,Yes,No,Month-to-month,No,Electronic check,84.5,4254.85,Yes,5,1,28.43,Tunis
Female,0,Yes,No,9,Yes,No,DSL,No,Yes,No,No,No,Month-to-month,No,Mailed check,50.85,466.6,No,0,11,11.29,Tunis
Male,0,Yes,No,52,Yes,Yes,Fiber optic,Yes,No,Yes,No,No,Two year,Yes,Credit card (automatic),91.6,4627.8,No,1,24,46.77,Monastir
Female,0,No,No,70,Yes,Yes,Fiber optic,No,Yes,No,Yes,Yes,One year,No,Electronic check,98.9,6838.6,No,3,20,71.99,Kairouan
Male,0,No,No,1,Yes,No,Fiber optic,No,Yes,No,No,Yes,Month-to-month,Yes,Electronic check,85.0,85.0,No,2,17,69.37,Kebili
Female,1,No,No,14,Yes,Yes,Fiber optic,No,Yes,No,No,No,Month-to-month,Yes,Electronic check,78.95,1101.85,Yes,6,3,0.55,Sousse
Male,0,No,No,1,Yes,No,DSL,No,No,No,No,No,Month-to-month,Yes,Mailed check,44.3,44.3,No,3,20,83.35,Médiénine
Male,0,No,No,1,Yes,No,No,No internet service,No internet service,No internet service,No internet service,No internet service,Month-to-month,No,Mailed check,20.2,20.2,Yes,4,3,46.24,Sousse
Female,0,No,No,52,Yes,Yes,Fiber optic,No,Yes,No,No,No,One year,Yes,Mailed check,80.2,4297.6,No,2,29,136.98,Médiénine
Male,0,No,No,6,Yes,No,DSL,No,No,Yes,Yes,No,Month-to-month,No,Mailed check,60.9,414.1,No,2,12,39.27,Sfax
Male,0,Yes,No,7,No,No phone service,DSL,Yes,Yes,No,No,No,Month-to-month,No,Mailed check,34.2,256.6,No,3,9,102.48,Bizerte
Female,1,No,No,47,Yes,Yes,Fiber optic,No,Yes,Yes,No,No,Month-to-month,Yes,Bank transfer (automatic),85.2,3969.35,Yes,8,0,27.34,Gabès
Female,0,No,No,26,Yes,No,Fiber optic,Yes,No,Yes,No,No,One year,Yes,Credit card (automatic),87.15,2274.1,No,2,14,114.54,Bizerte
Male,0,Yes,Yes,25,Yes,No,DSL,Yes,No,No,No,No,Month-to-month,No,Electronic check,54.3,1296.8,No,3,21,22.79,Monastir
Male,0,No,No,69,Yes,No,No,No internet service,No internet service,No internet service,No internet service,No internet service,Two year,Yes,Mailed check,19.1,1268.85,No,4,19,36.12,Kairouan
Female,0,No,No,72,Yes,Yes,Fiber optic,Yes,Yes,Yes,Yes,Yes,Two year,Yes,Credit card (automatic),112.75,8192.6,No,4,14,12.11,Gabès
Male,0,No,No,4,Yes,No,No,No internet service,No internet service,No internet service,No internet service,No internet service,Month-to-month,Yes,Mailed check,19.95,59.25,No,0,29,143.11,Nabeul
Male,0,Yes,Yes,59,Yes,No,No,No internet service,No internet service,No internet service,No internet service,No internet service,Two year,No,Mailed check,19.5,1147.85,No,0,29,95.34,Tunis
Male,0,No,No,67,Yes,No,DSL,Yes,No,Yes,No,Yes,Two year,No,Bank transfer (automatic),65.55,4361.55,No,4,14,13.33,Ben Arous
Female,1,No,No,26,Yes,No,Fiber optic,No,No,No,No,Yes,Month-to-month,Yes,Electronic check,78.8,2006.1,No,0,21,48.29,Nabeul
Female,0,No,No,27,Yes,No,DSL,No,Yes,Yes,Yes,Yes,One year,No,Mailed check,78.2,2078.95,No,4,19,110.99,Tunis
Male,0,Yes,Yes,72,Yes,Yes,Fiber optic,Yes,No,Yes,Yes,Yes,Two year,No,Bank transfer (automatic),105.25,7609.75,No,2,27,125.8,Tunis
Female,0,No,No,6,Yes,No,Fiber optic,No,No,Yes,No,Yes,Month-to-month,Yes,Electronic check,89.25,487.05,No,2,6,138.62,Tunis
Male,0,Yes,Yes,62,Yes,No,No,No internet service,No internet service,No internet service,No internet service,No internet service,Two year,No,Credit card (automatic),20.65,1218.45,No,2,7,36.9,Tunis
Male,0,No,No,20,Yes,Yes,DSL,No,Yes,No,Yes,No,One year,Yes,Electronic check,68.7,1416.2,No,0,16,71.75,Sfax
Male,0,No,No,6,Yes,No,DSL,Yes,No,Yes,Yes,Yes,Month-to-month,No,Credit card (automatic),78.65,483.3,No,2,7,10.47,Tunis
Male,0,No,No,51,Yes,Yes,No,No internet service,No internet service,No internet service,No internet service,No internet service,Two year,No,Mailed check,24.75,1234.6,No,3,14,118.93,Ben Arous
Female,0,Yes,Yes,61,Yes,No,No,No internet service,No internet service,No internet service,No internet service,No internet service,Two year,No,Credit card (automatic),19.75,1311.6,No,0,30,77.22,Gabès
Male,1,Yes,No,62,Yes,Yes,Fiber optic,Yes,Yes,Yes,No,No,Month-to-month,Yes,Electronic check,89.1,5618.3,No,4,18,137.21,Kairouan
Female,0,No,No,72,Yes,Yes,Fiber optic,Yes,No,No,No,No,Two year,Yes,Bank transfer (automatic),84.7,6185.15,No,1,22,36.77,Bizerte
Male,1,Yes,No,13,Yes,No,Fiber optic,No,Yes,Yes,Yes,Yes,Month-to-month,Yes,Electronic check,98.0,1237.85,Yes,5,0,2.82,Jendouba
Male,0,Yes,No,5,Yes,No,Fiber optic,No,No,Yes,Yes,Yes,Month-to-month,Yes,Electronic check,94.45,498.1,Yes,10,3,19.86,Gabès
Male,1,No,No,3,Yes,Yes,Fiber optic,No,Yes,Yes,Yes,Yes,Month-to-month,Yes,Electronic check,105.0,294.45,Yes,8,1,24.37,Gafsa
Female,1,Yes,No,26,Yes,Yes,Fiber optic,No,Yes,Yes,No,Yes,Month-to-month,Yes,Electronic check,93.85,2381.55,Yes,5,4,1.98,Nabeul
Male,1,No,No,13,Yes,No,DSL,No,Yes,No,Yes,No,Month-to-month,Yes,Electronic check,59.9,788.35,No,2,7,71.33,Siliana
Female,0,Yes,Yes,38,Yes,No,No,No internet service,No internet service,No internet service,No internet service,No internet service,Two year,Yes,Mailed check,19.95,756.4,No,1,29,51.01,Ariana
Female,1,Yes,No,8,Yes,Yes,Fiber optic,No,No,No,No,Yes,Month-to-month,Yes,Electronic check,84.0,613.4,Yes,10,4,28.76,Kairouan
Male,1,Yes,Yes,34,Yes,Yes,Fiber optic,No,Yes,Yes,Yes,Yes,Month-to-month,Yes,Electronic check,108.9,3625.2,No,2,7,69.15,Ben Arous
Male,0,No,No,18,No,No phone service,DSL,Yes,No,Yes,No,No,Month-to-month,No,Mailed check,33.6,550.35,No,2,8,55.63,Gabès
Male,0,Yes,Yes,56,Yes,No,Fiber optic,No,Yes,Yes,No,No,One year,Yes,Mailed check,85.85,4793.8,No,3,29,112.75,Monastir
Female,0,No,No,36,No,No phone service,DSL,No,Yes,No,No,No,Month-to-month,Yes,Bank transfer (automatic),34.85,1267.2,No,1,17,53.22,Kef
Female,0,Yes,No,9,No,No phone service,DSL,No,No,Yes,Yes,Yes,Month-to-month,Yes,Electronic check,48.75,442.2,Yes,4,2,20.56,Sfax
Male,0,No,No,1,Yes,No,Fiber optic,No,No,Yes,Yes,No,Month-to-month,Yes,Electronic check,84.85,84.85,Yes,9,0,35.83,Sfax
Male,0,No,No,12,Yes,No,DSL,Yes,No,No,No,No,Month-to-month,No,Mailed check,56.65,654.85,Yes,9,1,21.81,Bizerte
Female,1,Yes,Yes,57,Yes,No,Fiber optic,No,Yes,Yes,Yes,No,Month-to-month,Yes,Credit card (automatic),95.3,5567.45,No,2,25,42.13,Mahdia
Female,0,No,No,42,Yes,No,DSL,Yes,Yes,Yes,No,Yes,One year,No,Credit card (automatic),73.9,3160.55,Yes,7,3,10.81,Tunis
Female,0,Yes,Yes,33,Yes,Yes,No,No internet service,No internet service,No internet service,No internet service,No internet service,Two year,Yes,Mailed check,24.5,740.3,Yes,8,1,43.46,Tunis
Male,0,Yes,No,70,Yes,No,Fiber optic,Yes,Yes,No,No,No,Two year,No,Bank transfer (automatic),84.6,5706.2,No,0,18,95.29,Sfax
Female,0,No,No,68,No,No phone service,DSL,No,Yes,No,No,Yes,Month-to-month,No,Electronic check,44.95,3085.35,No,0,14,16.59,Tunis
Male,0,No,Yes,1,No,No phone service,DSL,No,No,No,No,No,Month-to-month,Yes,Electronic check,24.7,24.7,No,1,18,53.71,Sousse
Female,0,No,No,37,Yes,Yes,Fiber optic,No,No,No,Yes,Yes,Month-to-month,No,Credit card (automatic),100.3,3541.4,No,0,10,33.46,Sfax
Female,0,No,Yes,4,Yes,Yes,No,No internet service,No internet service,No internet service,No internet service,No internet service,Month-to-month,Yes,Mailed check,25.45,84.2,No,3,22,89.96,Gafsa
Male,0,No,No,1,Yes,No,DSL,Yes,No,No,No,No,Month-to-month,Yes,Mailed check,50.7,50.7,No,0,13,105.0,Kairouan
Male,0,No,No,20,No,No phone service,DSL,Yes,Yes,Yes,Yes,No,Month-to-month,Yes,Credit card (automatic),55.0,1165.55,No,2,11,125.55,Ariana
Male,0,Yes,Yes,72,Yes,No,DSL,Yes,Yes,No,Yes,No,Two year,No,Bank transfer (automatic),68.4,4855.35,No,3,14,42.35,Ariana
Female,0,No,No,31,Yes,Yes,Fiber optic,No,No,Yes,No,Yes,Month-to-month,Yes,Electronic check,89.9,2806.9,Yes,7,0,21.02,Kasserine
Male,1,Yes,No,18,Yes,No,Fiber optic,No,No,No,No,Yes,Month-to-month,No,Electronic check,78.55,1422.65,Yes,5,0,6.72,Siliana
Male,0,Yes,No,11,Yes,No,DSL,No,No,No,Yes,No,Month-to-month,Yes,Bank transfer (automatic),55.05,608.15,No,0,30,89.45,Sousse
Female,0,Yes,Yes,33,Yes,No,No,No internet service,No internet service,No internet service,No internet service,No internet service,Two year,No,Credit card (automatic),19.8,641.35,No,0,30,110.54,Mahdia
Female,1,No,No,62,Yes,Yes,Fiber optic,No,No,No,Yes,No,One year,No,Electronic check,84.45,4959.15,No,2,14,137.93,Siliana
Female,0,No,No,1,No,No phone service,DSL,No,No,Yes,No,No,Month-to-month,No,Mailed check,35.9,35.9,No,4,26,65.55,Ben Arous
Male,0,Yes,No,16,Yes,No,Fiber optic,Yes,Yes,No,No,No,Month-to-month,No,Bank transfer (automatic),80.75,1321.3,No,4,9,87.83,Gabès
Male,0,Yes,Yes,22,Yes,Yes,DSL,No,No,Yes,Yes,Yes,One year,Yes,Mailed check,78.65,1663.75,No,3,8,29.84,Kairouan
Female,0,Yes,Yes,49,Yes,No,DSL,Yes,No,Yes,No,No,Month-to-month,No,Bank transfer (automatic),61.75,3024.15,No,1,29,63.67,Ariana
Male,0,Yes,Yes,36,Yes,No,DSL,Yes,No,Yes,No,Yes,One year,Yes,Credit card (automatic),63.7,2188.5,No,1,26,91.28,Sousse
Male,0,Yes,No,42,Yes,Yes,Fiber optic,No,Yes,Yes,No,Yes,Month-to-month,Yes,Electronic check,99.45,4138.05,Yes,7,2,12.53,Mahdia
Male,1,No,No,4,No,No phone service,DSL,No,No,No,No,No,Month-to-month,Yes,Bank transfer (automatic),25.2,102.5,Yes,5,4,28.39,Tunis
Female,0,No,No,12,Yes,Yes,DSL,No,No,No,Yes,Yes,One year,No,Mailed check,74.05,872.65,Yes,6,1,47.53,Kef
Female,0,No,No,31,Yes,No,Fiber optic,Yes,No,Yes,No,No,Month-to-month,No,Electronic check,87.6,2724.25,No,3,17,86.26,Sfax
Male,0,Yes,No,5,Yes,Yes,Fiber optic,Yes,No,No,No,Yes,Month-to-month,Yes,Electronic check,89.15,413.25,No,0,27,94.85,Kairouan
Male,0,Yes,Yes,66,Yes,No,No,No internet service,No internet service,No internet service,No internet service,No internet service,Two year,No,Credit card (automatic),20.0,1374.2,No,2,16,19.95,Tataouine
Female,1,No,No,15,Yes,Yes,DSL,No,No,No,No,No,Month-to-month,No,Credit card (automatic),55.0,757.1,Yes,10,2,42.38,Bizerte
Male,0,No,No,64,Yes,Yes,Fiber optic,No,Yes,Yes,Yes,Yes,Two year,Yes,Bank transfer (automatic),104.4,6692.65,No,3,6,105.26,Sfax
Male,0,Yes,Yes,10,Yes,No,No,No internet service,No internet service,No internet service,No internet service,No internet service,Month-to-month,Yes,Credit card (automatic),20.05,218.5,No,2,17,132.17,Tunis
Male,0,Yes,Yes,7,Yes,No,Fiber optic,No,Yes,No,Yes,No,Month-to-month,Yes,Electronic check,89.75,608.8,Yes,7,0,6.96,Tozeur
Male,0,No,No,29,No,No phone service,DSL,No,Yes,No,No,No,Month-to-month,No,Electronic check,34.3,1004.75,No,1,5,101.23,Sousse
Male,0,No,No,57,Yes,No,No,No internet service,No internet service,No internet service,No internet service,No internet service,Two year,No,Bank transfer (automatic),20.65,1125.6,No,1,24,55.25,Kairouan
Female,0,No,No,46,Yes,Yes,Fiber optic,Yes,Yes,No,No,No,Month-to-month,No,Mailed check,84.25,3847.6,No,4,7,133.86,Kebili
Male,0,No,No,53,Yes,No,No,No internet service,No internet service,No internet service,No internet service,No internet service,Two year,No,Bank transfer (automatic),19.65,978.0,No,3,10,46.09,Ben Arous
Female,0,No,No,17,Yes,No,DSL,Yes,Yes,No,Yes,Yes,One year,No,Credit card (automatic),79.85,1387.35,No,1,30,95.71,Kebili
Female,0,Yes,Yes,38,Yes,No,No,No internet service,No internet service,No internet service,No internet service,No internet service,Two year,Yes,Mailed check,20.2,746.05,No,1,25,13.63,Gafsa
Male,0,No,No,15,Yes,No,No,No internet service,No internet service,No internet service,No internet service,No internet service,One year,No,Mailed check,19.8,304.6,No,2,19,36.81,Kef
Female,0,No,No,22,No,No phone service,DSL,No,Yes,No,Yes,Yes,Month-to-month,Yes,Electronic check,50.35,1098.85,No,2,6,134.42,Tunis
Male,0,Yes,No,14,Yes,Yes,Fiber optic,No,No,No,No,Yes,Month-to-month,Yes,Electronic check,85.15,1139.2,Yes,6,1,49.42,Monastir
Female,0,Yes,No,57,Yes,Yes,DSL,No,Yes,Yes,Yes,No,One year,No,Bank transfer (automatic),74.6,4368.95,No,0,15,119.72,Manouba
Male,1,No,No,11,Yes,No,Fiber optic,No,No,No,No,Yes,Month-to-month,Yes,Credit card (automatic),79.15,827.7,No,0,8,46.98,Bizerte
Female,0,Yes,Yes,1,Yes,No,No,No internet service,No internet service,No internet service,No internet service,No internet service,Two year,No,Mailed check,20.35,20.35,No,0,14,119.34,Sfax
Male,0,Yes,Yes,12,Yes,No,No,No internet service,No internet service,No internet service,No internet service,No internet service,Two year,No,Bank transfer (automatic),21.05,262.05,No,1,9,108.09,Sfax
Male,1,Yes,No,3,Yes,Yes,Fiber optic,No,No,No,Yes,Yes,Month-to-month,Yes,Electronic check,94.6,279.55,Yes,8,0,7.87,Tunis
Male,0,No,Yes,36,Yes,No,Fiber optic,No,Yes,No,Yes,Yes,Month-to-month,Yes,Electronic check,94.7,3512.5,No,1,23,24.11,Jendouba
Male,0,No,No,16,Yes,No,Fiber optic,Yes,No,No,Yes,Yes,Month-to-month,Yes,Electronic check,94.25,1483.25,Yes,7,3,23.99,Tunis
Male,0,Yes,Yes,65,Yes,Yes,DSL,Yes,Yes,Yes,No,Yes,One year,No,Credit card (automatic),72.45,4653.85,Yes,5,3,34.62,Tozeur
Male,0,No,No,2,Yes,No,Fiber optic,No,Yes,No,No,No,Month-to-month,No,Electronic check,74.95,151.75,No,4,10,34.48,Sfax
Female,0,No,No,42,Yes,Yes,Fiber optic,Yes,No,Yes,Yes,Yes,Month-to-month,Yes,Electronic check,105.2,4400.75,Yes,9,3,42.53,Monastir
Male,0,Yes,Yes,72,Yes,No,Fiber optic,Yes,Yes,Yes,Yes,Yes,Two year,No,Bank transfer (automatic),111.95,8033.1,No,4,24,86.16,Ariana
Male,0,No,No,62,Yes,No,No,No internet service,No internet service,No internet service,No internet service,No internet service,Two year,No,Bank transfer (automatic),19.85,1253.65,No,1,23,37.74,Ben Arous
Female,0,No,No,6,Yes,Yes,Fiber optic,No,Yes,No,Yes,No,Month-to-month,Yes,Electronic check,89.75,552.65,No,3,30,14.44,Tunis
Male,0,Yes,No,48,Yes,No,No,No internet service,No internet service,No internet service,No internet service,No internet service,Two year,Yes,Mailed check,20.05,1036.0,No,1,8,49.33,Sfax
Male,0,No,No,35,Yes,Yes,Fiber optic,Yes,No,Yes,Yes,Yes,Two year,Yes,Electronic check,108.95,4025.5,No,1,6,73.91,Bizerte
Male,0,No,Yes,52,Yes,No,No,No internet service,No internet service,No internet service,No internet service,No internet service,One year,No,Credit card (automatic),19.65,928.4,No,2,27,45.54,Monastir
Female,0,No,No,1,No,No phone service,DSL,No,No,No,No,No,Month-to-month,Yes,Mailed check,24.9,24.9,No,0,27,128.48,Kairouan
Male,0,Yes,No,6,Yes,Yes,Fiber optic,No,No,No,Yes,No,Month-to-month,Yes,Electronic check,82.85,460.25,Yes,8,4,6.03,Jendouba
Female,0,Yes,No,71,Yes,Yes,DSL,Yes,Yes,Yes,Yes,Yes,Two year,No,Credit card (automatic),93.2,6506.15,No,1,8,115.72,Jendouba
Female,0,Yes,Yes,67,Yes,No,Fiber optic,Yes,Yes,Yes,No,No,One year,No,Bank transfer (automatic),84.8,5598.3,No,2,5,77.63,Sfax
Male,1,No,No,60,Yes,Yes,DSL,Yes,Yes,No,No,Yes,One year,Yes,Electronic check,71.75,4374.55,No,2,25,22.32,Médiénine
Male,0,Yes,Yes,23,No,No phone service,DSL,No,No,No,No,No,Month-to-month,Yes,Bank transfer (automatic),30.35,678.75,No,0,29,134.62,Sfax
Male,0,No,Yes,39,No,No phone service,DSL,No,No,Yes,Yes,Yes,One year,No,Bank transfer (automatic),54.85,2191.7,No,2,13,41.45,Ariana
Male,0,Yes,Yes,15,Yes,No,No,No internet service,No internet service,No internet service,No internet service,No internet service,One year,Yes,Mailed check,19.5,239.75,No,0,10,100.35,Ben Arous
Male,1,Yes,No,53,Yes,Yes,Fiber optic,No,Yes,Yes,Yes,Yes,Month-to-month,Yes,Electronic check,103.85,5485.5,Yes,6,1,18.3,Tunis
Male,0,Yes,Yes,24,Yes,Yes,No,No internet service,No internet service,No internet service,No internet service,No internet service,Two year,No,Mailed check,24.2,609.05,No,1,11,81.77,Tunis
Female,0,Yes,Yes,37,Yes,No,No,No internet service,No internet service,No internet service,No internet service,No internet service,Month-to-month,No,Electronic check,19.35,683.75,No,4,16,27.98,Kairouan
Female,0,Yes,Yes,5,Yes,No,Fiber optic,No,Yes,No,No,Yes,Month-to-month,Yes,Electronic check,83.6,404.2,Yes,6,0,4.63,Kasserine
Female,1,Yes,No,50,Yes,Yes,Fiber optic,No,No,No,Yes,Yes,One year,Yes,Electronic check,100.65,5189.75,No,1,22,122.97,Gafsa
Female,0,No,No,54,Yes,No,Fiber optic,No,No,Yes,Yes,Yes,One year,Yes,Credit card (automatic),94.1,5060.9,No,3,10,44.32,Kairouan
Female,0,No,No,3,Yes,No,Fiber optic,Yes,No,No,No,No,Month-to-month,Yes,Electronic check,74.55,233.65,No,4,12,138.57,Kairouan
Male,0,No,No,68,Yes,Yes,Fiber optic,No,Yes,Yes,Yes,Yes,One year,No,Electronic check,108.45,7176.55,Yes,5,2,46.57,Ariana
Male,0,No,No,5,Yes,No,DSL,No,No,Yes,No,No,Month-to-month,No,Electronic check,56.15,291.45,No,0,14,10.44,Sfax
Male,0,No,No,33,Yes,No,No,No internet service,No internet service,No internet service,No internet service,No internet service,Two year,No,Mailed check,20.35,689.75,No,4,11,70.21,Jendouba
Female,0,No,No,41,Yes,Yes,DSL,No,Yes,Yes,Yes,Yes,One year,Yes,Electronic check,80.55,3263.9,No,0,18,109.79,Kairouan
Female,0,Yes,Yes,34,No,No phone service,DSL,Yes,No,Yes,Yes,Yes,One year,No,Mailed check,61.25,1993.2,No,3,23,76.7,Ariana
Female,0,Yes,Yes,13,Yes,No,No,No internet service,No internet service,No internet service,No internet service,No internet service,Month-to-month,Yes,Mailed check,20.45,254.5,No,4,15,101.88,Nabeul
Female,0,No,No,20,Yes,No,No,No internet service,No internet service,No internet service,No internet service,No internet service,Month-to-month,Yes,Credit card (automatic),18.9,347.65,No,2,23,43.25,Sousse
Female,1,No,No,51,Yes,No,No,No internet service,No internet service,No internet service,No internet service,No internet service,Two year,No,Credit card (automatic),19.6,967.9,No,0,21,35.8,Siliana
Female,0,Yes,No,3,Yes,Yes,Fiber optic,No,Yes,No,No,Yes,Month-to-month,Yes,Credit card (automatic),91.5,242.95,Yes,6,1,34.17,Kairouan
Female,0,No,Yes,41,Yes,No,DSL,No,No,No,No,No,Month-to-month,No,Bank transfer (automatic),45.2,1841.9,No,2,10,76.28,Ben Arous
Female,0,No,No,13,Yes,No,No,No internet service,No internet service,No internet service,No internet service,No internet service,Month-to-month,No,Credit card (automatic),19.45,232.1,No,3,23,36.18,Manouba
Male,0,Yes,Yes,35,Yes,Yes,No,No internet service,No internet service,No internet service,No internet service,No internet service,Two year,No,Bank transfer (automatic),25.45,809.25,No,1,21,18.71,Tataouine
Male,0,Yes,No,12,Yes,No,Fiber optic,Yes,No,No,No,No,Month-to-month,No,Bank transfer (automatic),80.85,866.45,Yes,10,1,20.91,Sousse
Male,0,No,No,4,Yes,No,Fiber optic,Yes,Yes,No,No,Yes,Month-to-month,Yes,Mailed check,94.9,360.55,No,1,28,136.49,Tunis
Female,0,No,No,43,No,No phone service,DSL,No,No,Yes,Yes,Yes,Month-to-month,Yes,Bank transfer (automatic),49.05,2076.2,Yes,6,0,39.82,Sousse
Female,1,Yes,Yes,12,No,No phone service,DSL,No,No,No,No,No,Month-to-month,Yes,Mailed check,29.3,355.9,No,4,11,50.95,Sousse
Male,1,Yes,No,68,Yes,Yes,Fiber optic,No,Yes,Yes,Yes,Yes,Month-to-month,Yes,Electronic check,105.3,7299.65,Yes,8,1,28.73,Gafsa
Male,1,No,No,25,Yes,Yes,Fiber optic,No,Yes,No,Yes,No,Month-to-month,Yes,Electronic check,88.95,2291.2,Yes,9,5,21.48,Nabeul
Female,0,No,No,7,Yes,No,No,No internet service,No internet service,No internet service,No internet service,No internet service,One year,No,Mailed check,20.25,129.15,No,1,6,52.76,Bizerte
Male,1,Yes,No,66,Yes,Yes,Fiber optic,No,Yes,Yes,Yes,Yes,One year,Yes,Electronic check,110.85,7491.75,Yes,5,5,22.98,Tozeur
Female,0,Yes,No,53,Yes,No,Fiber optic,Yes,Yes,Yes,Yes,Yes,One year,No,Electronic check,110.5,5835.5,No,2,11,84.53,Tunis
Male,1,No,No,63,Yes,Yes,Fiber optic,Yes,Yes,Yes,Yes,Yes,Month-to-month,Yes,Bank transfer (automatic),109.4,7031.45,No,2,15,130.38,Sfax
Female,0,Yes,Yes,70,Yes,Yes,Fiber optic,Yes,Yes,Yes,Yes,Yes,Two year,Yes,Bank transfer (automatic),114.2,7723.9,Yes,7,0,39.38,Gabès
Male,1,Yes,No,27,No,No phone service,DSL,No,No,No,No,Yes,Month-to-month,No,Bank transfer (automatic),36.5,1032.0,Yes,6,1,32.57,Nabeul
Female,0,No,No,1,Yes,No,Fiber optic,No,No,No,No,No,Month-to-month,No,Mailed check,70.75,70.75,Yes,9,0,40.6,Jendouba
Female,0,No,No,5,Yes,No,No,No internet service,No internet service,No internet service,No internet service,No internet service,Month-to-month,No,Mailed check,19.95,109.6,No,1,13,114.16,Tunis
Female,1,Yes,No,37,Yes,No,No,No internet service,No internet service,No internet service,No internet service,No internet service,One year,No,Mailed check,19.6,727.8,No,3,17,54.33,Kairouan
Male,0,No,No,3,No,No phone service,DSL,No,No,Yes,Yes,No,Month-to-month,Yes,Mailed check,40.15,130.75,Yes,8,3,22.13,Kef
Female,0,No,Yes,12,Yes,Yes,Fiber optic,No,No,No,No,No,Month-to-month,Yes,Electronic check,76.6,893.0,No,4,24,112.56,Kairouan
Female,0,Yes,Yes,38,Yes,No,No,No internet service,No internet service,No internet service,No internet service,No internet service,One year,No,Credit card (automatic),19.6,763.1,No,4,19,88.54,Sousse
Female,0,No,No,9,Yes,No,Fiber optic,No,No,Yes,No,Yes,Month-to-month,Yes,Credit card (automatic),85.3,781.4,No,2,7,33.2,Tozeur
Male,0,Yes,No,13,Yes,Yes,DSL,Yes,No,No,No,Yes,Month-to-month,Yes,Electronic check,65.85,902.25,No,0,7,27.99,Manouba
Male,1,Yes,No,29,Yes,Yes,Fiber optic,No,No,No,Yes,Yes,Month-to-month,Yes,Electronic check,94.45,2653.65,Yes,4,1,45.94,Monastir
Female,0,Yes,Yes,47,Yes,No,No,No internet service,No internet service,No internet service,No internet service,No internet service,Two year,No,Credit card (automatic),20.05,1016.7,No,3,7,114.45,Bizerte
Male,0,Yes,No,61,Yes,Yes,Fiber optic,Yes,No,Yes,Yes,No,Month-to-month,No,Bank transfer (automatic),99.4,5943.65,No,3,6,35.18,Tataouine
Male,0,No,No,16,Yes,No,No,No internet service,No internet service,No internet service,No internet service,No internet service,Month-to-month,No,Mailed check,20.0,275.7,No,2,27,62.83,Kasserine
Female,0,Yes,Yes,41,Yes,No,DSL,Yes,Yes,No,Yes,Yes,Two year,No,Electronic check,78.45,3126.45,No,1,11,104.57,Zaghouan
Female,0,No,Yes,43,Yes,Yes,No,No internet service,No internet service,No internet service,No internet service,No internet service,Two year,Yes,Electronic check,25.1,1070.15,No,2,23,91.66,Tunis
Female,0,Yes,Yes,36,Yes,Yes,Fiber optic,No,Yes,Yes,Yes,No,Month-to-month,Yes,Bank transfer (automatic),97.35,3457.9,Yes,7,4,8.86,Gafsa
Female,0,No,No,6,Yes,No,DSL,No,No,No,No,Yes,Month-to-month,Yes,Electronic check,55.0,340.4,No,4,16,18.72,Tunis
Female,0,No,No,58,Yes,Yes,DSL,Yes,Yes,Yes,No,No,One year,Yes,Credit card (automatic),71.1,4299.2,No,3,28,57.96,Sfax
Male,0,No,No,19,Yes,No,DSL,No,No,No,Yes,No,Month-to-month,Yes,Credit card (automatic),61.55,1093.2,No,4,27,49.52,Sfax
Male,0,Yes,No,11,Yes,No,DSL,No,No,No,No,No,Month-to-month,Yes,Bank transfer (automatic),45.9,521.9,No,2,30,135.55,Sidi Bouzid
Female,0,No,No,39,No,No phone service,DSL,Yes,Yes,No,No,No,One year,Yes,Bank transfer (automatic),40.3,1630.4,No,4,5,78.09,Bizerte
Female,1,No,No,8,Yes,No,Fiber optic,No,Yes,No,Yes,No,Month-to-month,Yes,Electronic check,87.1,713.6,No,2,18,131.84,Sfax
Female,0,No,Yes,26,Yes,Yes,DSL,No,No,No,No,No,Month-to-month,Yes,Mailed check,49.5,1265.65,No,1,16,73.13,Monastir
Female,1,No,No,53,Yes,No,Fiber optic,No,Yes,No,No,No,Month-to-month,Yes,Credit card (automatic),73.8,4003.85,No,0,14,98.71,Kairouan
Female,0,Yes,Yes,70,Yes,No,No,No internet service,No internet service,No internet service,No internet service,No internet service,Two year,Yes,Mailed check,19.2,1401.4,No,3,20,29.35,Gabès
Male,0,No,No,1,No,No phone service,DSL,No,No,No,Yes,Yes,Month-to-month,Yes,Mailed check,45.3,45.3,Yes,8,3,44.4,Gabès
Male,0,No,No,59,Yes,Yes,No,No internet service,No internet service,No internet service,No internet service,No internet service,Two year,No,Mailed check,25.0,1510.5,No,2,11,54.0,Kairouan
Male,0,No,No,2,Yes,No,Fiber optic,No,No,Yes,Yes,Yes,Month-to-month,No,Electronic check,94.95,178.1,Yes,4,4,27.52,Jendouba
Male,0,No,No,7,No,No phone service,DSL,Yes,No,Yes,No,No,One year,No,Mailed check,35.3,264.8,No,1,25,69.86,Sfax
Female,0,No,Yes,12,Yes,No,DSL,No,No,No,No,No,Month-to-month,Yes,Electronic check,44.55,480.6,Yes,5,2,30.16,Tunis
Male,0,Yes,Yes,59,Yes,No,DSL,No,Yes,Yes,Yes,Yes,One year,No,Credit card (automatic),76.75,4541.9,No,3,7,73.95,Kairouan
Male,0,Yes,Yes,61,Yes,Yes,DSL,No,No,Yes,Yes,Yes,Two year,Yes,Bank transfer (automatic),81.0,4976.15,No,4,17,140.73,Ariana
Male,0,Yes,Yes,72,Yes,Yes,Fiber optic,Yes,No,Yes,Yes,Yes,Two year,Yes,Bank transfer (automatic),105.55,7542.25,No,2,28,141.01,Sidi Bouzid
Female,0,Yes,Yes,13,Yes,No,No,No internet service,No internet service,No internet service,No internet service,No internet service,Month-to-month,No,Mailed check,18.8,251.25,No,3,12,118.41,Nabeul
Female,0,Yes,Yes,64,Yes,Yes,No,No internet service,No internet service,No internet service,No internet service,No internet service,One year,No,Mailed check,24.9,1595.5,No,4,28,73.85,Kairouan
Male,0,Yes,No,1,No,No phone service,DSL,No,No,No,No,No,Month-to-month,Yes,Electronic check,23.45,23.45,Yes,9,3,23.3,Ben Arous
Female,0,No,No,10,Yes,No,DSL,No,Yes,No,No,Yes,One year,No,Mailed check,64.9,685.55,No,2,28,42.01,Sousse
Female,0,Yes,Yes,65,Yes,No,DSL,Yes,Yes,Yes,No,No,One year,No,Bank transfer (automatic),61.35,3874.1,No,0,27,140.52,Tunis
Female,0,Yes,No,62,Yes,Yes,Fiber optic,Yes,Yes,Yes,Yes,Yes,Two year,No,Mailed check,113.95,6891.4,No,2,22,63.95,Tunis
Female,0,Yes,No,55,Yes,Yes,DSL,Yes,Yes,Yes,Yes,Yes,One year,Yes,Electronic check,90.15,4916.95,No,4,28,147.51,Sfax
Female,0,Yes,No,25,Yes,Yes,DSL,No,Yes,No,No,No,Month-to-month,No,Electronic check,54.1,1373.0,No,3,26,104.35,Bizerte
Male,0,No,No,1,No,No phone service,DSL,Yes,No,No,No,No,Month-to-month,No,Mailed check,29.7,29.7,Yes,7,0,39.09,Zaghouan
Male,0,No,No,1,Yes,No,DSL,Yes,No,No,No,No,Month-to-month,Yes,Credit card (automatic),49.8,49.8,No,0,23,87.86,Sousse
Female,0,Yes,No,59,Yes,Yes,Fiber optic,No,Yes,No,Yes,Yes,Month-to-month,No,Electronic check,101.1,6039.9,Yes,9,2,42.24,Monastir
Male,1,Yes,Yes,64,Yes,Yes,No,No internet service,No internet service,No internet service,No internet service,No internet service,Two year,Yes,Bank transfer (automatic),24.4,1548.65,No,0,7,116.54,Monastir
Male,0,Yes,No,36,Yes,Yes,Fiber optic,No,No,No,Yes,Yes,Month-to-month,Yes,Bank transfer (automatic),95.0,3440.25,No,1,23,118.59,Tunis
Female,0,No,No,3,Yes,Yes,DSL,No,No,No,No,No,Month-to-month,Yes,Mailed check,50.65,151.3,Yes,9,0,20.76,Sousse
Male,0,Yes,No,61,Yes,Yes,DSL,Yes,No,Yes,No,Yes,Two year,Yes,Mailed check,69.9,4226.7,No,3,15,92.11,Kairouan
Male,0,No,Yes,26,No,No phone service,DSL,No,Yes,No,Yes,No,One year,Yes,Bank transfer (automatic),39.95,1023.75,No,4,17,85.84,Tunis
Female,0,No,No,1,Yes,No,DSL,No,No,No,No,Yes,Month-to-month,Yes,Electronic check,55.4,55.4,Yes,5,4,21.06,Kairouan
Female,1,Yes,No,1,Yes,Yes,Fiber optic,No,Yes,No,Yes,No,Month-to-month,Yes,Electronic check,90.6,90.6,Yes,5,1,7.09,Gabès
Male,0,Yes,Yes,68,Yes,No,Fiber optic,Yes,Yes,Yes,Yes,Yes,Two year,Yes,Credit card (automatic),103.25,7074.4,No,3,10,88.38,Kairouan
Male,1,Yes,No,2,Yes,Yes,Fiber optic,No,No,No,Yes,No,Month-to-month,Yes,Mailed check,86.85,156.35,Yes,4,4,44.65,Kairouan
Female,0,Yes,No,72,Yes,Yes,Fiber optic,Yes,Yes,Yes,No,No,Two year,Yes,Bank transfer (automatic),94.25,6849.75,No,3,26,16.82,Gafsa
Female,0,Yes,No,71,No,No phone service,DSL,No,No,Yes,No,Yes,Two year,Yes,Electronic check,47.05,3263.6,No,4,7,79.28,Jendouba
Male,0,No,No,57,Yes,No,No,No internet service,No internet service,No internet service,No internet service,No internet service,Two year,No,Credit card (automatic),20.55,1252.85,No,3,16,107.02,Kairouan
Male,0,No,No,4,Yes,No,No,No internet service,No internet service,No internet service,No internet service,No internet service,Month-to-month,Yes,Mailed check,19.65,67.55,No,3,7,84.62,Tunis
Female,1,No,No,1,Yes,No,Fiber optic,No,No,No,No,No,Month-to-month,Yes,Electronic check,70.2,70.2,No,3,10,108.4,Médiénine
Male,0,Yes,Yes,72,Yes,Yes,DSL,Yes,Yes,Yes,No,Yes,Two year,No,Credit card (automatic),81.0,5750.0,No,2,8,126.81,Tunis
Male,0,Yes,Yes,21,Yes,Yes,DSL,Yes,No,No,Yes,Yes,One year,Yes,Bank transfer (automatic),75.9,1549.75,No,1,13,50.1,Tunis
Female,0,Yes,Yes,71,Yes,Yes,No,No internet service,No internet service,No internet service,No internet service,No internet service,Two year,No,Bank transfer (automatic),24.7,1810.55,No,1,7,123.08,Sousse
Female,1,Yes,No,29,Yes,Yes,Fiber optic,No,No,Yes,Yes,Yes,Month-to-month,Yes,Bank transfer (automatic),99.05,2952.85,Yes,8,0,10.15,Tunis
Female,1,No,No,69,Yes,Yes,Fiber optic,Yes,No,Yes,Yes,Yes,Two year,No,Credit card (automatic),110.25,7467.55,No,0,29,101.57,Kasserine
Female,0,Yes,No,64,Yes,Yes,DSL,Yes,No,Yes,Yes,Yes,Two year,Yes,Credit card (automatic),85.0,5484.4,No,4,5,88.46,Nabeul
Male,0,No,No,16,Yes,No,No,No internet service,No internet service,No internet service,No internet service,No internet service,Month-to-month,No,Credit card (automatic),19.75,294.9,No,4,20,76.57,Sousse
Female,0,No,No,4,Yes,Yes,No,No internet service,No internet service,No internet service,No internet service,No internet service,One year,No,Electronic check,23.9,97.5,No,1,16,109.19,Sfax
Female,0,No,No,52,Yes,Yes,Fiber optic,Yes,Yes,No,Yes,Yes,One year,Yes,Credit card (automatic),111.25,5916.45,Yes,8,1,38.94,Bizerte
Male,0,No,No,2,Yes,No,DSL,Yes,No,Yes,No,No,Month-to-month,Yes,Mailed check,55.1,113.35,Yes,5,5,35.12,Mahdia
Male,0,No,No,1,Yes,No,No,No internet service,No internet service,No internet service,No internet service,No internet service,Month-to-month,No,Mailed check,19.95,19.95,No,1,19,31.59,Sousse
Male,0,No,No,18,No,No phone service,DSL,No,No,No,No,No,Month-to-month,No,Mailed check,25.15,476.8,No,0,11,103.74,Gabès
Female,0,No,No,2,Yes,Yes,DSL,No,Yes,No,No,No,Month-to-month,No,Mailed check,54.15,101.65,No,4,15,72.05,Tunis
Female,0,Yes,No,19,Yes,No,DSL,No,Yes,No,No,Yes,Month-to-month,Yes,Mailed check,59.8,1130.85,No,1,25,91.4,Jendouba
Female,0,No,No,40,Yes,Yes,Fiber optic,No,No,No,No,Yes,Month-to-month,No,Bank transfer (automatic),83.85,3532.25,No,3,21,83.27,Kef
Female,1,Yes,Yes,66,Yes,Yes,Fiber optic,No,Yes,Yes,Yes,Yes,One year,Yes,Electronic check,104.9,6891.45,No,4,25,76.85,Monastir
Male,0,No,No,21,Yes,Yes,Fiber optic,No,No,No,No,No,Month-to-month,No,Mailed check,75.3,1570.7,No,0,13,25.13,Ben Arous
Male,0,No,No,8,Yes,No,DSL,No,Yes,No,Yes,No,Month-to-month,Yes,Electronic check,66.65,520.95,No,0,17,49.28,Monastir
Female,0,Yes,Yes,72,Yes,No,Fiber optic,Yes,Yes,Yes,Yes,Yes,Two year,Yes,Credit card (automatic),109.5,7854.9,No,4,20,78.47,Médiénine
Female,0,No,No,48,Yes,Yes,DSL,No,Yes,Yes,Yes,No,One year,Yes,Bank transfer (automatic),73.85,3581.4,No,2,27,113.7,Kairouan
Male,0,No,No,69,Yes,No,No,No internet service,No internet service,No internet service,No internet service,No internet service,Two year,Yes,Bank transfer (automatic),19.3,1447.9,No,3,14,71.8,Mahdia
Male,0,No,No,72,Yes,Yes,Fiber optic,Yes,Yes,Yes,Yes,Yes,Two year,Yes,Electronic check,118.2,8547.15,No,3,20,82.23,Kairouan
Female,0,No,No,14,Yes,No,DSL,No,Yes,No,No,No,One year,No,Credit card (automatic),51.45,727.85,No,4,8,101.4,Sidi Bouzid
Male,0,No,No,6,Yes,No,DSL,No,Yes,No,Yes,No,Month-to-month,No,Electronic check,59.45,357.6,No,3,19,69.83,Tunis
Female,0,Yes,Yes,8,Yes,No,No,No internet service,No internet service,No internet service,No internet service,No internet service,Two year,No,Bank transfer (automatic),19.5,159.35,No,2,22,75.99,Tunis
Female,0,No,No,17,Yes,No,No,No internet service,No internet service,No internet service,No internet service,No internet service,One year,No,Mailed check,19.55,280.85,No,2,9,51.66,Nabeul
Male,0,No,No,65,Yes,Yes,Fiber optic,Yes,No,No,No,Yes,One year,No,Electronic check,93.55,6069.25,No,0,22,36.43,Ariana
Female,0,Yes,Yes,57,Yes,No,DSL,Yes,No,Yes,No,No,One year,Yes,Mailed check,59.3,3274.35,No,2,28,55.31,Monastir
Male,0,Yes,No,13,Yes,Yes,Fiber optic,No,No,Yes,Yes,Yes,Month-to-month,Yes,Credit card (automatic),102.25,1359.0,Yes,10,2,32.3,Sidi Bouzid
Male,1,No,No,19,Yes,No,Fiber optic,No,No,Yes,Yes,Yes,Month-to-month,Yes,Credit card (automatic),95.9,1777.9,Yes,8,4,30.85,Tunis
Female,0,Yes,No,56,Yes,Yes,Fiber optic,Yes,Yes,Yes,Yes,Yes,One year,No,Bank transfer (automatic),109.8,6109.65,No,2,17,71.04,Monastir
Female,0,Yes,No,14,Yes,No,Fiber optic,No,No,No,No,Yes,Month-to-month,Yes,Electronic check,78.1,1122.4,No,1,15,33.73,Béja
Male,0,Yes,No,52,No,No phone service,DSL,Yes,No,No,No,Yes,Month-to-month,Yes,Electronic check,39.9,2020.9,No,3,7,137.78,Béja
Female,0,No,No,58,Yes,No,DSL,Yes,Yes,Yes,No,No,Two year,Yes,Credit card (automatic),64.9,3795.45,No,4,19,146.58,Kebili
Female,1,No,No,47,Yes,Yes,Fiber optic,No,Yes,No,Yes,No,Month-to-month,Yes,Electronic check,95.05,4504.55,Yes,9,0,48.52,Tunis
Female,0,No,No,67,No,No phone service,DSL,No,No,Yes,Yes,Yes,Month-to-month,Yes,Credit card (automatic),53.4,3579.15,No,2,6,85.33,Kef
Male,0,No,No,2,No,No phone service,DSL,No,No,No,No,No,Month-to-month,Yes,Credit card (automatic),24.9,49.7,No,2,15,91.18,Sfax
Male,1,No,No,6,Yes,No,DSL,No,No,No,No,No,Month-to-month,No,Credit card (automatic),44.7,276.5,No,3,16,146.32,Zaghouan
Male,0,Yes,Yes,71,Yes,Yes,Fiber optic,Yes,Yes,Yes,Yes,Yes,Two year,Yes,Bank transfer (automatic),114.0,8175.9,No,1,26,40.2,Ariana
Female,0,Yes,Yes,46,Yes,No,No,No internet service,No internet service,No internet service,No internet service,No internet service,Two year,No,Bank transfer (automatic),20.25,890.35,No,0,25,40.41,Kairouan
Female,0,No,No,5,Yes,No,DSL,Yes,No,No,No,No,Month-to-month,No,Credit card (automatic),53.85,259.8,Yes,5,4,21.26,Tunis
Male,1,Yes,No,67,Yes,Yes,Fiber optic,Yes,Yes,No,No,No,Month-to-month,No,Bank transfer (automatic),83.85,5588.8,No,2,17,128.7,Mahdia
Male,0,No,Yes,3,Yes,No,No,No internet service,No internet service,No internet service,No internet service,No internet service,Month-to-month,No,Bank transfer (automatic),20.2,50.6,No,0,8,113.44,Bizerte
Female,0,No,No,3,Yes,No,No,No internet service,No internet service,No internet service,No internet service,No internet service,Month-to-month,No,Mailed check,19.95,58.0,No,4,27,85.99,Monastir
Male,1,Yes,No,52,Yes,Yes,Fiber optic,Yes,No,Yes,Yes,Yes,Month-to-month,Yes,Electronic check,104.2,5568.35,Yes,4,0,9.47,Kasserine
Female,0,Yes,No,42,Yes,Yes,DSL,No,No,No,No,No,Month-to-month,Yes,Electronic check,50.25,2203.65,Yes,6,4,24.53,Ben Arous
Male,0,Yes,Yes,50,Yes,No,No,No internet service,No internet service,No internet service,No internet service,No internet service,One year,Yes,Mailed check,20.35,938.95,No,0,8,29.39,Tataouine
Male,1,Yes,No,23,Yes,No,Fiber optic,Yes,Yes,No,No,Yes,Month-to-month,Yes,Electronic check,90.0,2024.1,No,0,11,122.2,Mahdia
Female,0,Yes,Yes,67,No,No phone service,DSL,Yes,Yes,Yes,Yes,No,Two year,No,Credit card (automatic),54.2,3623.95,No,1,17,144.97,Tunis
Female,0,No,No,25,Yes,No,Fiber optic,No,Yes,Yes,Yes,Yes,Month-to-month,Yes,Electronic check,99.5,2369.05,Yes,10,5,2.86,Ben Arous
Female,1,Yes,No,39,Yes,No,Fiber optic,Yes,Yes,No,Yes,Yes,One year,No,Mailed check,99.1,3877.95,No,0,18,141.54,Tunis
Female,0,No,No,69,Yes,Yes,DSL,Yes,Yes,No,No,No,Two year,Yes,Mailed check,66.9,4577.9,No,1,24,83.42,Tunis
Female,0,No,No,1,No,No phone service,DSL,No,No,No,No,No,One year,No,Mailed check,25.85,25.85,No,2,29,43.57,Tunis
Male,0,No,No,32,Yes,No,Fiber optic,No,No,No,Yes,Yes,Month-to-month,No,Electronic check,91.05,2871.5,No,0,22,33.15,Ben Arous
Female,0,No,No,9,Yes,No,Fiber optic,No,No,No,No,No,Month-to-month,No,Electronic check,71.0,672.55,Yes,8,1,41.82,Ariana
Female,0,No,No,16,Yes,No,Fiber optic,No,Yes,Yes,No,Yes,Month-to-month,Yes,Credit card (automatic),93.2,1573.7,Yes,6,5,19.68,Monastir
Male,0,Yes,Yes,60,Yes,No,No,No internet service,No internet service,No internet service,No internet service,No internet service,Two year,Yes,Bank transfer (automatic),20.95,1270.55,No,4,16,54.27,Monastir
Female,0,Yes,Yes,72,Yes,Yes,Fiber optic,No,Yes,Yes,Yes,Yes,Two year,Yes,Bank transfer (automatic),109.2,7711.45,No,4,26,122.27,Kairouan
Male,0,Yes,No,5,Yes,No,No,No internet service,No internet service,No internet service,No internet service,No internet service,Month-to-month,No,Mailed check,19.35,126.05,Yes,9,0,28.75,Manouba
Female,1,No,No,26,Yes,No,Fiber optic,Yes,No,No,Yes,No,Month-to-month,Yes,Credit card (automatic),85.8,2193.65,No,3,25,147.0,Ariana
Male,0,No,No,3,Yes,No,No,No internet service,No internet service,No internet service,No internet service,No internet service,Month-to-month,No,Mailed check,19.85,64.55,Yes,7,2,33.68,Gabès
Male,0,No,No,2,Yes,No,No,No internet service,No internet service,No internet service,No internet service,No internet service,Month-to-month,Yes,Electronic check,19.65,31.2,No,0,28,129.19,Médiénine
Female,0,No,Yes,2,Yes,No,No,No internet service,No internet service,No internet service,No internet service,No internet service,One year,No,Bank transfer (automatic),20.5,38.25,No,4,7,23.31,Sfax
Female,0,No,No,36,Yes,Yes,DSL,Yes,No,Yes,Yes,Yes,One year,Yes,Credit card (automatic),89.65,3348.1,No,0,19,22.56,Tataouine
Male,0,No,No,7,Yes,No,Fiber optic,Yes,No,No,No,No,Month-to-month,No,Mailed check,74.35,533.6,No,2,24,78.48,Tunis
Female,1,Yes,No,60,No,No phone service,DSL,No,Yes,No,Yes,Yes,Two year,Yes,Credit card (automatic),49.45,2907.55,No,0,27,19.9,Ariana
Female,0,Yes,No,19,Yes,Yes,Fiber optic,No,Yes,No,No,Yes,Month-to-month,Yes,Electronic check,89.1,1620.8,No,3,19,104.08,Sidi Bouzid
Male,1,Yes,No,45,Yes,Yes,DSL,Yes,No,Yes,No,Yes,Two year,No,Credit card (automatic),75.15,3480.35,No,2,15,63.02,Tunis
Male,1,No,No,4,Yes,No,Fiber optic,No,No,No,No,No,Month-to-month,Yes,Electronic check,70.65,293.85,No,4,30,67.88,Manouba
Female,0,Yes,Yes,31,Yes,Yes,Fiber optic,No,No,Yes,Yes,Yes,Month-to-month,Yes,Electronic check,104.2,3243.45,Yes,8,2,8.19,Gabès
Male,0,Yes,Yes,47,Yes,No,Fiber optic,Yes,No,Yes,No,Yes,Month-to-month,No,Electronic check,90.05,4137.2,No,0,18,101.35,Nabeul
Male,0,No,No,1,Yes,No,Fiber optic,No,No,No,No,Yes,Month-to-month,Yes,Electronic check,79.25,79.25,Yes,4,5,27.92,Nabeul
Female,0,No,No,1,Yes,No,DSL,No,No,No,No,No,Month-to-month,Yes,Bank transfer (automatic),44.9,44.9,Yes,9,2,30.28,Ariana
Female,0,No,No,1,Yes,No,No,No internet service,No internet service,No internet service,No internet service,No internet service,Month-to-month,No,Credit card (automatic),19.4,19.4,No,0,8,147.91,Tunis
Female,1,Yes,Yes,59,Yes,Yes,Fiber optic,No,No,Yes,No,Yes,Month-to-month,Yes,Credit card (automatic),88.75,5348.65,No,4,22,110.04,Mahdia
Male,0,Yes,No,10,Yes,No,Fiber optic,No,No,No,No,No,Month-to-month,Yes,Electronic check,70.1,659.65,Yes,8,0,25.39,Ariana
Male,1,No,No,35,Yes,Yes,Fiber optic,Yes,No,No,No,Yes,Month-to-month,No,Credit card (automatic),91.0,3180.5,No,2,10,20.52,Gafsa
Male,0,No,No,4,No,No phone service,DSL,No,No,Yes,No,No,Month-to-month,Yes,Electronic check,29.65,118.5,Yes,9,5,39.12,Monastir
Male,0,Yes,Yes,32,Yes,No,Fiber optic,Yes,Yes,No,No,Yes,One year,Yes,Electronic check,90.8,3023.85,No,4,7,130.82,Kairouan
Male,0,No,No,43,Yes,Yes,Fiber optic,No,Yes,No,No,No,Month-to-month,Yes,Electronic check,77.85,3365.85,Yes,10,0,15.49,Monastir
Male,0,No,No,4,Yes,No,DSL,No,No,No,No,Yes,Month-to-month,No,Electronic check,54.3,195.3,Yes,8,0,11.07,Sfax
Female,1,Yes,No,54,Yes,No,No,No internet service,No internet service,No internet service,No internet service,No internet service,Two year,Yes,Mailed check,18.95,1031.1,No,4,8,36.18,Mahdia
Female,1,No,No,11,Yes,Yes,Fiber optic,No,No,No,Yes,Yes,Month-to-month,Yes,Bank transfer (automatic),95.15,997.65,Yes,9,4,41.92,Sfax
Female,1,No,No,66,Yes,Yes,Fiber optic,Yes,No,No,Yes,Yes,Two year,Yes,Bank transfer (automatic),102.4,6471.85,No,3,5,16.82,Sfax
Male,0,Yes,Yes,61,Yes,Yes,Fiber optic,No,No,Yes,Yes,Yes,One year,Yes,Electronic check,99.9,6241.35,No,3,24,68.85,Béja
Male,0,Yes,Yes,72,Yes,Yes,DSL,Yes,Yes,Yes,Yes,Yes,Two year,No,Credit card (automatic),88.7,6501.35,No,0,13,95.79,Tozeur
Male,0,Yes,Yes,44,No,No phone service,DSL,No,No,Yes,Yes,Yes,One year,Yes,Electronic check,54.3,2317.1,No,0,6,57.68,Kairouan
Male,0,No,No,41,Yes,Yes,DSL,No,No,Yes,No,No,Month-to-month,Yes,Bank transfer (automatic),55.7,2237.55,No,0,24,48.5,Nabeul
Male,0,Yes,No,50,Yes,Yes,Fiber optic,Yes,No,Yes,Yes,Yes,One year,Yes,Electronic check,103.95,5231.3,No,4,7,15.49,Zaghouan
Male,0,Yes,No,47,Yes,Yes,Fiber optic,Yes,No,Yes,Yes,Yes,One year,Yes,Credit card (automatic),110.85,5275.8,Yes,4,0,10.54,Médiénine
Male,0,Yes,Yes,8,Yes,No,No,No internet service,No internet service,No internet service,No internet service,No internet service,Two year,No,Mailed check,20.15,165.5,No,3,24,124.41,Kasserine
Male,0,No,No,18,Yes,No,No,No internet service,No internet service,No internet service,No internet service,No internet service,Month-to-month,No,Mailed check,20.05,358.5,No,4,19,21.4,Mahdia
Male,0,Yes,Yes,72,Yes,Yes,DSL,Yes,Yes,Yes,Yes,Yes,Two year,Yes,Credit card (automatic),91.95,6614.9,No,1,24,11.93,Manouba
Male,0,No,No,1,Yes,No,Fiber optic,No,No,No,No,Yes,Month-to-month,No,Electronic check,80.5,80.5,Yes,5,0,16.37,Tataouine
Female,1,No,No,42,Yes,Yes,DSL,No,No,Yes,No,No,Month-to-month,No,Electronic check,55.65,2421.75,No,3,14,58.11,Sousse
Female,1,No,No,18,Yes,No,Fiber optic,No,Yes,No,No,No,Month-to-month,Yes,Electronic check,74.7,1294.6,No,1,27,142.67,Bizerte
Female,0,No,Yes,13,Yes,Yes,Fiber optic,No,Yes,Yes,Yes,Yes,One year,Yes,Credit card (automatic),104.15,1299.1,No,2,30,125.59,Ben Arous
Female,0,Yes,Yes,68,Yes,Yes,Fiber optic,No,Yes,No,No,No,One year,Yes,Bank transfer (automatic),83.65,5733.4,No,3,23,38.25,Tunis
Male,0,No,No,4,Yes,Yes,Fiber optic,No,No,No,No,No,Month-to-month,Yes,Bank transfer (automatic),72.2,305.55,Yes,5,4,47.45,Nabeul
Male,0,No,No,69,Yes,Yes,Fiber optic,Yes,Yes,Yes,Yes,Yes,Two year,Yes,Credit card (automatic),110.05,7430.75,No,2,17,131.15,Tunis
Male,0,No,No,17,Yes,No,DSL,No,No,No,No,No,Month-to-month,No,Mailed check,51.5,900.5,Yes,9,0,4.86,Nabeul
Male,0,Yes,Yes,25,Yes,Yes,No,No internet service,No internet service,No internet service,No internet service,No internet service,Two year,No,Credit card (automatic),25.5,630.6,No,4,13,142.43,Tunis
Male,1,No,No,43,Yes,No,Fiber optic,No,No,No,Yes,Yes,Month-to-month,Yes,Mailed check,89.55,3856.75,Yes,9,4,20.61,Sidi Bouzid
Female,0,Yes,Yes,59,Yes,No,No,No internet service,No internet service,No internet service,No internet service,No internet service,Two year,No,Credit card (automatic),19.5,1222.65,No,2,8,36.58,Jendouba
Female,1,No,No,5,Yes,No,Fiber optic,Yes,Yes,No,No,No,Month-to-month,No,Electronic check,80.7,374.8,No,1,14,145.86,Sfax
Male,0,Yes,Yes,21,Yes,Yes,DSL,Yes,Yes,No,Yes,No,One year,No,Mailed check,77.5,1625.0,Yes,10,5,0.64,Ariana
Female,0,Yes,Yes,69,Yes,Yes,Fiber optic,Yes,Yes,Yes,Yes,No,One year,Yes,Credit card (automatic),105.1,7234.8,No,2,13,10.46,Sidi Bouzid
Male,0,No,No,13,No,No phone service,DSL,No,No,No,No,No,Month-to-month,Yes,Bank transfer (automatic),25.15,331.85,No,1,17,130.05,Tunis
Male,0,Yes,No,42,Yes,Yes,Fiber optic,No,Yes,Yes,Yes,No,Month-to-month,Yes,Bank transfer (automatic),95.25,3959.35,Yes,4,2,18.25,Kasserine
Male,0,Yes,No,52,Yes,Yes,Fiber optic,No,Yes,No,No,Yes,Month-to-month,Yes,Credit card (automatic),95.65,5088.4,No,2,17,73.14,Ariana
Male,1,No,No,46,Yes,No,Fiber optic,Yes,No,No,No,Yes,Month-to-month,No,Electronic check,85.0,3969.4,Yes,5,2,6.23,Bizerte
Male,0,Yes,No,61,Yes,Yes,DSL,Yes,Yes,Yes,No,Yes,Two year,Yes,Bank transfer (automatic),80.8,4860.85,No,1,5,122.1,Tozeur
Male,0,No,No,29,No,No phone service,DSL,No,No,No,No,No,One year,Yes,Mailed check,24.85,788.05,No,3,29,45.54,Tunis
Female,0,No,Yes,25,Yes,No,DSL,No,Yes,No,No,No,One year,Yes,Credit card (automatic),54.75,1266.35,No,0,25,75.5,Sidi Bouzid
Female,0,Yes,Yes,5,Yes,No,Fiber optic,No,No,No,Yes,No,Month-to-month,Yes,Electronic check,85.75,470.95,Yes,4,4,2.86,Médiénine
Male,0,No,No,15,No,No phone service,DSL,No,No,Yes,Yes,Yes,One year,No,Electronic check,50.75,688.2,No,3,26,35.23,Tunis
Female,0,Yes,Yes,19,Yes,No,No,No internet service,No internet service,No internet service,No internet service,No internet service,Two year,No,Mailed check,20.15,387.7,No,0,20,42.26,Sfax
Male,0,No,No,44,Yes,No,No,No internet service,No internet service,No internet service,No internet service,No internet service,Two year,No,Mailed check,20.05,845.25,No,1,16,21.79,Ben Arous
Female,1,No,No,6,Yes,Yes,Fiber optic,No,Yes,No,Yes,Yes,Month-to-month,Yes,Electronic check,98.25,560.6,Yes,7,0,9.84,Médiénine
Male,0,Yes,Yes,58,Yes,Yes,DSL,Yes,Yes,Yes,No,No,Two year,No,Credit card (automatic),71.6,4230.25,No,0,5,69.67,Médiénine
Male,0,Yes,Yes,62,Yes,No,Fiber optic,Yes,Yes,No,No,No,One year,Yes,Credit card (automatic),81.45,4983.05,No,2,30,39.74,Sousse
Female,0,Yes,Yes,70,No,No phone service,DSL,No,Yes,Yes,Yes,Yes,One year,Yes,Bank transfer (automatic),58.4,4113.15,No,0,30,90.9,Ben Arous
Female,1,No,No,1,No,No phone service,DSL,No,No,No,No,No,Month-to-month,Yes,Mailed check,25.7,25.7,Yes,4,4,29.91,Kairouan
Male,0,Yes,Yes,10,No,No phone service,DSL,Yes,Yes,Yes,No,Yes,Two year,No,Credit card (automatic),53.7,521.0,No,2,29,89.7,Zaghouan
Male,0,No,No,26,Yes,No,No,No internet service,No internet service,No internet service,No internet service,No internet service,One year,Yes,Bank transfer (automatic),19.6,471.85,No,0,15,38.33,Bizerte
Male,0,No,No,66,Yes,Yes,Fiber optic,No,Yes,No,No,Yes,Month-to-month,No,Credit card (automatic),89.4,5976.9,No,1,18,40.77,Kairouan
Female,0,Yes,Yes,7,Yes,No,Fiber optic,No,No,No,No,No,Month-to-month,Yes,Electronic check,69.0,506.9,Yes,5,2,24.54,Gabès
Male,0,Yes,Yes,51,Yes,Yes,Fiber optic,No,Yes,No,No,No,One year,No,Bank transfer (automatic),84.2,4299.75,No,0,12,103.58,Sfax
Male,0,Yes,Yes,72,Yes,Yes,Fiber optic,Yes,Yes,Yes,Yes,No,Two year,Yes,Credit card (automatic),106.1,7548.6,No,1,30,10.64,Tunis
Male,0,No,No,65,Yes,Yes,No,No internet service,No internet service,No internet service,No internet service,No internet service,Two year,No,Mailed check,25.75,1654.75,No,0,17,98.94,Sidi Bouzid
Male,0,No,No,2,Yes,No,DSL,No,No,No,No,No,Month-to-month,No,Bank transfer (automatic),46.05,80.35,Yes,9,2,20.07,Sousse
Male,0,No,Yes,70,Yes,Yes,DSL,Yes,Yes,No,No,No,One year,No,Bank transfer (automatic),64.95,4551.5,No,0,30,76.24,Monastir
Male,0,Yes,No,72,Yes,Yes,DSL,No,Yes,Yes,Yes,Yes,Two year,Yes,Credit card (automatic),85.45,6227.5,No,0,25,149.19,Bizerte
Female,0,Yes,Yes,1,Yes,No,No,No internet service,No internet service,No internet service,No internet service,No internet service,Month-to-month,No,Mailed check,20.05,20.05,No,0,25,96.22,Bizerte
Female,1,Yes,No,1,Yes,No,Fiber optic,No,Yes,No,No,No,Month-to-month,Yes,Mailed check,76.4,76.4,Yes,5,4,9.35,Sousse
Female,0,No,No,5,Yes,Yes,Fiber optic,No,No,Yes,Yes,Yes,Month-to-month,Yes,Electronic check,100.5,514.0,Yes,6,0,42.02,Kef
Male,0,No,No,3,Yes,No,No,No internet service,No internet service,No internet service,No internet service,No internet service,Month-to-month,No,Mailed check,20.7,57.5,No,3,13,122.51,Sidi Bouzid
Male,0,No,No,58,Yes,Yes,No,No internet service,No internet service,No internet service,No internet service,No internet service,Two year,Yes,Credit card (automatic),25.3,1474.35,No,2,6,131.92,Tunis
Male,1,Yes,Yes,22,No,No phone service,DSL,Yes,No,No,No,Yes,Month-to-month,No,Mailed check,40.05,880.2,Yes,4,1,10.28,Monastir
Male,1,Yes,No,33,Yes,Yes,Fiber optic,No,Yes,No,Yes,Yes,Month-to-month,Yes,Bank transfer (automatic),100.6,3270.25,No,2,25,14.61,Tunis
Male,0,No,No,1,Yes,No,Fiber optic,No,No,No,No,No,Month-to-month,No,Electronic check,69.95,69.95,Yes,7,4,17.89,Jendouba
Male,1,Yes,No,54,Yes,Yes,Fiber optic,No,No,No,No,No,Month-to-month,No,Bank transfer (automatic),74.0,3919.15,No,2,7,19.26,Siliana
Male,0,Yes,No,72,Yes,Yes,Fiber optic,No,Yes,No,Yes,Yes,Two year,Yes,Electronic check,99.4,7285.7,No,2,28,21.96,Tunis
Male,0,No,Yes,1,Yes,Yes,Fiber optic,No,No,No,Yes,Yes,Month-to-month,Yes,Electronic check,93.3,93.3,Yes,7,1,46.54,Gafsa
Male,0,No,No,3,Yes,No,DSL,No,No,Yes,No,No,Month-to-month,Yes,Electronic check,49.15,169.05,Yes,4,0,15.61,Béja
Female,0,Yes,Yes,72,Yes,Yes,Fiber optic,Yes,Yes,Yes,No,Yes,Two year,No,Credit card (automatic),107.45,7658.3,No,3,24,56.28,Tunis
Female,0,Yes,Yes,72,Yes,Yes,DSL,Yes,Yes,Yes,Yes,Yes,Two year,Yes,Credit card (automatic),83.6,5959.3,No,3,27,86.81,Sfax
Male,1,Yes,No,54,Yes,Yes,Fiber optic,No,No,Yes,Yes,Yes,Month-to-month,Yes,Credit card (automatic),99.05,5295.7,No,2,11,84.11,Jendouba
Female,0,Yes,No,59,Yes,Yes,DSL,No,Yes,No,Yes,Yes,One year,Yes,Electronic check,80.1,4693.2,No,3,7,76.31,Médiénine
Male,0,No,No,54,Yes,No,DSL,Yes,Yes,No,Yes,No,Two year,Yes,Bank transfer (automatic),65.3,3512.9,No,4,6,11.0,Monastir
Male,0,No,No,60,Yes,Yes,Fiber optic,No,No,Yes,Yes,No,Two year,Yes,Electronic check,89.55,5231.2,No,4,27,112.32,Ariana
Female,0,Yes,No,60,No,No phone service,DSL,No,Yes,Yes,Yes,Yes,Two year,No,Credit card (automatic),60.8,3603.45,No,2,8,108.77,Tunis
Male,0,No,No,3,Yes,Yes,Fiber optic,No,No,No,No,No,Month-to-month,No,Electronic check,74.5,217.45,No,2,18,63.24,Sousse
Female,0,Yes,No,69,Yes,Yes,Fiber optic,Yes,No,No,Yes,Yes,Two year,No,Bank transfer (automatic),99.15,6875.35,No,3,8,116.09,Tunis
Female,0,Yes,Yes,1,Yes,No,No,No internet service,No internet service,No internet service,No internet service,No internet service,Month-to-month,No,Electronic check,19.25,19.25,No,4,11,137.35,Tunis
Male,0,Yes,Yes,50,No,No phone service,DSL,Yes,No,No,Yes,No,Month-to-month,Yes,Credit card (automatic),39.45,2021.35,No,2,28,57.28,Sousse
Female,0,No,No,56,No,No phone service,DSL,No,No,No,Yes,Yes,Month-to-month,Yes,Credit card (automatic),44.85,2564.95,No,4,7,91.46,Zaghouan
Female,0,Yes,No,60,Yes,No,Fiber optic,Yes,No,No,Yes,Yes,Two year,Yes,Electronic check,97.2,5611.75,No,0,7,28.58,Ariana
Male,1,Yes,No,69,Yes,Yes,Fiber optic,Yes,No,Yes,Yes,Yes,One year,Yes,Mailed check,110.55,7610.1,No,3,6,65.03,Nabeul
Female,0,No,No,1,No,No phone service,DSL,No,No,No,No,Yes,Month-to-month,No,Mailed check,35.05,35.05,Yes,4,0,11.15,Ariana
Female,1,No,No,1,Yes,No,Fiber optic,No,Yes,No,No,No,Month-to-month,Yes,Electronic check,73.0,73.0,Yes,8,1,11.17,Sousse
Female,0,Yes,No,3,Yes,No,No,No internet service,No internet service,No internet service,No internet service,No internet service,Month-to-month,Yes,Mailed check,19.9,45.75,No,3,8,147.2,Mahdia
Male,0,Yes,Yes,60,Yes,No,DSL,No,Yes,No,Yes,Yes,Two year,No,Bank transfer (automatic),76.95,4543.95,No,4,27,109.45,Mahdia
Female,0,No,No,13,No,No phone service,DSL,No,No,Yes,No,No,Two year,No,Mailed check,35.4,450.4,No,1,21,88.61,Ben Arous
Male,0,Yes,Yes,62,Yes,No,No,No internet service,No internet service,No internet service,No internet service,No internet service,Two year,No,Bank transfer (automatic),20.45,1297.35,No,1,20,135.1,Kairouan
Female,0,No,No,45,Yes,Yes,Fiber optic,Yes,Yes,No,No,Yes,One year,No,Bank transfer (automatic),96.75,4442.75,No,2,11,106.25,Tunis
Female,0,No,No,25,No,No phone service,DSL,No,No,Yes,Yes,Yes,One year,No,Electronic check,54.2,1423.15,No,1,27,50.84,Tozeur
Male,0,No,No,44,Yes,No,Fiber optic,No,No,Yes,Yes,Yes,Two year,No,Bank transfer (automatic),100.1,4378.35,No,3,5,111.5,Kairouan
Female,0,No,No,2,Yes,No,DSL,No,No,No,No,No,Month-to-month,Yes,Mailed check,45.25,74.2,No,4,14,94.64,Bizerte
Male,1,No,No,33,Yes,Yes,Fiber optic,No,Yes,Yes,No,No,Month-to-month,Yes,Credit card (automatic),83.85,2716.3,Yes,9,3,33.48,Médiénine
Female,0,No,No,1,Yes,No,Fiber optic,No,No,No,No,No,Month-to-month,Yes,Electronic check,70.1,70.1,Yes,10,4,18.56,Kasserine
Female,0,No,No,22,Yes,No,No,No internet service,No internet service,No internet service,No internet service,No internet service,One year,No,Bank transfer (automatic),20.85,450.65,No,0,6,70.77,Bizerte
Female,0,No,No,35,No,No phone service,DSL,No,No,Yes,No,No,Month-to-month,Yes,Mailed check,33.45,1175.85,No,0,18,139.81,Sousse
Female,0,Yes,Yes,29,Yes,No,No,No internet service,No internet service,No internet service,No internet service,No internet service,Two year,No,Mailed check,20.2,558.8,No,0,14,25.61,Tataouine
Male,1,Yes,No,27,Yes,Yes,Fiber optic,Yes,No,Yes,No,No,One year,Yes,Electronic check,85.9,2220.1,No,0,27,100.18,Gabès
Male,0,No,Yes,54,Yes,No,DSL,No,Yes,Yes,No,No,One year,Yes,Electronic check,61.0,3283.05,No,2,11,39.0,Kairouan
Female,1,No,No,2,Yes,No,Fiber optic,No,No,No,No,No,Month-to-month,Yes,Electronic check,70.65,142.35,Yes,10,3,15.21,Sfax
Male,0,No,No,57,Yes,Yes,Fiber optic,No,No,No,Yes,No,One year,Yes,Electronic check,86.9,4939.25,No,3,15,78.21,Manouba
Male,0,No,No,62,Yes,Yes,DSL,Yes,Yes,Yes,No,No,Two year,No,Bank transfer (automatic),69.4,4237.5,No,2,5,92.73,Sousse
Female,0,Yes,Yes,15,Yes,No,No,No internet service,No internet service,No internet service,No internet service,No internet service,One year,No,Credit card (automatic),20.35,335.95,No,0,26,96.85,Kairouan
Male,0,No,No,2,Yes,No,No,No internet service,No internet service,No internet service,No internet service,No internet service,Month-to-month,No,Mailed check,20.35,33.2,Yes,10,1,25.24,Sousse
Female,0,Yes,No,70,Yes,Yes,Fiber optic,No,No,Yes,Yes,Yes,Two year,Yes,Bank transfer (automatic),104.3,7188.5,No,1,6,36.9,Sidi Bouzid
Female,0,Yes,Yes,21,Yes,No,DSL,No,No,No,No,No,Month-to-month,Yes,Electronic check,44.95,926.25,No,0,22,27.98,Tunis
Female,0,No,Yes,23,Yes,No,DSL,No,No,No,No,No,One year,Yes,Electronic check,49.45,1119.35,No,0,21,32.85,Ariana
Male,0,No,No,6,Yes,No,No,No internet service,No internet service,No internet service,No internet service,No internet service,One year,No,Mailed check,20.6,116.6,No,4,21,25.81,Tunis
Male,0,Yes,Yes,4,Yes,No,No,No internet service,No internet service,No internet service,No internet service,No internet service,Two year,No,Credit card (automatic),19.55,68.8,No,3,29,118.43,Zaghouan
Female,0,No,No,3,Yes,No,Fiber optic,Yes,No,Yes,Yes,Yes,Month-to-month,Yes,Credit card (automatic),99.0,287.4,Yes,7,3,10.1,Gafsa
Female,0,No,No,23,Yes,Yes,Fiber optic,No,No,No,Yes,Yes,Month-to-month,Yes,Electronic check,93.5,2341.55,No,3,5,65.53,Bizerte
Male,0,No,No,26,No,No phone service,DSL,Yes,No,No,Yes,Yes,One year,No,Credit card (automatic),54.55,1362.85,No,3,21,140.86,Tunis
Female,0,No,Yes,8,Yes,No,No,No internet service,No internet service,No internet service,No internet service,No internet service,Month-to-month,No,Mailed check,20.05,163.6,No,1,29,120.28,Monastir
Male,0,No,No,26,Yes,Yes,Fiber optic,No,No,No,No,Yes,Month-to-month,Yes,Electronic check,83.95,2254.2,Yes,5,3,4.39,Sidi Bouzid
Male,0,No,No,2,Yes,Yes,Fiber optic,No,Yes,No,No,No,Month-to-month,Yes,Electronic check,79.45,145.15,No,1,14,87.41,Gabès
Male,0,No,No,67,Yes,Yes,Fiber optic,Yes,Yes,Yes,Yes,Yes,Two year,No,Credit card (automatic),116.2,7752.3,Yes,4,3,27.19,Bizerte
Female,0,Yes,No,71,Yes,Yes,Fiber optic,No,No,No,Yes,Yes,Two year,Yes,Bank transfer (automatic),93.7,6585.35,Yes,10,0,37.08,Bizerte
Female,0,No,No,59,Yes,Yes,DSL,Yes,Yes,Yes,No,Yes,One year,No,Credit card (automatic),79.85,4786.1,No,1,20,141.58,Kairouan
Male,0,Yes,Yes,39,Yes,Yes,Fiber optic,No,No,Yes,Yes,Yes,One year,No,Electronic check,100.0,3835.55,No,4,23,138.75,Sousse
Male,0,No,Yes,21,Yes,No,No,No internet service,No internet service,No internet service,No internet service,No internet service,Two year,No,Mailed check,19.6,397.0,No,3,6,31.95,Kasserine
Male,0,No,No,1,Yes,No,No,No internet service,No internet service,No internet service,No internet service,No internet service,Month-to-month,No,Mailed check,19.7,19.7,Yes,8,5,36.28,Ariana
Female,0,Yes,Yes,48,Yes,No,No,No internet service,No internet service,No internet service,No internet service,No internet service,Two year,No,Bank transfer (automatic),20.2,1027.25,No,1,15,121.02,Bizerte
Female,1,Yes,No,31,No,No phone service,DSL,Yes,Yes,Yes,No,Yes,One year,Yes,Credit card (automatic),50.4,1580.1,No,4,26,15.87,Sousse
Female,0,Yes,Yes,64,Yes,Yes,Fiber optic,Yes,Yes,Yes,Yes,Yes,One year,No,Electronic check,113.35,7222.75,No,0,25,43.63,Bizerte
Male,0,Yes,Yes,46,Yes,Yes,Fiber optic,No,Yes,No,No,No,Month-to-month,Yes,Bank transfer (automatic),80.0,3769.7,No,2,21,90.46,Sousse
Female,0,No,No,52,Yes,Yes,DSL,No,No,Yes,Yes,Yes,Two year,Yes,Bank transfer (automatic),80.95,4233.95,No,2,23,125.51,Sfax
Female,0,Yes,Yes,67,Yes,Yes,No,No internet service,No internet service,No internet service,No internet service,No internet service,Two year,Yes,Mailed check,24.9,1680.25,No,0,16,148.77,Ben Arous
Female,1,No,No,67,Yes,Yes,DSL,No,Yes,No,No,No,Month-to-month,No,Electronic check,54.9,3725.5,No,4,22,92.98,Sidi Bouzid
Female,0,No,No,5,Yes,Yes,Fiber optic,No,No,No,No,No,Month-to-month,No,Electronic check,75.55,413.65,Yes,5,3,27.09,Monastir
Female,0,Yes,No,71,Yes,Yes,Fiber optic,No,Yes,Yes,Yes,Yes,Two year,No,Electronic check,109.25,7707.7,No,4,22,139.35,Sfax
Female,0,No,No,9,Yes,No,Fiber optic,No,No,No,Yes,No,Month-to-month,Yes,Bank transfer (automatic),77.65,714.15,Yes,9,2,11.75,Jendouba
Female,1,No,No,26,Yes,Yes,Fiber optic,Yes,Yes,No,No,Yes,Month-to-month,Yes,Electronic check,95.0,2497.2,Yes,4,4,41.3,Jendouba
Male,0,No,No,71,Yes,Yes,Fiber optic,Yes,Yes,Yes,Yes,Yes,One year,Yes,Bank transfer (automatic),116.3,8309.55,No,4,13,113.48,Médiénine
Female,0,No,No,32,Yes,No,No,No internet service,No internet service,No internet service,No internet service,No internet service,Month-to-month,No,Bank transfer (automatic),19.9,601.55,No,4,15,56.75,Kairouan
Female,0,No,No,2,Yes,No,Fiber optic,No,No,No,No,No,Month-to-month,No,Electronic check,70.35,139.25,No,4,18,74.75,Ben Arous
Female,0,Yes,No,71,Yes,Yes,No,No internet service,No internet service,No internet service,No internet service,No internet service,Two year,No,Credit card (automatic),25.6,1888.25,No,2,18,39.86,Kairouan
Female,0,No,No,60,No,No phone service,DSL,Yes,No,Yes,No,Yes,One year,Yes,Electronic check,44.45,2773.9,No,0,12,123.03,Monastir
Female,1,No,No,55,Yes,Yes,Fiber optic,No,No,Yes,Yes,Yes,One year,Yes,Electronic check,100.15,5409.75,No,1,11,21.02,Ben Arous
Male,0,No,No,54,Yes,No,Fiber optic,Yes,Yes,No,Yes,Yes,One year,Yes,Credit card (automatic),105.4,5643.4,Yes,4,4,32.1,Sousse
Male,0,No,No,2,Yes,No,Fiber optic,No,No,Yes,Yes,Yes,Month-to-month,Yes,Electronic check,95.85,197.7,Yes,7,1,12.41,Mahdia
Female,0,No,No,6,Yes,Yes,Fiber optic,No,No,No,No,No,Month-to-month,Yes,Mailed check,73.85,401.3,No,1,7,68.43,Ben Arous
Female,0,Yes,Yes,48,Yes,No,DSL,Yes,Yes,Yes,No,Yes,Two year,Yes,Credit card (automatic),70.1,3238.4,No,1,26,34.79,Ariana
Male,0,Yes,Yes,63,Yes,Yes,No,No internet service,No internet service,No internet service,No internet service,No internet service,Two year,No,Mailed check,25.25,1573.05,No,0,11,96.27,Kairouan
Male,0,No,No,1,Yes,Yes,Fiber optic,No,Yes,No,No,No,Month-to-month,Yes,Electronic check,79.15,79.15,Yes,5,5,18.39,Médiénine
Male,0,No,Yes,12,Yes,No,No,No internet service,No internet service,No internet service,No internet service,No internet service,Month-to-month,No,Credit card (automatic),21.05,235.8,No,3,9,127.98,Tozeur
Male,1,Yes,No,54,No,No phone service,DSL,No,No,No,No,No,Month-to-month,Yes,Bank transfer (automatic),24.95,1364.75,No,3,5,98.01,Bizerte
Female,0,Yes,Yes,30,Yes,No,DSL,No,No,Yes,Yes,No,One year,Yes,Electronic check,64.5,1985.15,No,0,11,115.34,Gabès
Female,0,Yes,No,30,Yes,No,No,No internet service,No internet service,No internet service,No internet service,No internet service,Month-to-month,No,Bank transfer (automatic),19.65,655.85,Yes,4,3,38.11,Tunis
Female,0,No,No,4,Yes,No,Fiber optic,No,No,No,Yes,No,Month-to-month,Yes,Electronic check,79.0,303.15,Yes,6,4,45.0,Sousse
Female,0,No,No,40,Yes,Yes,Fiber optic,No,No,Yes,Yes,Yes,One year,Yes,Credit card (automatic),105.95,4335.2,No,0,11,15.82,Tunis
Female,0,Yes,Yes,9,Yes,No,Fiber optic,No,No,No,No,No,Month-to-month,Yes,Electronic check,75.85,647.5,No,3,8,90.86,Kairouan
Female,0,Yes,Yes,17,Yes,No,Fiber optic,Yes,No,No,Yes,No,Month-to-month,No,Electronic check,91.85,1574.45,Yes,5,1,26.11,Tunis
Female,0,No,No,62,No,No phone service,DSL,No,Yes,Yes,No,Yes,Two year,Yes,Credit card (automatic),43.6,2748.7,No,4,14,115.77,Tataouine
Male,0,No,No,28,Yes,No,Fiber optic,No,Yes,No,Yes,No,One year,Yes,Bank transfer (automatic),91.25,2483.65,No,4,27,58.05,Tunis
Female,0,No,No,70,Yes,Yes,DSL,Yes,Yes,Yes,Yes,Yes,Two year,No,Credit card (automatic),89.75,6367.2,No,1,26,54.43,Kairouan
Female,0,No,No,46,Yes,No,Fiber optic,No,Yes,Yes,Yes,Yes,Two year,Yes,Bank transfer (automatic),104.4,4904.2,No,4,20,104.36,Tunis
Female,0,Yes,No,23,Yes,Yes,Fiber optic,No,No,Yes,No,Yes,Month-to-month,No,Mailed check,90.15,2044.95,No,4,15,18.02,Sousse
Male,0,Yes,Yes,47,No,No phone service,DSL,Yes,No,Yes,No,No,One year,No,Electronic check,40.3,1794.8,No,3,27,106.35,Ben Arous
Male,0,Yes,Yes,68,Yes,No,Fiber optic,Yes,Yes,Yes,Yes,Yes,Two year,Yes,Bank transfer (automatic),105.25,7173.15,No,2,18,136.69,Manouba
Female,1,No,No,60,Yes,Yes,Fiber optic,No,No,Yes,Yes,Yes,One year,Yes,Electronic check,106.0,6441.4,Yes,9,4,24.77,Sfax
Female,0,No,Yes,67,Yes,Yes,Fiber optic,No,Yes,No,Yes,Yes,Two year,Yes,Electronic check,104.0,7039.05,No,1,21,147.26,Médiénine
Female,0,No,No,14,Yes,No,DSL,No,No,No,Yes,Yes,Month-to-month,Yes,Electronic check,69.65,921.4,No,1,11,66.35,Médiénine
Male,0,Yes,Yes,57,Yes,Yes,Fiber optic,No,No,No,No,No,Month-to-month,Yes,Electronic check,74.3,4018.35,No,3,22,129.85,Jendouba
Female,0,Yes,Yes,55,Yes,Yes,Fiber optic,Yes,No,No,Yes,Yes,One year,No,Mailed check,100.9,5448.6,No,2,22,25.35,Monastir
Male,0,No,No,1,Yes,No,No,No internet service,No internet service,No internet service,No internet service,No internet service,Month-to-month,Yes,Mailed check,20.25,20.25,No,4,29,133.14,Monastir
Male,0,No,Yes,1,Yes,No,DSL,No,No,No,No,No,Month-to-month,Yes,Mailed check,49.9,49.9,Yes,8,0,46.77,Tunis
Male,0,No,No,23,Yes,Yes,Fiber optic,No,No,Yes,Yes,No,Month-to-month,Yes,Credit card (automatic),96.9,2085.45,No,0,24,147.26,Mahdia
Female,0,No,No,13,Yes,Yes,Fiber optic,Yes,No,No,Yes,Yes,Month-to-month,Yes,Electronic check,100.35,1358.85,Yes,10,5,6.89,Tunis
Male,0,Yes,No,47,Yes,Yes,Fiber optic,No,Yes,Yes,Yes,Yes,Month-to-month,Yes,Electronic check,104.1,5135.15,No,4,23,47.76,Siliana
Male,0,No,No,38,Yes,No,No,No internet service,No internet service,No internet service,No internet service,No internet service,One year,No,Mailed check,20.1,730.1,No,1,23,38.29,Kairouan
Female,1,Yes,No,38,Yes,Yes,Fiber optic,No,No,No,No,No,Month-to-month,Yes,Bank transfer (automatic),74.95,2869.85,Yes,5,2,28.18,Ben Arous
Female,1,No,No,2,Yes,Yes,DSL,No,Yes,No,No,No,Month-to-month,Yes,Credit card (automatic),56.55,118.25,No,1,14,32.23,Ariana
Male,1,Yes,Yes,1,Yes,No,DSL,No,No,No,No,No,Month-to-month,Yes,Credit card (automatic),49.25,49.25,Yes,6,4,28.42,Jendouba
Male,0,Yes,No,15,Yes,No,Fiber optic,No,No,No,No,No,Month-to-month,Yes,Bank transfer (automatic),68.6,1108.6,No,3,23,92.14,Ariana
Female,0,No,No,26,Yes,No,Fiber optic,No,No,No,No,No,Month-to-month,Yes,Credit card (automatic),69.05,1815.65,No,2,23,96.28,Tunis
Female,0,Yes,Yes,35,Yes,No,No,No internet service,No internet service,No internet service,No internet service,No internet service,Two year,No,Credit card (automatic),19.7,730.4,No,4,15,46.04,Siliana
Male,0,No,Yes,3,Yes,No,No,No internet service,No internet service,No internet service,No internet service,No internet service,Month-to-month,Yes,Mailed check,20.05,75.45,No,0,16,64.27,Kasserine
Male,0,Yes,Yes,50,Yes,Yes,Fiber optic,No,Yes,No,Yes,Yes,Month-to-month,No,Electronic check,103.7,5071.05,Yes,5,5,36.56,Sousse
Male,0,Yes,No,42,Yes,Yes,Fiber optic,Yes,No,Yes,No,Yes,Month-to-month,Yes,Electronic check,94.4,4014.6,No,4,28,30.71,Jendouba
Male,0,Yes,No,10,Yes,No,DSL,Yes,No,No,No,No,Month-to-month,Yes,Credit card (automatic),54.95,568.85,No,3,7,90.28,Sousse
Female,0,Yes,No,61,Yes,No,Fiber optic,Yes,Yes,No,No,Yes,One year,No,Bank transfer (automatic),93.7,5860.7,No,4,28,39.14,Sfax
Female,0,No,No,68,Yes,Yes,Fiber optic,Yes,Yes,No,Yes,Yes,Two year,No,Credit card (automatic),110.25,7279.35,No,2,17,139.0,Sousse
Male,0,No,No,10,Yes,No,Fiber optic,Yes,No,Yes,Yes,Yes,One year,Yes,Electronic check,98.9,1064.95,No,4,27,60.67,Bizerte
Male,0,Yes,No,65,Yes,Yes,Fiber optic,Yes,Yes,Yes,No,No,One year,No,Electronic check,89.75,5769.6,Yes,6,2,22.6,Bizerte
Female,0,Yes,Yes,72,Yes,No,DSL,Yes,No,Yes,Yes,Yes,Two year,Yes,Bank transfer (automatic),80.45,5886.85,No,3,22,143.49,Tunis
Male,0,Yes,Yes,55,Yes,No,Fiber optic,No,Yes,No,No,No,Month-to-month,No,Electronic check,79.4,4238.45,No,3,6,36.49,Sousse
Female,0,No,No,1,Yes,No,No,No internet service,No internet service,No internet service,No internet service,No internet service,Month-to-month,Yes,Mailed check,20.3,20.3,Yes,5,2,46.53,Ben Arous
Female,0,No,No,7,Yes,No,DSL,No,No,Yes,No,Yes,Month-to-month,No,Bank transfer (automatic),62.8,418.3,No,3,19,91.84,Gabès
Female,0,No,No,2,Yes,Yes,Fiber optic,No,No,No,No,No,Month-to-month,Yes,Mailed check,74.9,136.05,No,0,25,108.55,Bizerte
Female,0,No,No,9,Yes,No,Fiber optic,Yes,No,No,No,No,Month-to-month,Yes,Electronic check,74.85,708.2,No,2,23,110.3,Sousse
Male,0,No,Yes,27,Yes,Yes,No,No internet service,No internet service,No internet service,No internet service,No internet service,Two year,Yes,Credit card (automatic),25.85,788.55,No,1,29,142.32,Nabeul
Male,1,Yes,No,7,Yes,Yes,Fiber optic,No,No,Yes,Yes,Yes,Month-to-month,Yes,Electronic check,101.95,700.85,Yes,4,0,40.0,Ariana
Female,0,Yes,No,64,Yes,No,DSL,No,Yes,Yes,No,Yes,Two year,Yes,Mailed check,68.3,4378.8,No,2,18,23.02,Gabès
Male,0,No,No,70,No,No phone service,DSL,Yes,No,Yes,No,Yes,Two year,No,Bank transfer (automatic),48.4,3442.8,No,4,26,92.66,Monastir
Male,1,No,No,2,Yes,Yes,Fiber optic,No,No,No,Yes,Yes,Month-to-month,Yes,Electronic check,94.0,181.7,Yes,7,2,0.95,Manouba
Male,1,No,No,67,Yes,No,Fiber optic,Yes,Yes,No,Yes,Yes,Two year,Yes,Electronic check,105.05,7171.7,No,0,22,50.21,Jendouba
Female,0,No,No,45,Yes,Yes,Fiber optic,No,Yes,No,Yes,No,Month-to-month,Yes,Credit card (automatic),89.3,4016.85,Yes,9,5,39.75,Nabeul
Female,0,No,No,24,Yes,Yes,No,No internet service,No internet service,No internet service,No internet service,No internet service,Two year,No,Credit card (automatic),25.15,553.0,No,3,21,10.21,Bizerte
Male,0,Yes,Yes,4,Yes,No,No,No internet service,No internet service,No internet service,No internet service,No internet service,Two year,No,Credit card (automatic),19.5,96.85,No,1,20,46.13,Ariana
Male,0,Yes,Yes,44,Yes,No,Fiber optic,No,No,Yes,Yes,Yes,Month-to-month,Yes,Bank transfer (automatic),92.95,4122.9,No,2,29,121.0,Monastir
Female,0,Yes,Yes,72,Yes,No,No,No internet service,No internet service,No internet service,No internet service,No internet service,Two year,Yes,Mailed check,20.7,1482.3,No,0,26,129.14,Kairouan
Female,0,No,No,1,Yes,No,Fiber optic,No,Yes,No,No,No,Month-to-month,Yes,Credit card (automatic),74.3,74.3,Yes,9,2,48.45,Bizerte
Male,0,No,No,66,Yes,No,No,No internet service,No internet service,No internet service,No internet service,No internet service,Two year,No,Bank transfer (automatic),19.35,1240.8,No,4,30,31.33,Kairouan
Male,0,No,No,1,No,No phone service,DSL,No,Yes,No,No,Yes,Month-to-month,Yes,Mailed check,44.65,44.65,Yes,10,2,15.68,Mahdia
Male,0,Yes,Yes,13,Yes,No,Fiber optic,Yes,No,No,No,Yes,Month-to-month,No,Electronic check,84.05,1095.3,Yes,7,2,5.63,Nabeul
Male,0,No,No,10,Yes,Yes,Fiber optic,No,Yes,No,No,No,Month-to-month,Yes,Bank transfer (automatic),80.7,788.8,Yes,8,2,34.22,Gafsa
Male,1,Yes,No,65,Yes,Yes,Fiber optic,No,Yes,Yes,Yes,Yes,Month-to-month,Yes,Electronic check,104.35,6578.55,No,4,11,138.33,Bizerte
Male,0,No,Yes,1,Yes,No,No,No internet service,No internet service,No internet service,No internet service,No internet service,Month-to-month,No,Mailed check,19.55,19.55,No,3,7,116.96,Kebili
Male,0,Yes,Yes,38,Yes,No,DSL,Yes,Yes,Yes,Yes,No,One year,No,Electronic check,74.05,2802.3,No,4,26,140.07,Zaghouan
Male,0,No,Yes,23,No,No phone service,DSL,Yes,No,Yes,No,No,Two year,No,Mailed check,40.1,857.75,No,4,24,102.44,Sousse
Female,0,Yes,No,10,Yes,No,No,No internet service,No internet service,No internet service,No internet service,No internet service,One year,No,Mailed check,20.1,184.4,No,0,27,103.58,Bizerte
Male,0,No,Yes,4,Yes,Yes,Fiber optic,No,Yes,No,Yes,Yes,Month-to-month,Yes,Electronic check,101.7,364.55,Yes,10,5,45.64,Sidi Bouzid
Male,0,Yes,Yes,72,Yes,Yes,DSL,Yes,No,Yes,Yes,Yes,Two year,Yes,Credit card (automatic),83.55,6093.3,No,0,26,132.25,Tunis
Female,0,Yes,No,35,Yes,No,DSL,No,Yes,No,No,No,Month-to-month,No,Electronic check,56.85,1861.1,No,2,16,130.52,Mahdia
Female,0,No,No,1,Yes,No,No,No internet service,No internet service,No internet service,No internet service,No internet service,Month-to-month,No,Mailed check,20.4,20.4,Yes,6,0,32.65,Tunis
Female,0,Yes,Yes,58,Yes,No,No,No internet service,No internet service,No internet service,No internet service,No internet service,Two year,No,Credit card (automatic),19.55,1079.65,No,3,24,57.51,Ariana
Male,0,Yes,Yes,70,Yes,No,Fiber optic,No,Yes,Yes,Yes,Yes,One year,Yes,Electronic check,106.15,7475.1,No,0,10,94.39,Kasserine
Male,0,Yes,Yes,38,Yes,Yes,DSL,No,Yes,Yes,Yes,Yes,One year,No,Credit card (automatic),78.95,2862.55,No,4,20,27.06,Kasserine
Female,0,Yes,Yes,60,No,No phone service,DSL,No,Yes,No,Yes,Yes,Month-to-month,Yes,Electronic check,49.75,3069.45,No,4,8,48.19,Nabeul
Male,0,No,No,26,Yes,Yes,Fiber optic,Yes,Yes,No,Yes,No,Month-to-month,Yes,Credit card (automatic),92.4,2349.8,No,4,8,28.35,Kairouan
Female,0,No,No,8,Yes,No,DSL,Yes,Yes,No,No,No,One year,No,Bank transfer (automatic),58.2,469.25,No,1,5,82.45,Kairouan
Male,0,Yes,Yes,41,Yes,Yes,Fiber optic,No,No,Yes,Yes,Yes,One year,Yes,Electronic check,102.6,4213.35,Yes,7,1,15.03,Sousse
Female,1,Yes,No,36,Yes,Yes,Fiber optic,No,Yes,No,Yes,No,Month-to-month,Yes,Credit card (automatic),91.95,3301.05,No,2,27,18.74,Tunis
Male,1,No,No,54,Yes,No,DSL,No,No,Yes,No,Yes,One year,No,Bank transfer (automatic),65.25,3529.95,No,1,6,147.34,Ariana
Male,0,Yes,Yes,71,Yes,Yes,Fiber optic,No,Yes,Yes,Yes,Yes,Two year,Yes,Bank transfer (automatic),106.0,7723.7,Yes,4,1,22.0,Ariana
Female,0,No,No,55,Yes,Yes,Fiber optic,No,No,No,No,No,Month-to-month,Yes,Electronic check,73.1,4144.9,No,2,28,110.08,Sousse
Female,0,No,No,72,Yes,Yes,DSL,Yes,Yes,No,No,No,Two year,No,Bank transfer (automatic),59.75,4265.0,No,2,7,90.68,Tataouine
Female,0,No,Yes,3,Yes,No,DSL,Yes,No,No,No,No,Month-to-month,Yes,Mailed check,55.1,154.65,Yes,4,5,25.84,Nabeul
Female,0,Yes,Yes,54,Yes,Yes,DSL,No,Yes,Yes,No,No,Two year,Yes,Bank transfer (automatic),59.8,3246.45,No,4,30,135.74,Nabeul
Male,0,Yes,Yes,72,Yes,Yes,Fiber optic,Yes,Yes,Yes,Yes,Yes,Two year,Yes,Bank transfer (automatic),116.6,8337.45,No,0,19,87.44,Sousse
Male,0,No,No,52,Yes,Yes,Fiber optic,Yes,No,Yes,Yes,Yes,Two year,Yes,Electronic check,109.3,5731.4,No,2,17,130.97,Ben Arous
Female,1,No,No,60,Yes,Yes,Fiber optic,Yes,No,No,Yes,Yes,One year,Yes,Bank transfer (automatic),101.4,6176.6,No,0,13,40.26,Kairouan
Female,0,No,No,39,No,No phone service,DSL,No,No,Yes,Yes,Yes,Month-to-month,Yes,Credit card (automatic),50.65,1905.4,No,4,28,90.13,Béja
Female,0,No,No,15,Yes,No,DSL,No,No,No,Yes,No,One year,No,Mailed check,56.15,931.9,No,1,6,136.36,Zaghouan
Male,0,No,No,69,Yes,Yes,Fiber optic,No,No,Yes,Yes,Yes,Two year,Yes,Bank transfer (automatic),106.5,7348.8,Yes,8,5,27.44,Kairouan
Male,0,Yes,Yes,43,Yes,No,No,No internet service,No internet service,No internet service,No internet service,No internet service,One year,Yes,Mailed check,19.2,776.25,No,1,10,34.59,Monastir
Female,1,No,No,63,Yes,Yes,DSL,Yes,Yes,Yes,Yes,No,One year,No,Bank transfer (automatic),83.0,5243.05,No,1,22,118.53,Manouba
Male,1,Yes,No,2,Yes,No,Fiber optic,No,No,No,No,No,Month-to-month,No,Electronic check,70.1,141.65,No,4,29,108.81,Tunis
Female,0,Yes,Yes,72,Yes,No,Fiber optic,Yes,Yes,Yes,Yes,Yes,Two year,Yes,Bank transfer (automatic),108.3,7679.65,No,0,22,118.72,Gafsa
Female,0,Yes,Yes,32,Yes,Yes,Fiber optic,No,No,Yes,No,Yes,Month-to-month,Yes,Bank transfer (automatic),91.05,2954.5,Yes,7,3,1.04,Tunis
Male,0,Yes,Yes,40,Yes,Yes,No,No internet service,No internet service,No internet service,No internet service,No internet service,Two year,No,Credit card (automatic),25.25,1006.9,No,0,17,104.47,Tunis
Female,0,Yes,No,58,No,No phone service,DSL,Yes,Yes,No,Yes,No,One year,Yes,Electronic check,45.35,2540.1,No,1,27,18.07,Siliana
Male,0,No,No,67,No,No phone service,DSL,Yes,No,No,Yes,No,Two year,No,Electronic check,43.9,3097.2,No,4,29,32.62,Médiénine
Female,1,Yes,No,51,Yes,Yes,Fiber optic,Yes,No,No,No,No,Month-to-month,Yes,Electronic check,77.5,3807.35,Yes,10,5,12.74,Bizerte
Male,0,Yes,No,31,Yes,Yes,DSL,No,No,Yes,Yes,Yes,One year,Yes,Mailed check,79.3,2484.0,No,0,13,69.82,Tunis
Male,1,Yes,No,69,Yes,Yes,Fiber optic,Yes,Yes,No,No,No,Month-to-month,Yes,Credit card (automatic),84.9,5785.65,No,2,20,69.52,Sfax
Male,0,Yes,No,32,Yes,Yes,Fiber optic,No,No,No,No,No,One year,Yes,Electronic check,79.25,2619.15,No,4,22,15.75,Sfax
Female,0,No,No,21,Yes,No,DSL,Yes,Yes,No,Yes,No,Two year,No,Credit card (automatic),71.05,1524.85,No,2,18,23.53,Bizerte
Male,0,No,No,52,Yes,No,DSL,Yes,No,Yes,No,No,One year,No,Electronic check,53.75,2790.65,No,0,18,14.51,Tunis
Female,0,Yes,Yes,72,Yes,Yes,No,No internet service,No internet service,No internet service,No internet service,No internet service,Two year,No,Credit card (automatic),24.25,1784.5,No,4,9,134.22,Kairouan
Female,0,Yes,No,72,No,No phone service,DSL,No,Yes,Yes,Yes,Yes,Two year,Yes,Electronic check,54.2,3937.45,Yes,10,4,35.36,Sfax
Male,0,Yes,Yes,52,No,No phone service,DSL,Yes,No,Yes,No,Yes,One year,No,Bank transfer (automatic),44.25,2276.1,No,0,26,77.96,Sousse
Female,0,No,No,41,Yes,No,DSL,No,No,No,No,No,One year,No,Bank transfer (automatic),50.05,2029.05,No,1,29,105.52,Médiénine
Male,0,No,No,41,Yes,No,No,No internet service,No internet service,No internet service,No internet service,No internet service,Two year,No,Mailed check,20.15,802.35,No,4,7,72.7,Médiénine
Female,0,No,No,6,Yes,No,Fiber optic,No,No,No,No,No,Month-to-month,Yes,Mailed check,69.25,418.4,Yes,10,1,29.0,Monastir
Male,0,Yes,Yes,67,Yes,Yes,DSL,Yes,Yes,Yes,No,No,One year,Yes,Credit card (automatic),69.35,4653.25,No,2,24,15.52,Tunis
Female,0,Yes,Yes,16,Yes,No,No,No internet service,No internet service,No internet service,No internet service,No internet service,Month-to-month,No,Mailed check,19.35,275.9,No,2,14,123.35,Sousse
Male,0,No,No,17,Yes,No,No,No internet service,No internet service,No internet service,No internet service,No internet service,Two year,No,Mailed check,19.15,343.45,No,1,22,112.45,Sfax
Male,0,Yes,No,35,Yes,No,DSL,Yes,Yes,Yes,No,No,Month-to-month,No,Mailed check,61.0,2130.45,No,1,12,54.92,Tunis
Female,0,Yes,Yes,58,Yes,No,No,No internet service,No internet service,No internet service,No internet service,No internet service,Two year,No,Credit card (automatic),20.5,1191.4,No,0,5,127.0,Zaghouan
Male,0,No,No,1,Yes,No,DSL,No,No,Yes,No,No,Month-to-month,Yes,Electronic check,50.5,50.5,Yes,6,4,36.45,Sfax
Male,0,Yes,Yes,52,No,No phone service,DSL,No,Yes,Yes,Yes,No,Two year,No,Mailed check,50.2,2554.0,No,1,11,10.79,Gabès
Female,0,No,No,70,Yes,No,DSL,Yes,No,Yes,Yes,Yes,Two year,No,Bank transfer (automatic),79.6,5589.45,No,1,26,113.46,Monastir
Female,0,Yes,Yes,19,Yes,Yes,No,No internet service,No internet service,No internet service,No internet service,No internet service,Two year,Yes,Bank transfer (automatic),24.9,467.7,No,2,20,123.58,Ariana
Male,1,No,No,1,Yes,Yes,Fiber optic,No,No,No,No,No,Month-to-month,Yes,Electronic check,74.4,74.4,Yes,4,4,29.0,Mahdia
Female,0,Yes,Yes,35,Yes,No,Fiber optic,Yes,No,Yes,Yes,Yes,Month-to-month,Yes,Electronic check,106.9,3756.45,No,1,21,148.89,Ariana
Female,0,No,No,32,Yes,Yes,Fiber optic,No,No,Yes,Yes,Yes,Month-to-month,Yes,Electronic check,101.35,3334.9,No,2,23,90.9,Manouba
Female,0,Yes,Yes,17,Yes,No,DSL,Yes,No,No,No,No,Month-to-month,Yes,Credit card (automatic),55.35,920.5,No,0,12,121.9,Bizerte
Female,0,Yes,Yes,67,Yes,No,DSL,No,Yes,No,No,No,One year,No,Credit card (automatic),50.55,3431.75,No,2,27,82.04,Mahdia
Female,0,No,No,9,Yes,No,No,No internet service,No internet service,No internet service,No internet service,No internet service,Month-to-month,No,Bank transfer (automatic),19.5,150.35,No,1,30,111.19,Gabès
Male,0,No,Yes,31,Yes,Yes,DSL,No,Yes,No,Yes,Yes,One year,Yes,Mailed check,79.45,2587.7,Yes,9,4,19.44,Tunis
Male,0,No,No,4,Yes,Yes,Fiber optic,Yes,No,No,Yes,No,Month-to-month,No,Electronic check,90.65,367.95,No,4,26,95.09,Médiénine
Male,1,Yes,Yes,58,Yes,Yes,Fiber optic,Yes,Yes,No,No,No,One year,Yes,Bank transfer (automatic),89.85,5125.75,No,4,28,135.37,Bizerte
Male,0,No,No,60,Yes,No,DSL,Yes,No,Yes,Yes,Yes,One year,No,Mailed check,79.0,4801.1,No,3,11,71.12,Béja
Male,0,No,No,58,Yes,Yes,Fiber optic,No,No,Yes,Yes,Yes,One year,Yes,Electronic check,104.65,6219.6,Yes,10,3,22.56,Tunis
Male,0,No,No,1,Yes,No,No,No internet service,No internet service,No internet service,No internet service,No internet service,Month-to-month,No,Mailed check,19.55,19.55,No,4,22,22.34,Ben Arous
Female,0,Yes,Yes,27,Yes,No,No,No internet service,No internet service,No internet service,No internet service,No internet service,Two year,No,Mailed check,19.9,550.1,No,3,5,26.24,Médiénine
Male,1,Yes,Yes,66,Yes,Yes,Fiber optic,Yes,Yes,Yes,Yes,Yes,One year,Yes,Electronic check,116.25,7862.25,No,2,14,10.56,Gabès
Male,0,No,No,15,Yes,Yes,Fiber optic,Yes,No,No,Yes,No,Month-to-month,Yes,Bank transfer (automatic),87.75,1242.2,No,2,20,37.59,Sfax
Male,1,Yes,No,47,Yes,Yes,Fiber optic,No,No,Yes,Yes,Yes,Month-to-month,Yes,Electronic check,100.05,4871.05,Yes,5,4,3.54,Sousse
Female,0,No,No,41,Yes,Yes,Fiber optic,Yes,No,No,No,No,Month-to-month,Yes,Credit card (automatic),81.3,3190.65,No,4,18,93.39,Jendouba
Male,0,Yes,No,59,No,No phone service,DSL,No,No,No,Yes,Yes,Month-to-month,Yes,Electronic check,44.3,2666.75,No,1,12,15.7,Bizerte
Female,0,No,Yes,50,Yes,No,Fiber optic,No,No,No,No,No,Two year,No,Credit card (automatic),70.35,3533.6,No,4,14,133.22,Tunis
Male,0,Yes,Yes,17,No,No phone service,DSL,Yes,No,Yes,Yes,No,One year,No,Credit card (automatic),44.45,792.15,No,1,29,63.7,Tunis
Male,0,Yes,Yes,6,Yes,No,DSL,Yes,No,No,No,No,Month-to-month,Yes,Electronic check,49.15,295.65,No,4,24,128.46,Nabeul
Male,1,Yes,No,51,No,No phone service,DSL,No,Yes,No,No,No,Month-to-month,Yes,Credit card (automatic),29.45,1459.35,No,3,5,130.22,Tunis
Male,0,No,No,44,Yes,No,Fiber optic,No,Yes,No,Yes,Yes,Month-to-month,No,Electronic check,100.55,4398.15,Yes,6,1,47.19,Kebili
Male,0,Yes,No,49,Yes,No,Fiber optic,No,Yes,No,Yes,No,Month-to-month,Yes,Credit card (automatic),85.3,4297.95,No,3,16,77.69,Tunis
Male,0,No,No,2,Yes,No,Fiber optic,No,Yes,No,Yes,Yes,Month-to-month,No,Electronic check,95.65,167.3,Yes,6,4,3.46,Zaghouan
Male,0,Yes,No,59,Yes,Yes,DSL,Yes,No,No,No,Yes,One year,Yes,Mailed check,69.1,4096.9,No,4,25,78.43,Siliana
Male,1,No,No,50,Yes,Yes,DSL,Yes,Yes,No,Yes,No,Month-to-month,Yes,Bank transfer (automatic),70.35,3454.6,No,0,13,125.41,Bizerte
Female,0,Yes,Yes,59,Yes,No,No,No internet service,No internet service,No internet service,No internet service,No internet service,Two year,No,Mailed check,20.6,1286.0,No,2,26,46.85,Béja
Male,0,No,No,18,Yes,Yes,Fiber optic,No,No,No,No,No,Month-to-month,No,Mailed check,74.15,1387.0,No,4,18,143.86,Ben Arous
Male,0,No,No,10,Yes,Yes,Fiber optic,No,No,No,No,No,Month-to-month,No,Electronic check,75.05,786.3,No,4,18,134.06,Siliana
Male,0,Yes,No,14,Yes,No,DSL,No,No,No,No,No,One year,No,Electronic check,44.6,641.25,No,0,26,117.28,Médiénine
Male,0,No,No,35,Yes,No,No,No internet service,No internet service,No internet service,No internet service,No internet service,Two year,No,Bank transfer (automatic),21.45,705.45,No,2,21,108.65,Mahdia
Male,0,Yes,Yes,8,Yes,No,DSL,No,No,No,No,No,One year,Yes,Mailed check,43.45,345.5,No,3,25,21.6,Sousse
Male,0,Yes,Yes,18,Yes,No,No,No internet service,No internet service,No internet service,No internet service,No internet service,One year,No,Bank transfer (automatic),20.05,345.9,No,3,11,88.34,Gabès
Female,0,Yes,Yes,60,Yes,Yes,Fiber optic,Yes,Yes,No,Yes,No,One year,No,Bank transfer (automatic),94.15,5811.8,No,0,20,29.64,Nabeul
Female,0,No,No,1,Yes,No,Fiber optic,No,No,Yes,Yes,Yes,Month-to-month,No,Electronic check,94.4,94.4,Yes,8,3,23.01,Ben Arous
Female,0,No,No,6,Yes,No,No,No internet service,No internet service,No internet service,No internet service,No internet service,Two year,No,Mailed check,19.55,124.45,No,3,20,12.34,Ben Arous
Female,0,No,Yes,19,Yes,Yes,DSL,Yes,Yes,No,Yes,No,Month-to-month,Yes,Mailed check,75.9,1375.6,No,4,7,114.62,Sousse
Male,0,Yes,Yes,53,Yes,Yes,DSL,Yes,Yes,No,No,No,One year,No,Bank transfer (automatic),64.15,3491.55,No,3,7,112.59,Siliana
Male,1,Yes,No,72,Yes,Yes,Fiber optic,Yes,Yes,Yes,Yes,Yes,Two year,Yes,Bank transfer (automatic),109.55,7920.7,No,0,28,149.75,Ariana
Female,0,Yes,No,60,Yes,Yes,Fiber optic,No,Yes,Yes,Yes,Yes,Two year,Yes,Credit card (automatic),110.8,6640.7,No,0,6,121.08,Gabès
Female,0,No,No,1,Yes,No,DSL,No,No,No,Yes,No,Month-to-month,Yes,Credit card (automatic),55.0,55.0,Yes,4,0,22.54,Béja
Female,0,No,Yes,13,Yes,No,DSL,No,No,Yes,No,No,Month-to-month,No,Mailed check,53.45,718.1,No,0,10,122.68,Kasserine
Female,0,Yes,Yes,5,Yes,No,Fiber optic,No,No,No,No,No,Month-to-month,No,Credit card (automatic),69.95,320.4,No,2,9,145.53,Kasserine
Male,0,No,No,1,Yes,Yes,Fiber optic,No,No,Yes,Yes,Yes,Month-to-month,Yes,Electronic check,101.45,101.45,Yes,10,5,27.83,Siliana
Male,0,Yes,Yes,13,Yes,No,Fiber optic,No,No,Yes,Yes,Yes,Month-to-month,No,Electronic check,97.0,1334.45,No,4,26,139.14,Ariana
Male,0,No,No,37,Yes,Yes,DSL,Yes,Yes,Yes,Yes,Yes,One year,Yes,Bank transfer (automatic),90.6,3358.65,No,1,8,28.83,Ariana
Male,0,Yes,No,64,Yes,No,Fiber optic,Yes,No,No,No,No,Month-to-month,Yes,Mailed check,73.55,4764.0,No,1,28,139.09,Monastir
Female,0,Yes,No,5,Yes,Yes,DSL,No,No,Yes,Yes,No,Month-to-month,No,Bank transfer (automatic),67.95,350.3,Yes,6,3,9.5,Kasserine
Female,0,Yes,No,61,Yes,Yes,Fiber optic,No,Yes,No,No,Yes,Two year,Yes,Bank transfer (automatic),94.35,5703.0,No,3,22,44.08,Jendouba
Female,0,No,No,1,Yes,No,Fiber optic,No,No,No,No,No,Month-to-month,Yes,Electronic check,69.5,69.5,Yes,4,5,11.24,Gafsa
Male,0,No,No,1,Yes,No,No,No internet service,No internet service,No internet service,No internet service,No internet service,Month-to-month,Yes,Mailed check,18.85,18.85,Yes,4,2,30.35,Tunis
Male,0,No,No,26,Yes,No,No,No internet service,No internet service,No internet service,No internet service,No internet service,One year,No,Mailed check,19.4,525.55,No,2,20,136.28,Béja
Female,0,No,No,1,Yes,No,Fiber optic,No,No,No,No,No,Month-to-month,Yes,Electronic check,69.2,69.2,Yes,5,2,17.59,Sousse
Male,0,Yes,No,24,Yes,No,No,No internet service,No internet service,No internet service,No internet service,No internet service,Two year,No,Mailed check,19.75,483.15,No,3,25,84.81,Tunis
Male,0,Yes,No,17,No,No phone service,DSL,No,No,Yes,Yes,Yes,One year,No,Electronic check,54.6,934.8,No,3,19,27.06,Sfax
Female,0,No,Yes,26,No,No phone service,DSL,No,No,Yes,No,No,Month-to-month,Yes,Mailed check,29.8,786.5,No,0,13,105.39,Bizerte
Male,0,No,No,1,Yes,No,Fiber optic,No,No,No,No,No,Month-to-month,Yes,Electronic check,69.65,69.65,Yes,5,5,31.58,Tunis
Male,1,Yes,No,40,Yes,Yes,Fiber optic,Yes,No,No,Yes,Yes,Month-to-month,No,Electronic check,101.85,4086.3,Yes,6,0,37.29,Jendouba
Male,0,No,No,52,Yes,Yes,Fiber optic,No,Yes,Yes,Yes,Yes,Month-to-month,Yes,Electronic check,103.05,5364.8,No,1,15,29.11,Sfax
Female,0,No,No,1,Yes,No,Fiber optic,No,Yes,Yes,No,No,Month-to-month,Yes,Electronic check,82.3,82.3,Yes,4,3,46.12,Mahdia
Male,0,No,No,1,Yes,No,No,No internet service,No internet service,No internet service,No internet service,No internet service,Month-to-month,No,Mailed check,20.3,20.3,No,1,5,124.17,Médiénine
Female,0,No,No,21,No,No phone service,DSL,Yes,No,No,No,No,Two year,No,Mailed check,35.1,770.4,No,1,17,46.49,Ariana
Female,0,Yes,No,67,Yes,Yes,Fiber optic,No,Yes,Yes,Yes,Yes,One year,Yes,Bank transfer (automatic),105.7,6816.95,No,3,29,135.55,Kasserine
Female,0,Yes,Yes,44,Yes,No,DSL,Yes,No,No,No,No,Month-to-month,No,Bank transfer (automatic),56.25,2419.55,No,3,24,125.65,Tunis
Male,0,Yes,Yes,70,No,No phone service,DSL,No,Yes,Yes,Yes,Yes,One year,No,Electronic check,60.35,4138.7,No,4,24,35.78,Ben Arous
Male,0,No,No,3,Yes,No,Fiber optic,No,No,No,Yes,No,Month-to-month,No,Electronic check,79.25,267.6,Yes,6,5,11.1,Tunis
Male,0,Yes,Yes,56,Yes,No,DSL,Yes,Yes,Yes,No,No,Two year,Yes,Bank transfer (automatic),59.8,3457.45,No,0,16,100.33,Ben Arous
Female,0,No,No,13,Yes,Yes,Fiber optic,No,No,No,No,Yes,Month-to-month,Yes,Electronic check,84.6,1115.2,Yes,8,5,22.25,Mahdia
Female,0,Yes,Yes,58,Yes,Yes,Fiber optic,Yes,Yes,No,No,Yes,Month-to-month,Yes,Bank transfer (automatic),93.4,5435.6,Yes,6,0,39.69,Kairouan
Female,0,Yes,Yes,42,Yes,Yes,Fiber optic,No,No,No,Yes,Yes,Month-to-month,Yes,Electronic check,94.2,4186.3,Yes,5,4,16.13,Gafsa
Male,1,Yes,No,1,No,No phone service,DSL,No,No,No,No,No,Month-to-month,No,Electronic check,25.05,25.05,Yes,8,5,37.28,Gabès
Female,0,Yes,Yes,46,Yes,Yes,Fiber optic,Yes,No,Yes,No,Yes,Two year,No,Mailed check,99.65,4630.2,No,4,18,107.01,Gafsa
Female,0,Yes,Yes,63,Yes,No,DSL,Yes,No,No,No,No,Two year,Yes,Bank transfer (automatic),50.65,3221.25,No,4,9,77.37,Nabeul
Male,0,No,No,11,Yes,No,DSL,No,Yes,Yes,No,No,Month-to-month,Yes,Electronic check,60.9,688.5,No,3,12,104.92,Tunis
Male,0,Yes,Yes,15,Yes,Yes,DSL,No,No,Yes,No,No,Month-to-month,Yes,Bank transfer (automatic),59.65,867.1,No,3,7,80.34,Tunis
Male,0,Yes,No,72,No,No phone service,DSL,Yes,Yes,Yes,Yes,Yes,Two year,Yes,Electronic check,64.7,4746.05,No,1,6,134.72,Ben Arous
Female,0,No,No,29,No,No phone service,DSL,No,No,No,No,No,Month-to-month,Yes,Credit card (automatic),25.1,712.85,Yes,6,0,48.43,Béja
Male,0,No,Yes,1,Yes,No,DSL,No,No,Yes,No,No,Month-to-month,No,Electronic check,48.95,48.95,Yes,7,2,34.49,Tunis
Female,0,Yes,Yes,6,Yes,No,DSL,No,No,No,Yes,No,Month-to-month,No,Electronic check,54.85,355.1,No,3,26,145.23,Tunis
Male,0,No,No,1,Yes,No,DSL,No,No,No,No,No,Month-to-month,No,Electronic check,45.3,45.3,Yes,7,4,37.72,Siliana
Male,0,Yes,Yes,63,Yes,Yes,Fiber optic,No,Yes,No,No,Yes,One year,Yes,Electronic check,91.35,5764.7,No,1,29,85.63,Kebili
Male,0,No,No,2,Yes,No,Fiber optic,No,No,Yes,No,Yes,Month-to-month,Yes,Electronic check,85.85,167.3,Yes,8,2,17.5,Gabès
Female,0,Yes,Yes,18,Yes,Yes,No,No internet service,No internet service,No internet service,No internet service,No internet service,Two year,No,Mailed check,25.1,428.45,No,0,15,126.66,Sousse
Female,0,Yes,No,43,No,No phone service,DSL,Yes,No,No,No,No,Month-to-month,No,Bank transfer (automatic),34.0,1505.35,No,3,24,112.0,Ben Arous
Female,0,No,No,15,No,No phone service,DSL,Yes,Yes,Yes,No,No,One year,No,Mailed check,45.9,693.45,No,3,21,122.97,Tunis
Male,0,No,Yes,10,Yes,Yes,Fiber optic,No,No,No,Yes,Yes,Month-to-month,No,Electronic check,95.2,930.4,Yes,4,0,45.17,Béja
Male,0,Yes,Yes,55,Yes,No,No,No internet service,No internet service,No internet service,No internet service,No internet service,Two year,No,Mailed check,20.5,1177.95,No,3,17,134.11,Siliana
Male,0,No,Yes,49,Yes,Yes,Fiber optic,No,No,No,Yes,Yes,One year,Yes,Bank transfer (automatic),100.6,5069.65,Yes,5,5,37.65,Kef
Male,0,Yes,Yes,6,Yes,No,DSL,No,Yes,Yes,No,No,Month-to-month,Yes,Mailed check,55.3,324.25,Yes,4,2,23.7,Kef
Male,0,Yes,Yes,70,Yes,No,No,No internet service,No internet service,No internet service,No internet service,No internet service,Two year,No,Credit card (automatic),20.35,1458.1,No,0,29,31.99,Béja
Male,1,No,No,2,Yes,Yes,Fiber optic,No,No,No,No,No,Month-to-month,Yes,Mailed check,74.85,156.4,Yes,5,0,8.92,Ariana
Male,1,Yes,No,63,No,No phone service,DSL,Yes,No,No,No,No,One year,No,Bank transfer (automatic),36.1,2298.9,No,1,13,29.86,Siliana
Female,0,No,No,25,Yes,No,DSL,No,Yes,No,No,Yes,Month-to-month,Yes,Bank transfer (automatic),65.8,1679.65,No,2,24,145.91,Tunis
Female,1,No,No,18,Yes,No,No,No internet service,No internet service,No internet service,No internet service,No internet service,One year,No,Bank transfer (automatic),20.35,369.6,No,3,23,123.98,Monastir
Male,1,Yes,No,28,Yes,Yes,Fiber optic,No,Yes,No,Yes,Yes,Month-to-month,Yes,Electronic check,105.8,2998.0,No,2,24,43.64,Ben Arous
Female,1,No,No,53,Yes,No,Fiber optic,Yes,Yes,No,No,Yes,One year,Yes,Mailed check,96.75,5206.55,No,1,14,141.34,Médiénine
Male,0,No,No,35,Yes,No,Fiber optic,No,Yes,Yes,Yes,Yes,One year,Yes,Bank transfer (automatic),102.35,3626.1,Yes,8,1,1.96,Nabeul
Male,0,No,No,1,No,No phone service,DSL,No,No,No,No,No,Month-to-month,No,Mailed check,24.4,24.4,No,1,15,59.82,Sidi Bouzid
Male,0,Yes,No,70,Yes,Yes,Fiber optic,Yes,Yes,Yes,Yes,Yes,One year,No,Credit card (automatic),115.65,7968.85,Yes,10,4,38.67,Gabès
Male,0,No,No,2,Yes,No,Fiber optic,No,No,Yes,No,No,Month-to-month,Yes,Electronic check,79.85,152.45,Yes,9,3,5.66,Kairouan
Female,0,Yes,No,26,Yes,No,DSL,No,Yes,No,Yes,Yes,Month-to-month,Yes,Electronic check,73.05,1959.5,No,3,25,135.23,Tunis
Female,0,No,No,34,Yes,No,DSL,Yes,Yes,No,No,Yes,One year,No,Electronic check,64.35,2053.05,No,4,26,97.47,Sousse
Female,0,No,Yes,19,Yes,No,No,No internet service,No internet service,No internet service,No internet service,No internet service,Two year,No,Mailed check,20.5,398.55,No,1,13,98.62,Bizerte
Male,0,No,No,15,Yes,Yes,Fiber optic,No,No,No,No,No,Month-to-month,Yes,Mailed check,76.0,1130.85,Yes,5,3,31.14,Monastir
Female,0,Yes,Yes,62,Yes,No,DSL,Yes,No,Yes,No,No,One year,No,Credit card (automatic),54.75,3425.35,No,1,26,83.56,Kairouan
Female,1,No,No,42,Yes,Yes,Fiber optic,No,Yes,Yes,Yes,Yes,Month-to-month,Yes,Bank transfer (automatic),104.75,4323.45,Yes,10,1,23.51,Kasserine
Female,0,No,No,9,Yes,No,DSL,Yes,Yes,No,Yes,Yes,Month-to-month,Yes,Electronic check,74.65,703.55,Yes,6,2,26.05,Sidi Bouzid
Male,0,No,No,24,Yes,No,DSL,Yes,No,No,No,No,Month-to-month,Yes,Electronic check,51.15,1275.7,No,3,6,28.51,Manouba
Male,1,Yes,No,68,No,No phone service,DSL,Yes,Yes,Yes,No,No,Two year,Yes,Electronic check,41.95,2965.75,No,3,21,93.57,Tunis
Male,0,Yes,Yes,31,Yes,No,DSL,No,No,Yes,No,No,Month-to-month,No,Mailed check,54.35,1647.0,No,4,18,46.05,Jendouba
Female,0,No,No,1,Yes,No,DSL,No,No,No,No,Yes,Month-to-month,Yes,Electronic check,56.25,56.25,Yes,10,3,2.02,Sfax
Male,0,Yes,No,21,Yes,Yes,Fiber optic,No,No,Yes,Yes,Yes,Month-to-month,Yes,Electronic check,106.1,2249.95,Yes,8,0,10.27,Tunis
Female,0,Yes,No,63,Yes,No,Fiber optic,No,Yes,No,Yes,Yes,One year,Yes,Electronic check,96.0,6109.75,No,0,21,99.79,Monastir
Female,1,No,No,2,Yes,No,Fiber optic,No,No,No,No,Yes,Month-to-month,Yes,Bank transfer (automatic),79.75,159.4,Yes,6,2,23.84,Tunis
Female,0,Yes,Yes,61,No,No phone service,DSL,No,Yes,Yes,Yes,Yes,Two year,Yes,Bank transfer (automatic),61.45,3751.15,No,3,26,147.48,Sfax
Female,0,No,No,1,Yes,No,Fiber optic,No,No,No,No,No,Month-to-month,No,Electronic check,68.65,68.65,Yes,4,3,16.56,Sousse
Male,0,No,No,18,Yes,No,No,No internet service,No internet service,No internet service,No internet service,No internet service,One year,No,Mailed check,19.65,411.25,No,1,27,67.39,Tunis
Female,0,Yes,Yes,6,Yes,No,No,No internet service,No internet service,No internet service,No internet service,No internet service,One year,No,Credit card (automatic),19.0,105.5,No,4,10,132.02,Sousse
Female,0,No,No,33,Yes,Yes,Fiber optic,No,Yes,No,Yes,Yes,Month-to-month,Yes,Electronic check,100.0,3320.6,No,1,27,70.94,Gafsa
Male,0,No,No,16,Yes,No,No,No internet service,No internet service,No internet service,No internet service,No internet service,Month-to-month,No,Bank transfer (automatic),20.25,327.45,Yes,8,2,37.13,Tunis
Female,0,Yes,No,56,Yes,No,Fiber optic,No,No,Yes,Yes,Yes,Month-to-month,Yes,Electronic check,98.7,5669.5,No,2,16,103.57,Jendouba
Male,0,No,Yes,23,Yes,No,No,No internet service,No internet service,No internet service,No internet service,No internet service,One year,No,Mailed check,19.8,465.45,No,0,26,18.18,Manouba
Male,0,No,No,9,Yes,No,Fiber optic,No,No,Yes,No,No,Month-to-month,Yes,Electronic check,73.8,704.3,No,1,17,92.55,Nabeul
Female,1,Yes,No,14,Yes,Yes,Fiber optic,No,Yes,No,Yes,Yes,Month-to-month,Yes,Electronic check,100.2,1369.8,Yes,9,3,3.64,Monastir
Male,0,Yes,Yes,15,Yes,Yes,Fiber optic,No,No,No,No,No,Month-to-month,Yes,Bank transfer (automatic),74.9,1107.25,Yes,4,3,47.82,Bizerte
Male,0,No,No,5,Yes,No,No,No internet service,No internet service,No internet service,No internet service,No internet service,Month-to-month,No,Credit card (automatic),20.05,95.55,No,3,12,114.71,Gabès
Male,0,Yes,No,61,Yes,Yes,Fiber optic,Yes,Yes,No,Yes,Yes,Month-to-month,Yes,Electronic check,106.2,6375.2,No,2,25,17.09,Monastir
Male,0,Yes,Yes,70,Yes,Yes,Fiber optic,Yes,Yes,Yes,Yes,Yes,Two year,Yes,Credit card (automatic),116.55,8152.3,No,1,16,30.24,Tunis
Male,0,No,No,15,Yes,Yes,Fiber optic,Yes,No,No,Yes,Yes,Month-to-month,Yes,Electronic check,99.7,1566.75,No,1,14,52.32,Gabès
Male,0,Yes,Yes,8,Yes,No,No,No internet service,No internet service,No internet service,No internet service,No internet service,Two year,No,Mailed check,19.7,130.25,No,0,27,93.93,Zaghouan
Female,0,Yes,Yes,8,Yes,No,No,No internet service,No internet service,No internet service,No internet service,No internet service,Two year,No,Mailed check,19.5,162.15,No,1,17,89.94,Monastir
Female,0,No,No,4,No,No phone service,DSL,Yes,No,No,No,No,Month-to-month,Yes,Mailed check,29.15,110.05,No,4,9,83.62,Sidi Bouzid
Female,0,No,No,34,Yes,No,DSL,Yes,Yes,No,No,No,One year,No,Mailed check,55.0,1885.15,No,0,5,47.46,Tunis
Male,0,Yes,No,68,Yes,Yes,DSL,Yes,Yes,Yes,Yes,Yes,Two year,Yes,Credit card (automatic),90.8,6302.85,No,2,13,119.1,Gafsa
Female,0,Yes,Yes,45,No,No phone service,DSL,No,Yes,Yes,No,Yes,One year,No,Bank transfer (automatic),51.0,2264.5,No,1,14,40.88,Tunis
Female,1,No,No,9,Yes,Yes,Fiber optic,No,No,Yes,Yes,No,Month-to-month,Yes,Electronic check,90.1,816.8,No,3,26,62.28,Kasserine
Female,0,No,No,22,Yes,Yes,DSL,Yes,No,No,No,No,Month-to-month,Yes,Mailed check,59.05,1253.5,No,4,12,110.12,Ben Arous
Female,0,No,No,2,Yes,No,No,No internet service,No internet service,No internet service,No internet service,No internet service,Month-to-month,No,Mailed check,20.3,41.2,No,2,20,71.0,Tunis
Male,0,Yes,No,70,Yes,Yes,DSL,No,Yes,Yes,Yes,No,Two year,No,Bank transfer (automatic),72.95,5265.55,No,4,25,56.62,Siliana
Female,0,No,Yes,10,Yes,Yes,DSL,Yes,No,Yes,No,Yes,One year,No,Credit card (automatic),73.55,693.3,No,3,18,45.25,Sfax
Male,0,No,No,72,Yes,Yes,DSL,Yes,No,Yes,Yes,Yes,Two year,No,Credit card (automatic),84.3,5997.1,No,1,20,57.15,Sfax
Female,0,Yes,Yes,49,Yes,No,DSL,No,Yes,Yes,Yes,Yes,One year,No,Credit card (automatic),78.0,3824.2,No,1,22,117.58,Mahdia
Female,1,No,No,54,Yes,Yes,DSL,No,Yes,No,Yes,No,One year,No,Mailed check,72.1,3886.05,No,2,6,147.39,Jendouba
Female,0,No,No,71,Yes,Yes,Fiber optic,Yes,Yes,Yes,Yes,Yes,Two year,Yes,Credit card (automatic),106.75,7283.25,No,0,11,128.98,Tunis
Female,0,No,No,22,Yes,No,No,No internet service,No internet service,No internet service,No internet service,No internet service,One year,Yes,Mailed check,19.25,412.55,No,1,11,135.44,Jendouba
Female,0,Yes,Yes,50,Yes,No,No,No internet service,No internet service,No internet service,No internet service,No internet service,Two year,No,Credit card (automatic),20.55,1070.25,No,1,18,122.16,Sfax
Female,0,Yes,Yes,43,Yes,No,No,No internet service,No internet service,No internet service,No internet service,No internet service,One year,No,Mailed check,20.0,817.95,No,1,5,18.3,Sousse
Female,0,Yes,Yes,45,Yes,Yes,No,No internet service,No internet service,No internet service,No internet service,No internet service,Two year,Yes,Credit card (automatic),24.65,1171.3,No,0,28,149.91,Sousse
Male,1,No,No,64,Yes,Yes,Fiber optic,Yes,Yes,No,Yes,Yes,Month-to-month,Yes,Bank transfer (automatic),103.5,6548.65,No,3,25,69.57,Bizerte
Female,0,Yes,Yes,23,Yes,Yes,No,No internet service,No internet service,No internet service,No internet service,No internet service,Two year,No,Mailed check,23.85,625.65,No,4,21,117.42,Jendouba
Female,0,Yes,No,68,Yes,Yes,No,No internet service,No internet service,No internet service,No internet service,No internet service,Two year,No,Credit card (automatic),25.8,1911.5,No,3,26,145.12,Jendouba
Female,0,No,No,1,Yes,No,Fiber optic,No,No,No,No,No,Month-to-month,Yes,Electronic check,70.85,70.85,Yes,4,4,14.66,Tunis
Male,0,No,No,2,Yes,No,Fiber optic,No,No,No,No,No,Month-to-month,Yes,Credit card (automatic),69.8,134.7,Yes,6,4,37.62,Bizerte
Male,0,No,No,26,Yes,No,DSL,No,No,No,Yes,No,One year,No,Credit card (automatic),59.45,1507.0,No,1,7,103.03,Ariana
Male,0,Yes,No,55,No,No phone service,DSL,No,No,Yes,Yes,Yes,Month-to-month,Yes,Bank transfer (automatic),54.55,2978.3,Yes,4,5,22.83,Sousse
Male,0,No,No,14,Yes,No,No,No internet service,No internet service,No internet service,No internet service,No internet service,Month-to-month,Yes,Electronic check,20.05,299.3,No,3,7,53.96,Tunis
Male,0,Yes,No,71,Yes,No,DSL,Yes,No,Yes,Yes,Yes,Two year,Yes,Electronic check,82.55,5832.65,No,4,23,109.04,Sousse
Male,0,No,No,64,Yes,Yes,DSL,Yes,Yes,Yes,Yes,No,One year,No,Electronic check,81.25,5567.55,No,2,13,94.89,Monastir
Female,0,No,No,7,Yes,No,DSL,No,No,No,Yes,Yes,Month-to-month,Yes,Credit card (automatic),70.75,450.8,Yes,4,1,8.39,Kasserine
Female,0,No,No,57,Yes,No,DSL,Yes,Yes,Yes,Yes,No,Two year,Yes,Credit card (automatic),74.3,4166.35,No,0,7,140.58,Sfax
Female,0,Yes,No,13,Yes,Yes,Fiber optic,No,Yes,Yes,Yes,No,Month-to-month,No,Electronic check,94.1,1215.6,Yes,4,2,7.88,Mahdia
Female,0,Yes,Yes,3,No,No phone service,DSL,Yes,No,No,No,No,Month-to-month,No,Credit card (automatic),29.7,91.7,Yes,10,2,47.31,Jendouba
Male,1,Yes,No,72,Yes,Yes,Fiber optic,No,Yes,Yes,Yes,Yes,Two year,No,Credit card (automatic),109.7,7898.45,No,2,18,82.53,Béja
Female,0,Yes,Yes,40,Yes,Yes,Fiber optic,No,Yes,Yes,Yes,No,Month-to-month,Yes,Credit card (automatic),96.35,3915.4,No,2,17,45.94,Kasserine
Male,0,Yes,No,14,Yes,Yes,DSL,No,No,No,Yes,No,Month-to-month,Yes,Credit card (automatic),66.6,979.5,No,1,7,101.27,Nabeul
Male,0,Yes,Yes,2,Yes,No,DSL,No,No,No,No,No,Month-to-month,Yes,Electronic check,44.5,90.05,No,0,21,89.53,Kasserine
Male,1,No,No,66,Yes,Yes,Fiber optic,No,Yes,Yes,Yes,Yes,One year,No,Credit card (automatic),110.9,7432.05,Yes,5,3,22.74,Sousse
Female,0,Yes,No,38,Yes,Yes,Fiber optic,No,No,Yes,Yes,Yes,Month-to-month,Yes,Electronic check,105.0,4026.4,Yes,6,2,21.02,Sfax
Male,0,No,Yes,1,No,No phone service,DSL,No,No,No,No,No,Month-to-month,Yes,Electronic check,25.3,25.3,Yes,4,3,19.6,Sidi Bouzid
Male,0,No,No,22,Yes,No,DSL,No,Yes,No,No,No,One year,Yes,Credit card (automatic),55.15,1193.05,Yes,7,2,4.47,Ariana
Male,0,No,No,1,Yes,No,No,No internet service,No internet service,No internet service,No internet service,No internet service,Month-to-month,Yes,Mailed check,20.1,20.1,Yes,10,3,34.97,Sfax
Male,0,No,No,5,Yes,No,Fiber optic,No,No,No,Yes,No,Month-to-month,Yes,Mailed check,80.1,398.55,No,3,30,148.72,Kef
Male,0,Yes,Yes,29,Yes,Yes,DSL,Yes,No,No,Yes,No,One year,No,Bank transfer (automatic),69.05,1958.45,No,3,19,110.7,Tunis
Male,0,Yes,Yes,1,Yes,No,Fiber optic,No,No,No,No,No,Month-to-month,Yes,Mailed check,69.9,69.9,Yes,9,1,14.74,Sousse
Female,0,No,No,3,Yes,No,No,No internet service,No internet service,No internet service,No internet service,No internet service,Month-to-month,No,Mailed check,20.4,63.15,No,3,15,56.25,Nabeul
Male,0,Yes,Yes,71,Yes,No,No,No internet service,No internet service,No internet service,No internet service,No internet service,Two year,No,Credit card (automatic),19.7,1301.1,No,2,18,138.18,Jendouba
Male,0,No,Yes,9,Yes,No,DSL,No,Yes,No,No,No,Month-to-month,Yes,Electronic check,50.1,484.05,No,0,16,35.72,Mahdia
Male,0,No,No,43,Yes,Yes,Fiber optic,No,Yes,No,Yes,Yes,Month-to-month,Yes,Electronic check,101.4,4528.0,Yes,7,0,8.32,Ariana
Female,0,No,No,48,Yes,Yes,DSL,Yes,Yes,Yes,Yes,Yes,One year,Yes,Credit card (automatic),83.45,3887.85,No,3,7,93.49,Kef
Male,0,No,No,26,Yes,Yes,Fiber optic,Yes,Yes,No,No,No,Month-to-month,Yes,Credit card (automatic),86.65,2208.75,No,1,20,60.36,Manouba
Female,0,No,No,9,Yes,No,No,No internet service,No internet service,No internet service,No internet service,No internet service,Month-to-month,No,Bank transfer (automatic),20.15,238.15,No,2,26,46.18,Siliana
Male,0,No,No,1,Yes,No,Fiber optic,No,No,No,No,Yes,Month-to-month,Yes,Electronic check,80.8,80.8,Yes,10,2,4.67,Kairouan
Female,0,Yes,Yes,46,Yes,No,No,No internet service,No internet service,No internet service,No internet service,No internet service,Two year,No,Credit card (automatic),19.4,958.15,No,4,7,40.63,Kairouan
Male,0,No,No,2,Yes,Yes,DSL,No,No,No,No,Yes,Month-to-month,No,Bank transfer (automatic),62.05,118.3,Yes,7,3,32.25,Tunis
Male,1,No,No,1,Yes,Yes,Fiber optic,No,No,No,No,No,Month-to-month,Yes,Electronic check,76.45,76.45,Yes,9,1,5.04,Tunis
Male,0,Yes,Yes,64,No,No phone service,DSL,Yes,No,Yes,Yes,Yes,Two year,Yes,Bank transfer (automatic),60.05,3845.45,No,4,16,93.29,Nabeul
Female,1,No,No,12,Yes,Yes,Fiber optic,No,Yes,No,Yes,No,Month-to-month,Yes,Electronic check,91.3,1094.5,Yes,9,1,21.09,Jendouba
Male,1,Yes,No,6,Yes,No,Fiber optic,No,No,Yes,Yes,Yes,Month-to-month,Yes,Electronic check,95.75,573.75,Yes,8,5,45.7,Monastir
Female,0,Yes,No,59,Yes,No,No,No internet service,No internet service,No internet service,No internet service,No internet service,One year,No,Mailed check,20.35,1267.0,No,3,17,110.55,Kairouan
Female,0,No,No,7,Yes,No,Fiber optic,No,Yes,No,Yes,Yes,One year,Yes,Mailed check,94.05,633.45,No,3,20,107.13,Ben Arous
Female,1,Yes,No,72,Yes,Yes,DSL,Yes,Yes,Yes,Yes,Yes,Two year,Yes,Credit card (automatic),84.1,6129.65,No,1,15,109.64,Sfax
Male,1,No,No,16,Yes,No,Fiber optic,No,No,No,No,Yes,Month-to-month,Yes,Electronic check,78.75,1218.25,No,3,29,106.7,Tunis
Male,0,Yes,No,25,Yes,Yes,DSL,No,No,Yes,No,No,Month-to-month,No,Credit card (automatic),55.55,1405.3,No,4,10,98.99,Sousse
Female,0,Yes,No,34,Yes,Yes,DSL,Yes,Yes,No,No,No,Month-to-month,No,Electronic check,62.65,2274.9,Yes,9,3,36.9,Nabeul
Female,0,No,No,1,Yes,Yes,Fiber optic,No,No,No,No,No,Month-to-month,Yes,Electronic check,74.5,74.5,Yes,9,4,6.76,Tunis
Female,0,Yes,Yes,10,Yes,Yes,Fiber optic,No,Yes,Yes,Yes,Yes,Month-to-month,Yes,Credit card (automatic),102.1,1068.85,Yes,5,5,11.48,Kairouan
Male,0,Yes,No,24,Yes,No,No,No internet service,No internet service,No internet service,No internet service,No internet service,One year,No,Mailed check,20.1,533.9,No,1,14,80.45,Tunis
Female,0,Yes,Yes,10,Yes,Yes,DSL,Yes,Yes,No,Yes,No,One year,No,Electronic check,70.3,676.15,No,0,27,122.15,Kairouan
Male,0,Yes,No,69,Yes,No,DSL,Yes,Yes,No,No,No,One year,Yes,Credit card (automatic),53.65,3804.4,No,2,25,123.03,Bizerte
Male,0,No,No,57,Yes,No,No,No internet service,No internet service,No internet service,No internet service,No internet service,Two year,No,Mailed check,20.75,1118.8,No,4,10,143.95,Monastir
Male,0,Yes,Yes,50,Yes,No,Fiber optic,No,Yes,Yes,Yes,Yes,One year,Yes,Bank transfer (automatic),103.4,5236.4,No,0,9,92.88,Gabès
Male,0,Yes,Yes,28,No,No phone service,DSL,Yes,No,Yes,Yes,No,One year,No,Mailed check,50.8,1386.8,No,4,8,84.71,Sousse
Female,0,No,No,16,Yes,No,DSL,Yes,No,No,No,No,Month-to-month,Yes,Electronic check,50.15,762.25,Yes,7,2,45.89,Sousse
Male,0,No,No,25,Yes,No,DSL,Yes,Yes,No,Yes,Yes,Month-to-month,Yes,Mailed check,79.0,1902.0,No,3,28,19.8,Sfax
Female,1,Yes,No,3,Yes,No,Fiber optic,No,Yes,No,No,No,Month-to-month,Yes,Bank transfer (automatic),74.6,239.05,No,1,11,48.6,Bizerte
Male,0,Yes,No,61,Yes,Yes,Fiber optic,No,No,No,Yes,Yes,One year,Yes,Bank transfer (automatic),96.5,5673.7,No,3,5,63.0,Nabeul
Female,0,No,No,2,Yes,No,No,No internet service,No internet service,No internet service,No internet service,No internet service,Month-to-month,No,Mailed check,20.1,39.8,No,1,8,77.6,Sousse
Male,0,Yes,Yes,51,Yes,No,No,No internet service,No internet service,No internet service,No internet service,No internet service,One year,No,Mailed check,19.4,997.75,No,1,16,91.19,Sidi Bouzid
Female,0,Yes,Yes,71,Yes,No,DSL,Yes,No,Yes,Yes,Yes,Two year,No,Credit card (automatic),77.55,5574.35,No,0,25,126.15,Mahdia
Female,0,Yes,Yes,20,Yes,No,No,No internet service,No internet service,No internet service,No internet service,No internet service,Month-to-month,No,Mailed check,20.05,406.05,No,0,10,104.82,Nabeul
Male,0,Yes,Yes,6,Yes,No,No,No internet service,No internet service,No internet service,No internet service,No internet service,Month-to-month,No,Credit card (automatic),19.85,138.85,No,0,6,131.31,Gabès
Female,0,No,No,6,Yes,No,No,No internet service,No internet service,No internet service,No internet service,No internet service,Month-to-month,No,Mailed check,20.2,123.65,No,4,26,105.63,Kasserine
Female,0,No,No,29,Yes,Yes,DSL,Yes,Yes,No,No,No,Month-to-month,No,Mailed check,67.45,1801.1,No,3,26,66.01,Mahdia
Male,0,No,No,36,Yes,No,No,No internet service,No internet service,No internet service,No internet service,No internet service,Two year,Yes,Credit card (automatic),18.55,689.0,No,3,20,115.0,Sousse
Female,0,No,No,28,No,No phone service,DSL,No,No,Yes,No,No,Month-to-month,Yes,Mailed check,29.75,790.7,No,4,5,50.09,Sfax
Female,0,Yes,No,7,Yes,Yes,Fiber optic,No,No,No,Yes,No,Month-to-month,Yes,Electronic check,86.5,582.5,Yes,9,5,46.66,Sfax
Female,0,No,No,63,Yes,Yes,No,No internet service,No internet service,No internet service,No internet service,No internet service,Two year,No,Mailed check,24.2,1618.2,No,3,14,95.49,Zaghouan
Male,0,Yes,Yes,48,Yes,Yes,No,No internet service,No internet service,No internet service,No internet service,No internet service,Two year,No,Mailed check,23.55,1173.35,No,4,19,88.89,Siliana
Female,0,Yes,No,49,Yes,No,No,No internet service,No internet service,No internet service,No internet service,No internet service,One year,No,Bank transfer (automatic),20.45,900.9,No,3,25,49.46,Gabès
Male,1,No,No,27,Yes,Yes,Fiber optic,No,Yes,No,No,No,Month-to-month,Yes,Electronic check,81.45,2122.05,Yes,7,1,44.78,Mahdia
Male,0,Yes,No,72,Yes,Yes,DSL,Yes,Yes,Yes,Yes,Yes,Two year,No,Credit card (automatic),92.3,6719.9,No,4,24,28.47,Médiénine
Male,0,Yes,No,1,Yes,No,Fiber optic,No,No,No,No,No,Month-to-month,Yes,Electronic check,69.15,69.15,Yes,7,1,14.07,Sidi Bouzid
Female,0,Yes,Yes,72,No,No phone service,DSL,No,Yes,No,Yes,Yes,Two year,No,Credit card (automatic),53.65,3784.0,No,3,20,127.49,Bizerte
Female,0,No,No,47,No,No phone service,DSL,Yes,Yes,No,No,No,One year,No,Credit card (automatic),39.65,1798.65,No,0,26,64.49,Bizerte
Female,0,No,No,1,Yes,No,DSL,No,No,No,Yes,No,Month-to-month,Yes,Electronic check,54.65,54.65,No,1,18,52.84,Tunis
Female,0,No,No,36,Yes,Yes,Fiber optic,No,Yes,Yes,Yes,Yes,One year,Yes,Bank transfer (automatic),104.8,3886.45,No,3,22,64.27,Mahdia
Male,0,Yes,Yes,43,No,No phone service,DSL,No,Yes,No,No,No,Month-to-month,No,Credit card (automatic),29.3,1224.05,No,1,5,13.96,Kef
Female,1,Yes,No,27,Yes,Yes,DSL,No,Yes,Yes,Yes,Yes,Month-to-month,No,Electronic check,83.85,2310.2,No,4,23,116.23,Sfax
Female,0,No,No,9,Yes,No,Fiber optic,No,No,No,No,Yes,Month-to-month,Yes,Electronic check,79.55,723.4,Yes,4,3,12.16,Sousse
Female,0,No,No,38,Yes,Yes,Fiber optic,No,No,Yes,Yes,Yes,Month-to-month,Yes,Electronic check,103.65,3988.5,No,3,13,134.56,Ariana
Female,1,No,No,35,Yes,Yes,Fiber optic,Yes,No,No,Yes,Yes,Month-to-month,Yes,Electronic check,99.05,3554.6,No,4,27,106.48,Sfax
Female,0,Yes,Yes,0,Yes,Yes,DSL,No,Yes,Yes,Yes,No,Two year,No,Mailed check,73.35,1397.475,No,1,7,20.41,Sousse
Female,0,Yes,No,59,Yes,No,Fiber optic,No,Yes,No,Yes,Yes,Two year,Yes,Mailed check,100.05,6034.85,No,0,26,146.97,Sousse
Male,0,No,No,27,Yes,No,No,No internet service,No internet service,No internet service,No internet service,No internet service,Two year,No,Credit card (automatic),20.35,531.6,No,3,21,60.52,Monastir
Female,1,No,No,2,Yes,No,DSL,No,No,No,No,No,Month-to-month,No,Electronic check,43.95,85.1,No,4,9,15.66,Sousse
Male,0,No,No,7,Yes,Yes,No,No internet service,No internet service,No internet service,No internet service,No internet service,Month-to-month,No,Mailed check,23.5,173.0,No,0,16,106.88,Bizerte
Female,0,No,No,36,Yes,Yes,DSL,No,Yes,No,No,Yes,One year,Yes,Mailed check,70.7,2511.95,No,2,8,55.12,Bizerte
Female,0,Yes,Yes,41,Yes,Yes,Fiber optic,Yes,Yes,No,Yes,No,Month-to-month,Yes,Bank transfer (automatic),94.3,3893.6,No,0,21,48.29,Kairouan
Female,0,No,No,13,No,No phone service,DSL,No,Yes,No,No,No,Month-to-month,No,Electronic check,29.15,357.15,No,1,16,34.92,Siliana
Male,0,No,Yes,19,Yes,No,No,No internet service,No internet service,No internet service,No internet service,No internet service,Two year,No,Credit card (automatic),20.85,467.5,No,4,14,102.15,Tunis
Female,0,Yes,No,60,No,No phone service,DSL,Yes,Yes,No,No,No,Two year,No,Bank transfer (automatic),37.7,2288.7,No,3,24,98.45,Sousse
Female,0,No,Yes,48,Yes,No,Fiber optic,No,Yes,Yes,Yes,No,Two year,Yes,Mailed check,95.5,4627.85,Yes,7,0,17.33,Sousse
Male,1,No,No,3,Yes,Yes,Fiber optic,No,No,Yes,Yes,No,Month-to-month,No,Electronic check,91.05,289.1,Yes,10,3,26.49,Médiénine
Male,0,Yes,No,69,Yes,Yes,Fiber optic,No,Yes,No,Yes,No,Two year,Yes,Mailed check,92.45,6460.55,No,2,17,58.73,Ariana
Male,0,No,No,43,No,No phone service,DSL,No,No,Yes,No,Yes,One year,No,Electronic check,44.15,1931.3,No,2,23,91.55,Sfax
Female,0,No,Yes,11,No,No phone service,DSL,Yes,No,No,No,No,One year,Yes,Mailed check,36.05,402.6,No,4,11,36.74,Kebili
Female,0,Yes,No,45,Yes,No,DSL,No,No,Yes,No,No,Month-to-month,Yes,Credit card (automatic),50.25,2221.55,No,0,10,142.04,Jendouba
Male,0,Yes,No,72,Yes,Yes,Fiber optic,No,Yes,Yes,Yes,Yes,Two year,Yes,Credit card (automatic),109.75,7758.9,No,2,14,90.99,Sfax
Female,1,Yes,No,2,Yes,Yes,Fiber optic,No,No,Yes,No,No,Month-to-month,No,Electronic check,79.2,172.85,Yes,7,3,10.71,Monastir
Female,0,Yes,Yes,12,Yes,No,No,No internet service,No internet service,No internet service,No internet service,No internet service,Two year,No,Bank transfer (automatic),20.3,224.5,No,2,16,138.96,Kairouan
Female,0,Yes,Yes,67,Yes,Yes,Fiber optic,No,Yes,Yes,Yes,Yes,One year,Yes,Credit card (automatic),112.35,7388.45,No,1,21,72.68,Tunis
Male,0,Yes,No,37,Yes,Yes,Fiber optic,No,No,Yes,Yes,No,Two year,No,Mailed check,94.3,3460.95,No,4,20,48.64,Ariana
Female,0,No,No,39,No,No phone service,DSL,Yes,Yes,No,No,No,One year,No,Bank transfer (automatic),41.15,1700.9,No,1,6,51.82,Kairouan
Female,0,No,No,41,Yes,Yes,DSL,Yes,No,Yes,No,Yes,Month-to-month,Yes,Bank transfer (automatic),74.65,3090.65,No,4,8,130.11,Kairouan
Female,0,No,No,25,No,No phone service,DSL,No,No,Yes,Yes,Yes,Month-to-month,Yes,Electronic check,48.25,1293.8,No,2,6,46.13,Gabès
Male,0,Yes,Yes,8,Yes,Yes,DSL,Yes,Yes,No,No,Yes,Two year,Yes,Credit card (automatic),76.15,645.8,No,1,17,37.08,Sfax
Female,0,Yes,Yes,71,Yes,Yes,DSL,Yes,Yes,Yes,No,No,Two year,No,Mailed check,71.1,5224.95,No,3,14,93.78,Sousse
Male,0,No,No,5,Yes,Yes,Fiber optic,No,Yes,Yes,No,Yes,Month-to-month,No,Electronic check,96.55,500.1,No,1,22,74.71,Sousse
Female,0,No,No,30,Yes,Yes,DSL,Yes,No,Yes,Yes,Yes,One year,Yes,Credit card (automatic),79.3,2427.1,No,0,13,63.42,Zaghouan
Male,0,No,No,40,Yes,No,Fiber optic,No,Yes,No,No,Yes,One year,Yes,Credit card (automatic),89.6,3488.15,No,1,29,103.87,Sousse
Female,0,No,No,54,Yes,No,No,No internet service,No internet service,No internet service,No internet service,No internet service,Two year,Yes,Mailed check,20.5,1035.7,No,2,28,87.33,Sousse
Male,0,Yes,No,72,Yes,Yes,Fiber optic,No,Yes,Yes,Yes,Yes,Two year,Yes,Bank transfer (automatic),106.3,7565.35,No,4,14,149.44,Sousse
Male,0,Yes,Yes,28,Yes,No,Fiber optic,No,Yes,Yes,Yes,Yes,One year,No,Bank transfer (automatic),100.35,2799.0,No,1,5,137.72,Sfax
Male,0,Yes,Yes,18,Yes,No,Fiber optic,No,No,No,No,Yes,Month-to-month,Yes,Electronic check,85.6,1601.5,No,0,10,116.6,Sfax
Female,0,No,No,2,No,No phone service,DSL,No,No,No,Yes,Yes,Month-to-month,Yes,Electronic check,45.25,85.5,Yes,6,1,36.59,Monastir
Female,0,Yes,Yes,59,Yes,Yes,Fiber optic,No,Yes,Yes,Yes,Yes,One year,Yes,Electronic check,106.15,6256.2,No,3,11,47.66,Béja
Male,0,Yes,Yes,22,Yes,No,DSL,No,No,No,No,No,Month-to-month,Yes,Electronic check,51.1,1232.9,No,4,13,79.95,Sousse
Female,0,No,No,1,Yes,No,No,No internet service,No internet service,No internet service,No internet service,No internet service,Month-to-month,No,Mailed check,19.9,19.9,No,3,7,103.67,Bizerte
Female,1,Yes,No,72,Yes,Yes,No,No internet service,No internet service,No internet service,No internet service,No internet service,Two year,Yes,Credit card (automatic),25.7,1937.4,No,3,9,58.69,Sousse
Female,1,No,No,14,Yes,Yes,Fiber optic,No,No,No,No,No,Month-to-month,Yes,Electronic check,74.3,1096.25,Yes,10,4,46.6,Ariana
Male,0,Yes,No,50,Yes,Yes,Fiber optic,No,No,No,Yes,Yes,One year,No,Electronic check,99.4,5059.75,No,1,30,137.3,Gafsa
Female,0,Yes,Yes,48,Yes,No,DSL,Yes,No,Yes,Yes,No,One year,No,Bank transfer (automatic),69.7,3023.65,No,3,25,126.87,Tunis
Female,0,Yes,Yes,49,Yes,Yes,Fiber optic,No,Yes,No,Yes,Yes,Month-to-month,Yes,Electronic check,98.35,4889.2,No,0,25,123.53,Tunis
Male,0,Yes,Yes,28,Yes,No,Fiber optic,No,No,Yes,Yes,No,Month-to-month,No,Electronic check,85.45,2289.9,No,3,5,140.22,Kasserine
Male,1,No,No,68,Yes,Yes,Fiber optic,No,Yes,Yes,No,Yes,Month-to-month,Yes,Electronic check,95.9,6503.2,No,0,21,77.39,Bizerte
Male,0,No,No,13,Yes,Yes,Fiber optic,No,No,No,Yes,Yes,Month-to-month,No,Electronic check,100.75,1313.25,No,1,7,61.17,Siliana
Female,0,No,No,11,Yes,Yes,Fiber optic,No,No,Yes,Yes,No,Month-to-month,Yes,Electronic check,89.2,990.3,No,0,6,58.15,Kairouan
Female,0,Yes,No,3,Yes,Yes,Fiber optic,No,No,No,No,No,Month-to-month,Yes,Credit card (automatic),74.1,228.0,Yes,4,3,37.39,Kasserine
Male,1,Yes,No,57,Yes,Yes,Fiber optic,No,No,Yes,Yes,Yes,Month-to-month,No,Electronic check,100.6,5746.15,Yes,10,2,44.06,Monastir
Male,0,No,No,3,Yes,Yes,Fiber optic,No,No,No,No,No,Month-to-month,No,Mailed check,75.0,209.1,Yes,8,0,28.31,Kasserine
Male,0,Yes,No,72,Yes,Yes,No,No internet service,No internet service,No internet service,No internet service,No internet service,Two year,No,Credit card (automatic),25.75,1864.2,No,0,11,33.78,Sidi Bouzid
Male,0,Yes,Yes,70,Yes,Yes,DSL,No,Yes,Yes,Yes,Yes,Two year,Yes,Electronic check,84.1,5979.7,No,4,22,63.4,Kef
Female,0,Yes,Yes,49,Yes,Yes,DSL,No,Yes,No,Yes,Yes,Two year,No,Bank transfer (automatic),79.3,3902.45,No,0,30,27.09,Sfax
Female,1,Yes,No,67,Yes,Yes,Fiber optic,Yes,No,Yes,Yes,Yes,One year,Yes,Credit card (automatic),107.05,7142.5,No,0,13,11.72,Zaghouan
Male,0,No,No,46,Yes,No,No,No internet service,No internet service,No internet service,No internet service,No internet service,Two year,No,Bank transfer (automatic),20.05,902.0,No,1,28,104.92,Ariana
Female,1,No,No,64,Yes,No,DSL,Yes,Yes,No,Yes,No,Two year,Yes,Credit card (automatic),70.2,4481.0,Yes,8,3,39.32,Tunis
Female,0,Yes,No,37,Yes,No,No,No internet service,No internet service,No internet service,No internet service,No internet service,Month-to-month,No,Bank transfer (automatic),19.5,805.2,No,4,9,63.41,Sfax
Female,1,No,No,2,Yes,No,Fiber optic,No,No,No,No,No,Month-to-month,No,Electronic check,70.75,154.85,Yes,4,3,6.54,Ben Arous
Female,1,Yes,No,13,No,No phone service,DSL,No,No,No,Yes,Yes,Month-to-month,No,Electronic check,45.3,528.45,No,3,21,75.25,Kairouan
Female,0,Yes,No,72,Yes,Yes,Fiber optic,Yes,Yes,Yes,Yes,Yes,Two year,No,Electronic check,115.15,8349.7,No,2,22,33.15,Gabès
Male,0,Yes,Yes,68,Yes,No,DSL,No,No,Yes,Yes,Yes,Two year,Yes,Bank transfer (automatic),72.95,4953.25,No,4,17,85.24,Tunis
Male,0,Yes,Yes,15,Yes,No,No,No internet service,No internet service,No internet service,No internet service,No internet service,One year,No,Mailed check,19.65,332.65,No,2,16,57.27,Béja
Female,0,No,No,24,Yes,No,No,No internet service,No internet service,No internet service,No internet service,No internet service,Two year,Yes,Bank transfer (automatic),19.55,470.2,No,0,30,42.78,Tunis
Female,0,No,No,24,Yes,Yes,Fiber optic,No,No,No,No,Yes,Month-to-month,Yes,Electronic check,89.55,2259.35,No,4,5,29.96,Zaghouan
Male,0,No,No,27,Yes,No,DSL,Yes,No,No,No,No,Month-to-month,No,Mailed check,50.35,1411.35,No,3,6,134.27,Sfax
Male,0,No,No,12,Yes,No,DSL,No,No,No,No,No,Month-to-month,No,Bank transfer (automatic),50.25,593.75,Yes,8,4,14.38,Ben Arous
Female,0,Yes,Yes,71,Yes,No,DSL,Yes,Yes,Yes,Yes,Yes,Two year,No,Credit card (automatic),87.25,6328.7,No,0,21,75.55,Kebili
Male,0,Yes,Yes,67,Yes,No,No,No internet service,No internet service,No internet service,No internet service,No internet service,Two year,Yes,Mailed check,20.8,1411.9,No,0,15,62.22,Jendouba
Female,0,Yes,No,63,Yes,Yes,Fiber optic,No,Yes,Yes,Yes,Yes,Two year,Yes,Bank transfer (automatic),109.25,6841.4,No,1,21,19.05,Ariana
Male,0,No,No,1,Yes,No,No,No internet service,No internet service,No internet service,No internet service,No internet service,Month-to-month,No,Mailed check,20.35,20.35,No,4,20,126.37,Tunis
Male,0,No,No,4,Yes,No,DSL,No,No,No,No,Yes,Month-to-month,Yes,Electronic check,55.9,238.5,No,3,24,147.63,Mahdia
Female,1,No,No,40,Yes,No,Fiber optic,Yes,Yes,No,No,No,Month-to-month,Yes,Credit card (automatic),79.2,3233.85,Yes,4,3,29.23,Sidi Bouzid
Female,0,No,No,12,Yes,No,Fiber optic,No,No,Yes,Yes,Yes,Month-to-month,Yes,Electronic check,96.0,1062.1,Yes,7,0,47.96,Tunis
Male,0,Yes,Yes,52,Yes,No,DSL,Yes,Yes,Yes,Yes,Yes,Two year,No,Electronic check,79.2,4016.3,No,4,9,45.65,Mahdia
Male,0,No,No,10,Yes,Yes,No,No internet service,No internet service,No internet service,No internet service,No internet service,Month-to-month,Yes,Electronic check,24.0,226.55,No,1,19,21.39,Tunis
Male,0,No,No,68,Yes,Yes,Fiber optic,Yes,Yes,Yes,Yes,No,One year,No,Bank transfer (automatic),101.35,7110.75,No,0,13,73.68,Gabès
Female,0,No,No,54,Yes,Yes,Fiber optic,No,No,No,Yes,Yes,Month-to-month,Yes,Electronic check,100.1,5440.9,Yes,6,2,25.96,Tunis
Female,0,Yes,Yes,4,Yes,No,DSL,No,Yes,No,No,No,Month-to-month,No,Mailed check,56.5,235.1,Yes,6,4,45.25,Gabès
Female,0,Yes,No,52,No,No phone service,DSL,Yes,No,Yes,No,No,One year,No,Mailed check,35.45,1958.95,No,2,22,125.8,Gabès
Female,1,No,No,1,Yes,No,Fiber optic,No,No,Yes,No,Yes,Month-to-month,Yes,Electronic check,85.0,85.0,Yes,9,4,9.14,Tunis
Male,0,Yes,No,70,Yes,Yes,DSL,Yes,Yes,Yes,Yes,No,One year,No,Bank transfer (automatic),79.4,5528.9,No,3,5,101.13,Manouba
Male,0,No,No,43,No,No phone service,DSL,Yes,No,Yes,No,No,One year,Yes,Credit card (automatic),35.2,1463.7,No,3,10,113.65,Béja
Male,0,No,No,52,Yes,No,No,No internet service,No internet service,No internet service,No internet service,No internet service,Two year,No,Mailed check,19.65,1025.05,No,0,29,129.25,Kasserine
Female,0,No,No,12,No,No phone service,DSL,Yes,No,Yes,No,Yes,Two year,No,Mailed check,49.85,552.1,No,2,22,26.65,Ariana
Female,0,Yes,Yes,56,Yes,Yes,DSL,Yes,Yes,No,No,Yes,One year,No,Bank transfer (automatic),68.75,3815.4,No,3,27,82.63,Sousse
Male,0,No,Yes,0,Yes,Yes,DSL,Yes,Yes,No,No,No,Two year,Yes,Bank transfer (automatic),61.9,1397.475,No,4,10,68.71,Sidi Bouzid
Male,0,No,No,42,Yes,Yes,Fiber optic,No,No,Yes,No,No,Month-to-month,No,Electronic check,79.9,3313.4,No,1,9,27.79,Sfax
Male,1,Yes,No,22,Yes,No,Fiber optic,No,No,No,Yes,Yes,Month-to-month,Yes,Bank transfer (automatic),89.75,1938.9,No,4,8,130.67,Sfax
Male,0,Yes,Yes,51,No,No phone service,DSL,Yes,Yes,Yes,Yes,Yes,One year,No,Electronic check,59.3,3014.65,Yes,5,4,42.62,Kebili
Male,0,No,No,27,Yes,No,No,No internet service,No internet service,No internet service,No internet service,No internet service,Month-to-month,Yes,Credit card (automatic),19.4,460.25,No,3,21,23.94,Sfax
Male,1,Yes,No,51,Yes,Yes,Fiber optic,Yes,No,Yes,No,Yes,One year,Yes,Bank transfer (automatic),93.65,4839.15,No,1,17,87.2,Tunis
Male,0,No,Yes,4,Yes,No,DSL,Yes,No,No,No,No,Month-to-month,Yes,Electronic check,49.4,184.4,Yes,4,2,2.08,Zaghouan
Male,0,No,No,1,Yes,No,No,No internet service,No internet service,No internet service,No internet service,No internet service,Month-to-month,Yes,Mailed check,19.9,19.9,No,3,9,31.92,Sfax
Male,0,No,No,35,Yes,No,DSL,No,No,No,Yes,No,Month-to-month,No,Mailed check,55.0,2010.55,Yes,8,2,5.34,Bizerte
Male,1,Yes,Yes,71,Yes,Yes,DSL,No,Yes,Yes,No,Yes,One year,Yes,Bank transfer (automatic),72.9,5139.65,No,2,16,10.01,Sousse
Female,0,No,No,1,Yes,No,Fiber optic,No,No,No,No,No,Month-to-month,Yes,Electronic check,69.2,69.2,Yes,8,1,40.83,Kasserine
Female,0,Yes,Yes,69,Yes,Yes,No,No internet service,No internet service,No internet service,No internet service,No internet service,Two year,Yes,Bank transfer (automatic),25.6,1673.4,No,3,8,35.06,Siliana
Male,0,Yes,Yes,14,Yes,No,No,No internet service,No internet service,No internet service,No internet service,No internet service,One year,No,Mailed check,19.75,309.35,No,0,14,147.19,Gabès
Male,0,Yes,No,57,Yes,No,DSL,Yes,No,No,No,No,Month-to-month,No,Electronic check,55.7,3171.6,No,2,7,38.39,Sfax
Female,0,Yes,Yes,72,Yes,Yes,Fiber optic,Yes,Yes,Yes,Yes,Yes,Two year,No,Credit card (automatic),117.5,8670.1,No,1,25,82.09,Kasserine
Male,0,No,No,48,Yes,No,No,No internet service,No internet service,No internet service,No internet service,No internet service,Two year,No,Credit card (automatic),19.85,916.0,No,2,23,82.38,Sousse
Female,0,Yes,Yes,4,Yes,No,Fiber optic,No,No,No,Yes,No,Month-to-month,Yes,Mailed check,78.9,299.75,No,3,27,63.92,Médiénine
Male,0,Yes,Yes,31,Yes,No,No,No internet service,No internet service,No internet service,No internet service,No internet service,Month-to-month,Yes,Electronic check,20.65,702.05,No,3,26,147.58,Kasserine
Male,0,No,No,38,Yes,No,DSL,No,No,Yes,No,Yes,One year,Yes,Mailed check,62.3,2354.8,Yes,7,4,6.15,Tunis
Male,1,Yes,No,37,Yes,Yes,Fiber optic,No,No,No,Yes,Yes,Month-to-month,Yes,Electronic check,92.5,3473.4,Yes,7,4,17.16,Bizerte
Female,0,No,No,1,Yes,No,No,No internet service,No internet service,No internet service,No internet service,No internet service,Month-to-month,No,Mailed check,19.65,19.65,No,1,17,37.72,Ariana
Male,1,No,No,57,Yes,Yes,DSL,No,Yes,Yes,Yes,Yes,Two year,Yes,Bank transfer (automatic),79.75,4438.2,No,1,8,43.54,Tunis
Female,1,Yes,No,62,Yes,No,DSL,Yes,No,Yes,Yes,Yes,Two year,Yes,Credit card (automatic),79.95,4819.75,No,4,26,22.6,Béja
Male,0,Yes,No,3,No,No phone service,DSL,No,No,No,No,No,Month-to-month,Yes,Electronic check,29.9,92.25,No,4,29,112.47,Sfax
Female,0,No,Yes,72,Yes,No,No,No internet service,No internet service,No internet service,No internet service,No internet service,Two year,Yes,Mailed check,19.75,1567.0,No,2,12,128.48,Tunis
Male,0,No,Yes,29,No,No phone service,DSL,Yes,Yes,Yes,No,No,Month-to-month,Yes,Mailed check,45.0,1242.45,No,3,15,61.12,Kef
Male,0,Yes,Yes,13,Yes,No,DSL,No,No,No,No,No,Month-to-month,No,Bank transfer (automatic),44.8,559.2,No,0,22,34.02,Gabès
Male,0,No,Yes,3,Yes,No,Fiber optic,No,No,No,No,No,Month-to-month,No,Electronic check,69.65,220.1,Yes,9,4,1.56,Nabeul
Female,0,No,No,11,Yes,No,DSL,No,Yes,No,No,No,Month-to-month,No,Electronic check,51.1,531.15,No,0,14,78.48,Kasserine
Female,0,No,Yes,21,No,No phone service,DSL,Yes,Yes,Yes,Yes,No,Two year,No,Mailed check,53.15,1183.2,No,2,28,32.87,Tunis
Female,0,No,No,19,Yes,Yes,No,No internet service,No internet service,No internet service,No internet service,No internet service,Month-to-month,No,Bank transfer (automatic),24.7,465.85,No,2,30,100.68,Sidi Bouzid
Male,0,No,No,61,Yes,Yes,Fiber optic,Yes,No,Yes,Yes,Yes,Two year,Yes,Credit card (automatic),111.6,6876.05,Yes,10,2,27.25,Tunis
Female,0,No,No,11,Yes,No,DSL,Yes,No,No,No,No,Month-to-month,No,Credit card (automatic),48.55,501.0,Yes,6,4,44.4,Tunis
Male,0,Yes,Yes,35,Yes,Yes,Fiber optic,No,Yes,Yes,Yes,Yes,Month-to-month,Yes,Electronic check,109.95,3782.4,No,2,18,146.89,Médiénine
Male,0,No,Yes,25,Yes,No,No,No internet service,No internet service,No internet service,No internet service,No internet service,Month-to-month,No,Mailed check,20.8,460.2,No,2,5,107.01,Sousse
Female,0,No,No,1,Yes,No,No,No internet service,No internet service,No internet service,No internet service,No internet service,Month-to-month,Yes,Mailed check,20.2,20.2,Yes,9,0,43.21,Tunis
Female,0,No,No,67,Yes,Yes,No,No internet service,No internet service,No internet service,No internet service,No internet service,Two year,Yes,Bank transfer (automatic),25.6,1790.35,No,0,17,116.61,Jendouba
Male,0,No,No,19,No,No phone service,DSL,No,No,Yes,Yes,No,Month-to-month,Yes,Electronic check,39.65,733.35,Yes,8,0,1.4,Sidi Bouzid
Male,0,No,No,56,Yes,Yes,No,No internet service,No internet service,No internet service,No internet service,No internet service,One year,No,Electronic check,24.9,1334.0,Yes,4,0,27.85,Mahdia
Male,0,Yes,Yes,72,Yes,Yes,Fiber optic,Yes,Yes,Yes,Yes,Yes,Two year,Yes,Credit card (automatic),108.4,7767.25,No,3,10,114.21,Gabès
Male,0,No,No,43,Yes,No,No,No internet service,No internet service,No internet service,No internet service,No internet service,Two year,No,Mailed check,19.55,876.15,No,4,19,16.06,Mahdia
Female,0,Yes,Yes,55,Yes,Yes,Fiber optic,Yes,Yes,No,No,No,Month-to-month,Yes,Electronic check,85.1,4600.95,No,1,7,137.43,Tataouine
Male,0,Yes,Yes,2,Yes,Yes,DSL,Yes,No,No,No,No,Month-to-month,No,Mailed check,56.7,113.55,Yes,6,3,29.72,Bizerte
Male,0,No,No,27,Yes,No,Fiber optic,No,No,No,No,No,Month-to-month,Yes,Mailed check,69.05,1793.25,No,3,30,137.8,Monastir
Female,0,No,No,13,Yes,No,Fiber optic,No,No,No,No,No,Month-to-month,Yes,Mailed check,70.15,886.7,No,1,13,115.98,Médiénine
Female,0,No,No,70,Yes,Yes,Fiber optic,Yes,Yes,Yes,Yes,Yes,Two year,Yes,Mailed check,111.15,7737.55,No,4,19,89.24,Monastir
Female,0,Yes,No,14,Yes,No,Fiber optic,Yes,Yes,No,Yes,Yes,One year,No,Mailed check,105.95,1348.9,Yes,9,5,4.82,Sidi Bouzid
Female,0,Yes,Yes,19,Yes,Yes,Fiber optic,No,No,No,No,Yes,One year,Yes,Bank transfer (automatic),89.35,1686.85,No,4,30,65.49,Mahdia
Female,0,No,No,20,Yes,Yes,Fiber optic,Yes,No,No,Yes,No,Month-to-month,Yes,Bank transfer (automatic),89.1,1879.25,No,3,17,128.91,Ben Arous
Male,0,Yes,Yes,43,Yes,Yes,Fiber optic,Yes,No,Yes,No,No,One year,Yes,Credit card (automatic),91.25,4013.8,No,4,28,10.66,Sfax
Male,0,Yes,Yes,5,Yes,No,Fiber optic,Yes,No,Yes,No,Yes,Month-to-month,Yes,Mailed check,90.35,434.5,No,4,22,69.92,Sidi Bouzid
Female,1,Yes,No,70,Yes,Yes,Fiber optic,No,Yes,No,Yes,Yes,One year,Yes,Bank transfer (automatic),105.55,7195.35,No,3,29,105.05,Kef
Female,0,Yes,No,40,Yes,No,No,No internet service,No internet service,No internet service,No internet service,No internet service,Two year,No,Mailed check,19.1,780.1,No,0,24,121.79,Tunis
Male,0,Yes,Yes,6,Yes,No,No,No internet service,No internet service,No internet service,No internet service,No internet service,Two year,Yes,Credit card (automatic),20.4,107.6,No,1,20,123.41,Sousse
Male,0,No,No,39,Yes,No,Fiber optic,Yes,No,Yes,Yes,Yes,Two year,Yes,Electronic check,100.45,3801.7,No,0,6,76.92,Kasserine
Male,1,Yes,No,4,Yes,Yes,Fiber optic,No,No,No,No,No,Month-to-month,No,Electronic check,74.95,308.7,Yes,8,1,31.27,Sousse
Male,0,No,No,15,No,No phone service,DSL,No,No,No,No,No,Month-to-month,Yes,Electronic check,29.7,438.25,Yes,7,5,37.4,Zaghouan
Male,0,Yes,No,1,No,No phone service,DSL,No,No,Yes,Yes,Yes,Month-to-month,Yes,Electronic check,50.35,50.35,Yes,6,0,31.68,Kairouan
Female,1,No,No,45,Yes,No,Fiber optic,Yes,Yes,No,No,No,Month-to-month,Yes,Bank transfer (automatic),85.7,3778.1,No,2,20,34.21,Kasserine
Female,0,Yes,No,64,No,No phone service,DSL,Yes,No,Yes,No,Yes,Two year,No,Electronic check,47.85,3147.5,Yes,5,1,32.24,Gabès
Female,1,Yes,No,57,Yes,Yes,Fiber optic,No,Yes,Yes,No,Yes,Month-to-month,No,Credit card (automatic),94.0,5438.95,No,3,8,11.42,Tunis
Male,0,Yes,Yes,72,Yes,Yes,DSL,Yes,Yes,Yes,No,No,Two year,No,Bank transfer (automatic),69.85,5102.35,No,3,13,148.17,Sidi Bouzid
Male,0,No,No,1,Yes,No,Fiber optic,No,No,No,No,No,Month-to-month,Yes,Electronic check,70.3,70.3,Yes,10,2,33.43,Tunis
Male,0,Yes,No,72,Yes,Yes,No,No internet service,No internet service,No internet service,No internet service,No internet service,Two year,No,Credit card (automatic),25.85,1872.2,No,4,5,93.81,Tunis
Female,0,No,No,3,Yes,No,DSL,Yes,Yes,No,No,Yes,Two year,No,Mailed check,71.1,213.35,No,1,15,108.38,Sidi Bouzid
Male,1,No,No,55,Yes,Yes,Fiber optic,Yes,No,No,Yes,Yes,Month-to-month,Yes,Electronic check,98.8,5617.75,Yes,5,0,38.15,Tunis
Female,0,Yes,No,59,Yes,Yes,Fiber optic,No,No,Yes,Yes,No,Month-to-month,No,Electronic check,93.35,5386.5,No,4,29,75.41,Ariana
Female,0,No,No,18,Yes,Yes,Fiber optic,No,No,No,Yes,Yes,Month-to-month,Yes,Bank transfer (automatic),99.85,1776.95,Yes,10,1,40.01,Gafsa
Male,1,Yes,No,32,Yes,No,Fiber optic,No,No,No,No,Yes,Month-to-month,Yes,Credit card (automatic),80.3,2483.05,Yes,9,1,49.39,Ariana
Female,0,No,No,4,Yes,No,DSL,Yes,No,No,No,No,Month-to-month,Yes,Bank transfer (automatic),50.55,235.65,No,1,16,52.68,Tunis
Female,1,No,No,66,Yes,Yes,Fiber optic,No,Yes,No,No,No,Month-to-month,Yes,Credit card (automatic),80.45,5224.35,Yes,5,5,26.27,Tunis
Male,0,No,No,27,Yes,Yes,Fiber optic,No,No,Yes,No,No,Month-to-month,Yes,Electronic check,81.3,2272.8,No,2,28,38.48,Gabès
Male,0,No,No,4,Yes,No,No,No internet service,No internet service,No internet service,No internet service,No internet service,Month-to-month,Yes,Credit card (automatic),20.7,83.75,No,2,25,32.18,Médiénine
Male,0,Yes,Yes,60,Yes,No,DSL,Yes,Yes,No,Yes,Yes,Month-to-month,Yes,Credit card (automatic),79.05,4663.4,No,2,25,123.89,Tunis
Female,0,Yes,Yes,8,Yes,No,No,No internet service,No internet service,No internet service,No internet service,No internet service,Two year,No,Mailed check,19.05,201.7,No,2,11,109.26,Kasserine
Male,0,Yes,Yes,8,Yes,No,No,No internet service,No internet service,No internet service,No internet service,No internet service,Two year,No,Credit card (automatic),19.6,125.0,No,2,23,133.73,Mahdia
Male,0,No,No,35,Yes,No,No,No internet service,No internet service,No internet service,No internet service,No internet service,Two year,Yes,Mailed check,20.2,684.4,No,3,30,103.72,Kairouan
Male,0,No,No,7,Yes,Yes,Fiber optic,No,No,No,No,Yes,Month-to-month,Yes,Electronic check,86.8,620.35,Yes,4,0,47.81,Bizerte
Female,0,Yes,Yes,53,Yes,No,No,No internet service,No internet service,No internet service,No internet service,No internet service,Two year,No,Mailed check,20.9,1146.05,No,3,29,110.72,Gabès
Female,1,No,No,18,Yes,Yes,Fiber optic,No,Yes,No,Yes,Yes,Month-to-month,Yes,Credit card (automatic),103.6,1806.35,No,2,8,76.67,Tunis
Female,0,No,No,15,No,No phone service,DSL,No,Yes,No,No,Yes,Two year,Yes,Mailed check,38.8,603.0,No,0,27,114.12,Sfax
Male,0,Yes,No,67,Yes,Yes,Fiber optic,No,Yes,No,Yes,No,One year,Yes,Bank transfer (automatic),88.4,5798.3,No,3,16,21.65,Sfax
Male,1,Yes,No,6,Yes,No,Fiber optic,No,Yes,No,No,Yes,Month-to-month,Yes,Electronic check,84.2,519.15,Yes,8,5,14.82,Bizerte
Male,1,No,No,6,Yes,No,Fiber optic,No,No,No,Yes,No,Month-to-month,Yes,Electronic check,79.7,497.6,No,2,28,127.0,Monastir
Male,0,No,No,13,Yes,Yes,Fiber optic,No,No,No,Yes,Yes,Month-to-month,Yes,Mailed check,99.0,1301.7,Yes,5,2,32.98,Sousse
Female,0,No,No,11,Yes,Yes,Fiber optic,No,No,Yes,Yes,Yes,Month-to-month,Yes,Electronic check,100.75,1129.75,Yes,8,2,22.06,Tunis
Male,0,No,Yes,1,Yes,No,No,No internet service,No internet service,No internet service,No internet service,No internet service,Month-to-month,Yes,Mailed check,19.3,19.3,No,0,24,92.95,Béja
Male,0,No,No,5,Yes,No,DSL,Yes,No,No,No,No,Month-to-month,Yes,Mailed check,55.75,266.95,No,3,8,48.73,Gabès
Male,0,No,No,13,Yes,No,No,No internet service,No internet service,No internet service,No internet service,No internet service,One year,Yes,Mailed check,19.95,257.0,No,3,13,98.87,Monastir
Female,0,Yes,No,9,Yes,Yes,Fiber optic,Yes,Yes,Yes,No,No,Month-to-month,No,Bank transfer (automatic),91.75,865.8,Yes,5,2,39.39,Tunis
Male,0,No,No,29,Yes,No,Fiber optic,No,Yes,No,Yes,No,Month-to-month,No,Mailed check,89.65,2623.65,No,0,10,51.56,Gafsa
Male,1,No,No,1,Yes,No,DSL,No,No,No,No,No,Month-to-month,Yes,Mailed check,45.85,45.85,No,1,25,98.99,Gafsa
Female,0,No,No,1,Yes,Yes,Fiber optic,No,No,Yes,No,No,Month-to-month,Yes,Mailed check,79.55,79.55,Yes,8,4,21.49,Sfax
Female,0,Yes,Yes,18,Yes,No,DSL,No,No,No,Yes,No,Month-to-month,No,Mailed check,55.95,1082.8,No,3,20,91.14,Sidi Bouzid
Female,0,Yes,No,2,Yes,No,DSL,No,No,Yes,Yes,Yes,Month-to-month,No,Credit card (automatic),69.0,147.8,No,4,5,111.53,Tunis
Male,0,Yes,Yes,30,Yes,Yes,Fiber optic,No,Yes,No,No,No,Month-to-month,Yes,Bank transfer (automatic),83.55,2570.2,No,4,24,55.54,Sfax
Male,0,No,Yes,66,Yes,Yes,DSL,Yes,Yes,No,No,No,Two year,No,Bank transfer (automatic),65.7,4378.9,No,3,15,106.82,Sfax
Male,0,Yes,Yes,38,Yes,Yes,Fiber optic,No,No,Yes,Yes,No,Two year,Yes,Bank transfer (automatic),94.9,3616.25,No,2,19,60.57,Sousse
Male,0,Yes,Yes,44,Yes,No,DSL,No,Yes,Yes,No,No,Month-to-month,Yes,Mailed check,61.9,2924.05,No,4,17,110.1,Tunis
Female,0,No,No,54,Yes,Yes,Fiber optic,No,Yes,Yes,Yes,Yes,Month-to-month,No,Electronic check,111.1,6014.85,Yes,10,1,41.09,Sfax
Male,0,No,No,2,Yes,No,No,No internet service,No internet service,No internet service,No internet service,No internet service,Month-to-month,No,Mailed check,20.0,32.7,No,4,6,134.62,Béja
Female,0,No,No,42,Yes,No,DSL,Yes,Yes,No,No,Yes,One year,Yes,Mailed check,67.7,2882.25,No,4,26,79.61,Nabeul
Female,0,Yes,Yes,58,Yes,Yes,No,No internet service,No internet service,No internet service,No internet service,No internet service,Two year,No,Credit card (automatic),25.15,1509.9,No,2,11,36.42,Tunis
Male,0,Yes,Yes,58,Yes,No,Fiber optic,No,Yes,No,Yes,Yes,Month-to-month,Yes,Electronic check,92.85,5305.05,No,0,28,116.82,Tunis
Female,0,Yes,Yes,25,Yes,Yes,Fiber optic,No,No,Yes,No,Yes,Month-to-month,Yes,Electronic check,89.1,2368.4,Yes,4,0,33.81,Siliana
Female,0,No,No,71,Yes,Yes,Fiber optic,Yes,Yes,Yes,Yes,Yes,Two year,No,Mailed check,111.3,7985.9,No,0,25,139.68,Ben Arous
Female,0,No,No,37,Yes,Yes,Fiber optic,No,Yes,Yes,Yes,Yes,Month-to-month,Yes,Bank transfer (automatic),101.9,3545.35,Yes,6,4,26.7,Siliana
Female,0,Yes,Yes,14,Yes,Yes,Fiber optic,No,No,No,Yes,No,Month-to-month,Yes,Electronic check,91.65,1301.0,Yes,4,5,25.92,Manouba
Female,1,No,No,4,Yes,Yes,Fiber optic,No,No,Yes,No,Yes,Month-to-month,Yes,Electronic check,88.85,372.45,Yes,4,0,35.59,Kebili
Female,0,Yes,No,48,Yes,Yes,DSL,Yes,No,No,No,No,One year,Yes,Bank transfer (automatic),60.6,2985.25,No,3,28,118.64,Jendouba
Female,1,No,No,3,No,No phone service,DSL,No,No,No,No,No,Month-to-month,No,Electronic check,25.3,77.75,Yes,7,1,10.45,Monastir
Female,0,Yes,No,8,Yes,No,DSL,Yes,No,No,No,Yes,Two year,No,Mailed check,65.5,564.35,No,4,5,41.38,Ben Arous
Male,0,No,No,1,Yes,Yes,Fiber optic,No,No,No,Yes,Yes,Month-to-month,Yes,Electronic check,95.45,95.45,Yes,8,2,9.66,Kasserine
Male,0,No,No,67,Yes,No,No,No internet service,No internet service,No internet service,No internet service,No internet service,Two year,No,Bank transfer (automatic),19.95,1311.75,No,2,19,136.68,Zaghouan
Male,0,No,No,13,Yes,No,Fiber optic,No,No,No,Yes,Yes,Month-to-month,Yes,Electronic check,91.1,1135.7,Yes,6,4,37.8,Jendouba
Female,0,Yes,Yes,45,Yes,No,DSL,No,Yes,No,No,No,One year,Yes,Credit card (automatic),54.15,2319.8,Yes,10,1,29.52,Sfax
Male,0,No,No,49,Yes,Yes,Fiber optic,No,No,No,No,No,Month-to-month,Yes,Bank transfer (automatic),74.6,3720.35,No,2,28,23.37,Béja
Female,0,Yes,No,52,Yes,Yes,Fiber optic,No,Yes,Yes,Yes,No,Month-to-month,No,Bank transfer (automatic),94.6,5025.8,No,0,9,30.91,Gabès
Female,0,Yes,No,63,Yes,No,Fiber optic,Yes,No,Yes,No,No,One year,Yes,Credit card (automatic),81.15,5224.5,No,4,8,11.68,Bizerte
Female,0,Yes,Yes,68,Yes,Yes,DSL,Yes,Yes,Yes,Yes,Yes,Two year,Yes,Bank transfer (automatic),89.05,6185.8,No,4,10,37.41,Tunis
Female,0,Yes,No,31,Yes,No,DSL,No,No,No,No,No,Month-to-month,Yes,Mailed check,49.2,1498.55,No,2,7,115.34,Gafsa
Female,0,Yes,No,64,Yes,No,No,No internet service,No internet service,No internet service,No internet service,No internet service,Two year,No,Credit card (automatic),19.45,1208.6,No,3,6,93.27,Sousse
Female,0,Yes,No,62,Yes,No,Fiber optic,Yes,No,Yes,Yes,Yes,One year,Yes,Electronic check,104.3,6613.65,No,2,30,92.4,Zaghouan
Female,0,No,No,1,Yes,No,Fiber optic,No,No,No,No,No,Month-to-month,No,Bank transfer (automatic),69.7,69.7,Yes,4,1,26.2,Kasserine
Female,0,No,No,6,Yes,No,Fiber optic,No,No,No,Yes,Yes,Month-to-month,Yes,Electronic check,89.5,573.3,Yes,9,0,22.21,Ariana
Female,0,Yes,No,21,Yes,No,Fiber optic,No,No,No,Yes,No,Month-to-month,Yes,Electronic check,86.05,1818.9,No,4,7,51.99,Mahdia
Female,0,Yes,Yes,72,Yes,Yes,No,No internet service,No internet service,No internet service,No internet service,No internet service,Two year,No,Bank transfer (automatic),25.2,1787.35,No,2,14,79.23,Ben Arous
Female,0,Yes,Yes,32,No,No phone service,DSL,Yes,Yes,No,No,No,Month-to-month,Yes,Electronic check,35.15,1051.05,No,4,12,144.79,Sousse
Female,1,No,No,71,Yes,Yes,Fiber optic,Yes,Yes,No,Yes,No,One year,Yes,Credit card (automatic),99.65,7181.25,No,4,27,98.1,Kasserine
Female,0,No,Yes,34,Yes,No,Fiber optic,Yes,Yes,Yes,Yes,Yes,Month-to-month,Yes,Bank transfer (automatic),105.35,3688.6,No,3,26,10.7,Sousse
Male,0,Yes,No,3,No,No phone service,DSL,No,No,No,No,Yes,Month-to-month,Yes,Electronic check,35.15,99.75,Yes,8,0,3.25,Ariana
Male,0,No,Yes,12,Yes,Yes,Fiber optic,No,No,No,No,No,Month-to-month,Yes,Credit card (automatic),73.75,871.4,Yes,8,1,3.0,Siliana
Female,1,No,No,8,Yes,Yes,Fiber optic,No,No,Yes,Yes,Yes,Month-to-month,No,Electronic check,101.35,780.5,Yes,8,4,38.66,Gabès
Female,0,Yes,Yes,35,Yes,Yes,No,No internet service,No internet service,No internet service,No internet service,No internet service,Two year,No,Bank transfer (automatic),24.3,821.6,No,2,26,66.36,Monastir
Female,0,Yes,Yes,3,Yes,No,Fiber optic,No,No,No,Yes,No,Month-to-month,Yes,Electronic check,80.7,239.45,No,3,9,137.72,Kasserine
Male,0,No,No,3,Yes,No,Fiber optic,No,No,Yes,Yes,No,Month-to-month,Yes,Mailed check,89.85,244.45,No,1,19,96.25,Sfax
Male,0,No,No,53,Yes,No,DSL,No,No,Yes,No,Yes,One year,Yes,Electronic check,61.1,3357.9,No,1,27,76.34,Mahdia
Female,0,Yes,No,4,No,No phone service,DSL,Yes,No,No,No,No,Month-to-month,Yes,Electronic check,29.05,129.6,No,2,9,99.92,Sousse
Female,0,Yes,Yes,48,Yes,No,Fiber optic,Yes,No,Yes,Yes,Yes,One year,Yes,Bank transfer (automatic),99.7,4977.2,No,2,30,33.16,Bizerte
Female,0,Yes,Yes,6,Yes,No,DSL,Yes,Yes,No,No,No,Month-to-month,No,Credit card (automatic),55.9,365.35,Yes,10,4,39.34,Gabès
Male,1,Yes,No,3,Yes,Yes,Fiber optic,No,Yes,Yes,Yes,Yes,Month-to-month,Yes,Electronic check,105.9,334.65,Yes,7,1,6.29,Kairouan
Male,0,Yes,Yes,54,No,No phone service,DSL,No,No,Yes,No,Yes,Two year,No,Credit card (automatic),46.0,2424.05,No,4,25,123.21,Sousse
Female,0,No,No,1,Yes,No,DSL,No,No,No,No,No,Month-to-month,No,Mailed check,43.95,43.95,Yes,4,2,46.97,Sfax
Male,0,No,No,62,Yes,No,DSL,No,Yes,Yes,Yes,Yes,Month-to-month,Yes,Bank transfer (automatic),80.4,4981.15,No,3,17,94.23,Kairouan
Male,0,Yes,Yes,22,Yes,No,Fiber optic,No,Yes,Yes,Yes,Yes,One year,Yes,Mailed check,100.05,2090.25,No,3,21,83.08,Tunis
Male,0,No,No,1,Yes,No,DSL,No,No,No,No,No,Month-to-month,Yes,Bank transfer (automatic),45.1,45.1,Yes,8,4,28.56,Tunis
Male,1,No,No,51,Yes,No,Fiber optic,No,No,Yes,Yes,Yes,One year,Yes,Bank transfer (automatic),94.0,4905.75,No,4,12,23.65,Sousse
Female,0,No,No,30,Yes,Yes,DSL,No,Yes,Yes,Yes,No,One year,Yes,Credit card (automatic),68.95,2038.7,No,3,29,66.81,Kasserine
Female,1,Yes,No,56,Yes,Yes,DSL,Yes,Yes,Yes,No,No,One year,Yes,Credit card (automatic),68.45,4014.0,No,3,5,53.35,Bizerte
Male,0,Yes,No,35,Yes,Yes,DSL,No,Yes,No,Yes,No,One year,Yes,Electronic check,69.0,2441.7,No,4,10,47.43,Tunis
Female,1,No,No,64,No,No phone service,DSL,No,Yes,No,Yes,No,Month-to-month,Yes,Electronic check,43.85,2751.0,No,2,29,96.35,Bizerte
Male,0,No,Yes,30,No,No phone service,DSL,No,No,No,Yes,Yes,Month-to-month,Yes,Electronic check,44.5,1307.8,No,0,24,124.86,Ben Arous
Female,0,Yes,Yes,25,Yes,No,No,No internet service,No internet service,No internet service,No internet service,No internet service,Two year,Yes,Mailed check,18.7,383.65,No,2,11,90.37,Ben Arous
Female,0,No,No,41,Yes,No,Fiber optic,No,No,No,No,No,Month-to-month,No,Bank transfer (automatic),70.25,2868.05,Yes,10,1,39.14,Tunis
Male,0,No,Yes,9,Yes,No,DSL,No,No,No,Yes,No,Month-to-month,No,Electronic check,55.35,449.75,Yes,7,4,16.95,Tunis
Female,0,Yes,No,1,Yes,No,DSL,Yes,Yes,No,No,No,Month-to-month,Yes,Mailed check,53.55,53.55,No,0,21,28.46,Sfax
Male,0,No,Yes,70,Yes,Yes,Fiber optic,Yes,Yes,Yes,Yes,Yes,Two year,Yes,Electronic check,114.6,7882.5,No,1,15,135.97,Zaghouan
Female,0,Yes,Yes,57,Yes,No,No,No internet service,No internet service,No internet service,No internet service,No internet service,Two year,Yes,Bank transfer (automatic),20.1,1087.7,No,1,29,28.76,Tunis
Male,0,No,No,9,Yes,Yes,Fiber optic,No,No,No,Yes,No,Month-to-month,Yes,Electronic check,85.5,791.7,No,2,17,55.35,Médiénine
Female,0,Yes,Yes,69,Yes,Yes,Fiber optic,No,Yes,Yes,Yes,Yes,One year,Yes,Bank transfer (automatic),108.75,7493.05,No,3,15,86.62,Ben Arous
Male,1,Yes,No,43,Yes,Yes,Fiber optic,No,Yes,Yes,Yes,Yes,Month-to-month,Yes,Electronic check,103.0,4414.3,Yes,6,3,13.03,Béja
Female,0,Yes,No,72,Yes,Yes,Fiber optic,No,No,Yes,Yes,Yes,Two year,Yes,Electronic check,97.85,6841.3,No,3,12,28.35,Bizerte
Male,0,No,Yes,44,Yes,No,No,No internet service,No internet service,No internet service,No internet service,No internet service,Two year,No,Bank transfer (automatic),19.55,819.95,No,1,28,90.96,Gafsa
Female,0,Yes,No,72,Yes,Yes,Fiber optic,Yes,Yes,No,No,No,Two year,Yes,Bank transfer (automatic),84.05,6052.25,No,2,6,81.53,Sousse
Female,0,Yes,No,33,Yes,No,Fiber optic,Yes,No,Yes,Yes,Yes,One year,Yes,Electronic check,103.75,3361.05,Yes,9,5,38.33,Sousse
Male,0,No,No,54,Yes,Yes,Fiber optic,No,No,Yes,No,Yes,Month-to-month,No,Credit card (automatic),89.4,4869.5,No,0,11,14.47,Sidi Bouzid
Male,0,No,Yes,27,Yes,No,No,No internet service,No internet service,No internet service,No internet service,No internet service,Two year,No,Credit card (automatic),19.7,509.3,No,1,7,129.69,Médiénine
Male,0,No,No,54,Yes,Yes,Fiber optic,No,Yes,No,No,No,Month-to-month,Yes,Bank transfer (automatic),79.85,4308.25,No,0,12,20.2,Bizerte
Male,0,No,No,3,Yes,No,Fiber optic,No,Yes,No,No,No,Month-to-month,No,Credit card (automatic),74.45,221.1,No,3,29,135.2,Sfax
Female,0,Yes,No,53,Yes,Yes,DSL,Yes,Yes,Yes,No,Yes,One year,No,Bank transfer (automatic),74.1,3833.95,No,2,5,115.9,Nabeul
Male,0,No,No,1,Yes,No,Fiber optic,No,No,No,No,No,Month-to-month,Yes,Electronic check,69.35,69.35,Yes,7,1,13.36,Sidi Bouzid
Male,0,Yes,No,15,Yes,No,No,No internet service,No internet service,No internet service,No internet service,No internet service,One year,No,Mailed check,18.8,294.95,No,4,7,54.06,Sfax
Female,0,No,No,56,Yes,No,Fiber optic,No,Yes,No,No,No,Month-to-month,Yes,Electronic check,73.85,4092.85,Yes,10,2,19.86,Kasserine
Male,0,Yes,Yes,5,Yes,Yes,DSL,Yes,Yes,No,No,No,Month-to-month,No,Credit card (automatic),64.4,316.9,No,1,17,97.71,Gabès
Male,0,Yes,Yes,48,Yes,No,DSL,No,Yes,Yes,No,No,One year,Yes,Credit card (automatic),55.8,2651.2,No,0,13,39.21,Médiénine
Female,0,No,Yes,25,Yes,No,No,No internet service,No internet service,No internet service,No internet service,No internet service,Month-to-month,No,Credit card (automatic),20.05,471.7,No,2,16,46.36,Mahdia
Female,0,Yes,No,3,Yes,Yes,Fiber optic,No,No,No,No,No,Month-to-month,Yes,Credit card (automatic),75.15,216.75,Yes,7,1,33.54,Tunis
Male,0,No,No,58,Yes,No,Fiber optic,Yes,Yes,No,Yes,Yes,One year,No,Bank transfer (automatic),99.15,5720.95,No,2,7,40.29,Kairouan
Male,0,No,No,10,Yes,No,DSL,No,No,No,No,Yes,Month-to-month,Yes,Bank transfer (automatic),56.75,503.25,No,1,15,19.51,Kairouan
Male,0,No,No,1,Yes,No,Fiber optic,No,No,No,No,No,Month-to-month,Yes,Electronic check,69.6,69.6,Yes,8,2,21.34,Gabès
Male,0,Yes,No,71,Yes,Yes,Fiber optic,No,Yes,No,Yes,Yes,Two year,Yes,Credit card (automatic),104.15,7365.3,No,1,24,130.96,Kairouan
Female,0,Yes,Yes,65,Yes,Yes,Fiber optic,No,Yes,Yes,Yes,Yes,Two year,Yes,Credit card (automatic),110.8,7245.9,No,1,12,58.14,Béja
Male,0,Yes,Yes,5,Yes,Yes,Fiber optic,No,Yes,No,No,No,Month-to-month,Yes,Electronic check,80.15,385.0,Yes,5,1,29.97,Kasserine
Female,0,No,No,28,No,No phone service,DSL,No,No,Yes,No,No,Month-to-month,Yes,Mailed check,35.75,961.4,No,0,29,89.67,Mahdia
Female,0,Yes,Yes,67,Yes,Yes,DSL,No,No,Yes,No,Yes,Two year,Yes,Bank transfer (automatic),69.9,4615.9,No,3,5,109.37,Tunis
Male,0,No,No,35,Yes,No,Fiber optic,Yes,No,No,No,Yes,One year,Yes,Electronic check,89.2,3251.3,No,4,6,131.85,Mahdia
Female,0,Yes,Yes,72,No,No phone service,DSL,Yes,Yes,Yes,No,Yes,Two year,No,Credit card (automatic),55.65,3880.05,No,4,11,149.74,Sfax
Female,0,Yes,Yes,61,No,No phone service,DSL,Yes,Yes,No,No,Yes,One year,Yes,Bank transfer (automatic),50.7,3088.75,No,0,23,77.03,Jendouba
Male,1,No,No,68,Yes,No,No,No internet service,No internet service,No internet service,No internet service,No internet service,Two year,Yes,Credit card (automatic),20.0,1396.0,No,3,19,129.06,Sfax
Female,0,Yes,Yes,1,No,No phone service,DSL,Yes,No,No,No,No,Month-to-month,No,Bank transfer (automatic),30.5,30.5,Yes,6,3,40.04,Jendouba
Male,0,No,No,3,Yes,No,No,No internet service,No internet service,No internet service,No internet service,No internet service,Month-to-month,Yes,Mailed check,19.1,53.05,No,2,8,17.18,Sfax
Male,0,Yes,Yes,70,Yes,Yes,Fiber optic,No,Yes,No,Yes,Yes,Two year,No,Bank transfer (automatic),98.3,6859.5,Yes,4,0,11.3,Sousse
Female,0,No,Yes,48,No,No phone service,DSL,No,Yes,Yes,No,Yes,Month-to-month,No,Credit card (automatic),45.55,2108.35,No,2,15,148.83,Monastir
Male,0,Yes,Yes,68,Yes,Yes,Fiber optic,No,Yes,No,Yes,Yes,One year,Yes,Credit card (automatic),101.05,6770.5,No,0,19,71.76,Tunis
Female,0,No,No,47,Yes,No,Fiber optic,Yes,No,Yes,Yes,Yes,One year,Yes,Electronic check,103.7,4730.6,No,2,30,50.33,Médiénine
Male,0,Yes,Yes,32,No,No phone service,DSL,No,No,Yes,No,No,One year,Yes,Mailed check,36.25,1151.05,No,2,27,126.71,Tunis
Female,0,Yes,Yes,5,Yes,No,DSL,Yes,No,No,No,No,Month-to-month,Yes,Mailed check,49.4,232.55,No,2,11,104.43,Béja
Male,0,No,No,49,Yes,No,No,No internet service,No internet service,No internet service,No internet service,No internet service,Two year,Yes,Credit card (automatic),19.9,1022.6,No,0,12,71.54,Kasserine
Female,0,No,No,48,Yes,Yes,Fiber optic,No,Yes,Yes,Yes,Yes,Month-to-month,Yes,Bank transfer (automatic),107.4,5121.3,Yes,10,1,9.92,Monastir
Female,1,No,No,13,Yes,Yes,Fiber optic,No,No,No,No,Yes,Month-to-month,Yes,Electronic check,82.0,1127.2,Yes,8,4,45.88,Zaghouan
Male,0,No,No,15,Yes,No,No,No internet service,No internet service,No internet service,No internet service,No internet service,Month-to-month,Yes,Mailed check,19.8,309.4,No,1,25,79.27,Tunis
Female,0,No,No,12,Yes,No,DSL,No,No,No,No,No,Month-to-month,Yes,Electronic check,45.05,523.1,No,1,23,111.6,Ariana
Male,1,No,No,67,Yes,Yes,DSL,Yes,Yes,No,No,No,Two year,Yes,Bank transfer (automatic),64.55,4250.1,No,2,20,126.68,Kasserine
Male,0,No,No,9,Yes,No,Fiber optic,No,No,No,Yes,No,Month-to-month,No,Electronic check,86.25,770.5,No,3,19,76.33,Kairouan
Female,0,Yes,Yes,13,Yes,No,No,No internet service,No internet service,No internet service,No internet service,No internet service,Two year,Yes,Bank transfer (automatic),19.75,246.7,No,3,6,107.13,Tunis
Female,0,No,No,38,Yes,No,Fiber optic,No,No,No,Yes,Yes,One year,Yes,Mailed check,89.1,3342.0,No,0,17,18.64,Bizerte
Female,1,Yes,No,42,Yes,Yes,Fiber optic,No,Yes,Yes,Yes,No,Month-to-month,Yes,Electronic check,95.55,3930.6,No,4,28,17.25,Monastir
Female,0,Yes,No,24,Yes,Yes,Fiber optic,No,No,No,No,No,Month-to-month,Yes,Credit card (automatic),75.4,1747.85,Yes,5,2,28.64,Sfax
Female,1,Yes,No,27,Yes,No,Fiber optic,Yes,No,Yes,Yes,Yes,Month-to-month,Yes,Electronic check,101.25,2754.45,Yes,9,2,3.54,Sidi Bouzid
Male,0,Yes,Yes,9,Yes,Yes,Fiber optic,No,Yes,Yes,Yes,Yes,Month-to-month,Yes,Credit card (automatic),102.6,897.75,No,3,26,110.72,Bizerte
Female,0,Yes,No,49,No,No phone service,DSL,No,Yes,No,Yes,Yes,One year,Yes,Credit card (automatic),56.3,2780.6,No,2,20,123.4,Mahdia
Female,1,Yes,No,61,Yes,Yes,Fiber optic,Yes,Yes,Yes,No,No,Month-to-month,Yes,Credit card (automatic),94.2,5895.45,No,1,25,133.94,Mahdia
Male,0,No,Yes,50,No,No phone service,DSL,Yes,Yes,No,Yes,No,One year,Yes,Bank transfer (automatic),43.05,2208.05,No,2,11,135.95,Nabeul
Male,1,No,No,25,Yes,Yes,Fiber optic,No,Yes,No,Yes,No,Month-to-month,Yes,Electronic check,89.5,2196.15,Yes,4,2,32.76,Tunis
Female,1,No,No,22,Yes,Yes,Fiber optic,No,No,No,No,No,Month-to-month,Yes,Bank transfer (automatic),74.4,1692.6,Yes,8,0,8.91,Kairouan
Male,0,No,No,1,Yes,No,No,No internet service,No internet service,No internet service,No internet service,No internet service,Month-to-month,No,Mailed check,20.5,20.5,Yes,7,0,12.81,Kebili
Male,0,No,No,4,Yes,Yes,Fiber optic,No,No,No,No,No,Month-to-month,Yes,Electronic check,74.35,265.35,Yes,9,5,17.04,Monastir
Female,1,Yes,No,18,Yes,Yes,Fiber optic,No,No,No,Yes,Yes,Month-to-month,No,Bank transfer (automatic),99.75,1836.25,Yes,4,2,40.37,Gabès
Female,1,No,No,56,Yes,Yes,Fiber optic,No,Yes,Yes,Yes,Yes,One year,Yes,Electronic check,111.95,6418.9,Yes,10,0,24.6,Mahdia
Female,1,Yes,No,53,Yes,No,Fiber optic,No,Yes,Yes,Yes,No,One year,Yes,Electronic check,94.0,4871.45,No,1,26,76.87,Sousse
Female,0,Yes,No,51,Yes,Yes,Fiber optic,No,No,Yes,Yes,Yes,One year,Yes,Electronic check,98.85,4947.55,No,0,15,110.77,Sfax
Female,0,Yes,Yes,24,Yes,Yes,DSL,Yes,Yes,Yes,No,No,Two year,No,Electronic check,64.35,1558.65,No,0,26,11.29,Gabès
Female,0,Yes,No,62,Yes,No,DSL,Yes,Yes,Yes,Yes,No,Two year,Yes,Credit card (automatic),72.0,4284.2,No,3,30,116.23,Mahdia
Male,0,No,No,24,Yes,No,DSL,No,Yes,No,No,No,Month-to-month,Yes,Mailed check,49.7,1218.25,No,3,10,101.42,Tunis
Female,0,Yes,Yes,70,Yes,Yes,DSL,Yes,Yes,Yes,Yes,No,Two year,No,Electronic check,80.7,5617.95,No,2,11,118.63,Zaghouan
Male,0,No,Yes,1,No,No phone service,DSL,No,No,No,No,No,Month-to-month,No,Mailed check,24.2,24.2,No,0,20,97.78,Bizerte
Male,1,No,No,16,No,No phone service,DSL,No,Yes,No,Yes,No,Month-to-month,Yes,Mailed check,39.0,679.85,Yes,6,4,36.23,Zaghouan
Female,0,No,No,8,Yes,No,DSL,No,Yes,No,Yes,No,Month-to-month,Yes,Electronic check,65.45,554.45,No,0,24,107.25,Manouba
Female,0,Yes,Yes,72,Yes,No,DSL,Yes,Yes,Yes,No,Yes,Two year,Yes,Electronic check,74.35,5237.4,No,3,13,84.88,Sousse
Female,0,No,No,23,Yes,No,Fiber optic,No,Yes,Yes,No,No,Month-to-month,No,Bank transfer (automatic),83.2,2032.3,No,4,17,86.49,Sfax
Male,0,No,Yes,31,No,No phone service,DSL,No,No,No,No,No,Month-to-month,No,Credit card (automatic),25.0,789.2,No,2,9,29.15,Sfax
Male,0,Yes,Yes,37,No,No phone service,DSL,Yes,No,Yes,No,No,One year,Yes,Electronic check,40.2,1525.35,No,0,7,53.55,Manouba
Female,0,Yes,No,30,Yes,Yes,Fiber optic,No,Yes,No,Yes,No,Month-to-month,Yes,Credit card (automatic),94.1,2804.45,Yes,5,3,20.0,Médiénine
Female,1,No,No,35,Yes,Yes,Fiber optic,Yes,Yes,Yes,Yes,Yes,One year,Yes,Electronic check,108.35,3726.15,No,1,5,122.37,Nabeul
Female,0,Yes,Yes,23,Yes,Yes,DSL,No,Yes,No,Yes,No,Month-to-month,Yes,Credit card (automatic),69.5,1652.1,No,3,20,83.71,Zaghouan
Female,0,Yes,Yes,20,Yes,Yes,DSL,Yes,No,No,Yes,Yes,One year,No,Bank transfer (automatic),76.0,1588.75,No,1,8,22.82,Sousse
Male,0,Yes,No,36,Yes,No,Fiber optic,Yes,No,No,Yes,Yes,Month-to-month,Yes,Electronic check,93.6,3366.05,No,4,24,52.57,Tunis
Female,0,No,No,8,Yes,Yes,Fiber optic,No,No,No,Yes,Yes,Month-to-month,No,Bank transfer (automatic),95.65,778.1,Yes,9,4,20.03,Médiénine
Male,0,Yes,Yes,71,Yes,Yes,Fiber optic,No,Yes,No,Yes,Yes,One year,No,Bank transfer (automatic),100.55,7113.75,No,1,11,70.15,Ariana
Female,1,Yes,No,50,Yes,Yes,Fiber optic,No,Yes,No,Yes,No,Month-to-month,Yes,Electronic check,88.05,4367.35,Yes,5,0,19.62,Tunis
Female,0,Yes,Yes,43,Yes,Yes,No,No internet service,No internet service,No internet service,No internet service,No internet service,One year,Yes,Bank transfer (automatic),24.45,993.15,No,3,13,52.24,Médiénine
Male,0,No,Yes,57,Yes,Yes,DSL,Yes,Yes,Yes,Yes,Yes,Two year,No,Mailed check,89.55,5012.35,No,1,13,23.83,Kairouan
Female,0,Yes,Yes,41,Yes,No,DSL,No,Yes,No,No,Yes,One year,Yes,Bank transfer (automatic),66.5,2728.6,Yes,6,3,1.0,Ariana
Female,0,Yes,No,27,Yes,No,Fiber optic,No,Yes,No,No,No,Month-to-month,Yes,Electronic check,76.1,2093.4,No,4,22,38.03,Sfax
Female,0,No,No,13,Yes,No,Fiber optic,No,No,No,No,Yes,Month-to-month,Yes,Electronic check,80.5,1011.8,No,3,9,71.5,Sidi Bouzid
Male,0,No,No,3,No,No phone service,DSL,Yes,Yes,No,No,No,Month-to-month,Yes,Mailed check,35.45,106.85,Yes,4,5,22.54,Sousse
Female,0,No,No,67,Yes,No,No,No internet service,No internet service,No internet service,No internet service,No internet service,One year,No,Electronic check,20.55,1343.4,No,2,15,107.46,Béja
Male,0,No,No,3,Yes,No,DSL,No,Yes,No,No,No,Month-to-month,Yes,Mailed check,49.9,130.1,Yes,4,5,32.97,Sfax
Female,0,Yes,No,64,Yes,Yes,Fiber optic,No,Yes,No,Yes,Yes,Two year,Yes,Bank transfer (automatic),105.4,6794.75,No,1,16,37.01,Ben Arous
Male,0,No,No,26,No,No phone service,DSL,No,No,Yes,No,No,Month-to-month,No,Electronic check,35.75,1022.5,No,4,20,71.98,Gabès
Male,0,No,No,38,Yes,Yes,Fiber optic,No,Yes,Yes,No,Yes,Month-to-month,Yes,Credit card (automatic),95.1,3691.2,No,2,7,18.62,Mahdia
Male,0,Yes,No,23,Yes,No,No,No internet service,No internet service,No internet service,No internet service,No internet service,One year,No,Credit card (automatic),19.3,486.2,No,3,11,64.84,Tunis
Male,0,No,No,40,Yes,Yes,Fiber optic,No,Yes,Yes,Yes,Yes,Month-to-month,Yes,Credit card (automatic),104.5,4036.85,Yes,7,3,48.22,Siliana
Male,1,Yes,No,72,No,No phone service,DSL,Yes,Yes,Yes,Yes,Yes,Two year,Yes,Bank transfer (automatic),63.1,4685.55,No,1,12,93.87,Sfax
Female,1,No,No,3,Yes,Yes,Fiber optic,No,No,No,No,No,Month-to-month,Yes,Credit card (automatic),75.05,256.25,Yes,5,3,8.19,Tunis
Male,0,No,No,23,Yes,Yes,Fiber optic,No,No,Yes,No,No,Month-to-month,Yes,Electronic check,81.0,1917.1,Yes,4,4,46.6,Siliana
Female,1,Yes,No,1,Yes,Yes,Fiber optic,No,No,No,No,No,Month-to-month,Yes,Electronic check,74.45,74.45,Yes,10,3,38.15,Jendouba
Female,0,No,No,4,Yes,No,DSL,Yes,Yes,No,No,No,Month-to-month,Yes,Mailed check,60.4,272.15,Yes,10,4,13.43,Tunis
Female,0,Yes,No,62,Yes,Yes,DSL,Yes,Yes,No,Yes,Yes,Two year,Yes,Electronic check,84.95,5150.55,No,4,23,146.65,Ben Arous
Female,0,No,No,40,Yes,Yes,Fiber optic,No,Yes,Yes,Yes,No,Month-to-month,Yes,Bank transfer (automatic),93.4,3756.4,No,2,26,16.16,Sousse
Male,0,No,No,41,Yes,Yes,Fiber optic,No,Yes,No,Yes,No,Month-to-month,Yes,Electronic check,89.2,3645.75,No,1,19,60.21,Monastir
Male,1,Yes,No,34,Yes,No,Fiber optic,No,No,Yes,Yes,No,Month-to-month,Yes,Credit card (automatic),85.2,2874.45,No,4,6,118.3,Tunis
Female,0,No,No,1,Yes,No,DSL,No,Yes,No,No,No,Month-to-month,No,Electronic check,49.95,49.95,No,3,18,40.51,Sousse
Female,0,No,No,51,Yes,No,No,No internet service,No internet service,No internet service,No internet service,No internet service,Two year,No,Bank transfer (automatic),20.65,1020.75,No,4,23,49.38,Ben Arous
Male,0,Yes,Yes,1,Yes,No,Fiber optic,No,No,No,No,No,Month-to-month,Yes,Mailed check,70.65,70.65,Yes,8,3,9.58,Kairouan
Female,0,No,No,39,Yes,No,No,No internet service,No internet service,No internet service,No internet service,No internet service,Two year,No,Mailed check,20.15,826.0,No,1,18,16.65,Kairouan
Male,0,Yes,Yes,12,Yes,No,No,No internet service,No internet service,No internet service,No internet service,No internet service,Month-to-month,Yes,Electronic check,19.2,239.0,No,1,23,61.87,Sfax
Male,0,No,No,12,Yes,No,DSL,No,No,No,Yes,No,One year,Yes,Electronic check,59.8,727.8,Yes,7,4,21.25,Bizerte
Male,0,No,No,72,Yes,Yes,Fiber optic,No,Yes,Yes,Yes,Yes,One year,Yes,Electronic check,104.95,7544.3,No,4,18,43.01,Kairouan
Female,1,Yes,No,63,Yes,Yes,Fiber optic,No,Yes,Yes,Yes,Yes,Month-to-month,Yes,Electronic check,103.5,6479.4,No,4,24,145.75,Tunis
Male,0,Yes,No,44,Yes,Yes,Fiber optic,Yes,No,Yes,No,No,Month-to-month,Yes,Credit card (automatic),84.8,3626.35,No,4,10,65.35,Sousse
Female,0,No,No,18,Yes,Yes,Fiber optic,No,No,Yes,No,Yes,Month-to-month,Yes,Bank transfer (automatic),95.05,1679.4,No,2,12,42.43,Tunis
Female,0,No,No,9,Yes,No,DSL,No,No,No,No,No,Month-to-month,Yes,Bank transfer (automatic),44.2,403.35,Yes,6,5,31.58,Ariana
Male,0,No,No,13,Yes,No,DSL,No,Yes,No,Yes,Yes,Month-to-month,No,Mailed check,73.35,931.55,No,3,25,63.88,Tunis
Female,0,Yes,No,68,Yes,No,DSL,No,Yes,No,Yes,No,Two year,No,Bank transfer (automatic),64.1,4326.25,No,3,10,90.95,Tunis
Female,1,No,No,6,No,No phone service,DSL,No,No,No,Yes,Yes,Month-to-month,Yes,Electronic check,44.4,263.05,No,4,8,10.23,Kef
Female,0,No,No,2,Yes,No,No,No internet service,No internet service,No internet service,No internet service,No internet service,Month-to-month,Yes,Mailed check,20.05,39.25,No,2,5,44.04,Sousse
Male,1,Yes,No,55,Yes,Yes,DSL,Yes,Yes,No,No,No,One year,No,Credit card (automatic),60.0,3316.1,No,2,25,130.25,Bizerte
Male,1,No,No,1,Yes,Yes,Fiber optic,No,No,No,No,No,Month-to-month,Yes,Electronic check,75.75,75.75,Yes,7,2,47.23,Mahdia
Male,0,No,No,38,Yes,No,Fiber optic,No,No,No,No,No,Month-to-month,Yes,Credit card (automatic),69.5,2625.25,No,1,29,48.0,Nabeul
Female,0,No,No,67,Yes,Yes,Fiber optic,Yes,Yes,Yes,Yes,No,Month-to-month,Yes,Credit card (automatic),102.95,6886.25,Yes,7,0,15.55,Tunis
Male,0,No,No,19,Yes,No,Fiber optic,No,No,No,Yes,No,Month-to-month,Yes,Bank transfer (automatic),78.7,1495.1,No,4,23,81.24,Nabeul
Female,0,No,No,12,No,No phone service,DSL,No,Yes,Yes,Yes,Yes,One year,No,Electronic check,60.65,743.3,No,3,13,105.57,Kef
Female,0,No,No,72,Yes,No,No,No internet service,No internet service,No internet service,No internet service,No internet service,Two year,Yes,Bank transfer (automatic),21.15,1419.4,No,3,17,117.59,Gabès
Male,0,Yes,Yes,24,Yes,Yes,DSL,Yes,No,Yes,Yes,Yes,One year,Yes,Mailed check,84.8,1990.5,No,0,13,93.18,Jendouba
Female,0,Yes,Yes,72,Yes,Yes,Fiber optic,No,Yes,Yes,Yes,Yes,One year,Yes,Credit card (automatic),103.2,7362.9,No,4,18,142.22,Tunis
Female,0,Yes,Yes,11,No,No phone service,DSL,Yes,No,No,No,No,Month-to-month,Yes,Electronic check,29.6,346.45,No,1,24,88.78,Kef
Male,1,Yes,No,4,Yes,Yes,Fiber optic,No,No,No,No,No,Month-to-month,Yes,Mailed check,74.4,306.6,Yes,6,2,30.29,Bizerte
Male,0,No,No,66,Yes,No,Fiber optic,Yes,No,Yes,Yes,Yes,Two year,Yes,Bank transfer (automatic),105.65,6844.5,No,2,23,91.76,Béja
